audit_case,tenure_group,payment_variable,source_income,source_payment,source_members,source_residual,residual_income_per_capita,income_matches,payment_matches,residual_matches,members_match,source_income_complete,negative_sign_confirmed
1,Propietarios que pagan su vivienda,P5100,7321725.0,690000000.0,3.0,-682678275.0,-227559425.0,True,True,True,True,True,True
2,Arrendatarios,P5140,6000000.0,600000000.0,1.0,-594000000.0,-594000000.0,True,True,True,True,True,True
3,Arrendatarios,P5140,3500000.0,450000000.0,1.0,-446500000.0,-446500000.0,True,True,True,True,True,True
4,Propietarios que pagan su vivienda,P5100,3400000.0,340000000.0,4.0,-336600000.0,-84150000.0,True,True,True,True,True,True
5,Propietarios que pagan su vivienda,P5100,22000000.0,350000000.0,2.0,-328000000.0,-164000000.0,True,True,True,True,True,True
6,Arrendatarios,P5140,2633333.3333333335,250000000.0,2.0,-247366666.66666666,-123683333.33333333,True,True,True,True,True,True
7,Arrendatarios,P5140,10398000.0,250000000.0,2.0,-239602000.0,-119801000.0,True,True,True,True,True,True
8,Arrendatarios,P5140,2000000.0,180000000.0,2.0,-178000000.0,-89000000.0,True,True,True,True,True,True
9,Arrendatarios,P5140,3000000.0,178000000.0,2.0,-175000000.0,-87500000.0,True,True,True,True,True,True
10,Propietarios que pagan su vivienda,P5100,2900000.0,160000000.0,2.0,-157100000.0,-78550000.0,True,True,True,True,True,True
11,Propietarios que pagan su vivienda,P5100,13000000.0,170000000.0,1.0,-157000000.0,-157000000.0,True,True,True,True,True,True
12,Arrendatarios,P5140,1700000.0,150000000.0,5.0,-148300000.0,-29660000.0,True,True,True,True,True,True
13,Propietarios que pagan su vivienda,P5100,1725000.0,150000000.0,3.0,-148275000.0,-49425000.0,True,True,True,True,True,True
14,Propietarios que pagan su vivienda,P5100,4000000.0,150000000.0,4.0,-146000000.0,-36500000.0,True,True,True,True,True,True
15,Propietarios que pagan su vivienda,P5100,8000000.0,150000000.0,5.0,-142000000.0,-28400000.0,True,True,True,True,True,True
16,Arrendatarios,P5140,1600000.0,120000000.0,2.0,-118400000.0,-59200000.0,True,True,True,True,True,True
17,Arrendatarios,P5140,2323500.0,105000000.0,2.0,-102676500.0,-51338250.0,True,True,True,True,True,True
18,Propietarios que pagan su vivienda,P5100,13460000.0,110000000.0,5.0,-96540000.0,-19308000.0,True,True,True,True,True,True
19,Propietarios que pagan su vivienda,P5100,2423500.0,90000000.0,3.0,-87576500.0,-29192166.666666668,True,True,True,True,True,True
20,Propietarios que pagan su vivienda,P5100,2323000.0,80000000.0,3.0,-77677000.0,-25892333.333333332,True,True,True,True,True,True
21,Arrendatarios,P5140,3900000.0,80000000.0,4.0,-76100000.0,-19025000.0,True,True,True,True,True,True
22,Propietarios que pagan su vivienda,P5100,2840000.0,76000000.0,3.0,-73160000.0,-24386666.666666668,True,True,True,True,True,True
23,Arrendatarios,P5140,3500000.0,60000000.0,3.0,-56500000.0,-18833333.333333332,True,True,True,True,True,True
24,Arrendatarios,P5140,775000.0,50000000.0,5.0,-49225000.0,-9845000.0,True,True,True,True,True,True
25,Propietarios que pagan su vivienda,P5100,20000000.0,60000000.0,2.0,-40000000.0,-20000000.0,True,True,True,True,True,True
26,Propietarios que pagan su vivienda,P5100,2000000.0,33000000.0,1.0,-31000000.0,-31000000.0,True,True,True,True,True,True
27,Arrendatarios,P5140,6000000.0,30000000.0,1.0,-24000000.0,-24000000.0,True,True,True,True,True,True
28,Arrendatarios,P5140,7600000.0,30000000.0,2.0,-22400000.0,-11200000.0,True,True,True,True,True,True
29,Arrendatarios,P5140,240000.0,20000000.0,3.0,-19760000.0,-6586666.666666667,True,True,True,True,True,True
30,Arrendatarios,P5140,13000000.0,32000000.0,4.0,-19000000.0,-4750000.0,True,True,True,True,True,True
31,Arrendatarios,P5140,2000000.0,20000000.0,1.0,-18000000.0,-18000000.0,True,True,True,True,True,True
32,Arrendatarios,P5140,2165000.0,20000000.0,3.0,-17835000.0,-5945000.0,True,True,True,True,True,True
33,Arrendatarios,P5140,2500000.0,20000000.0,1.0,-17500000.0,-17500000.0,True,True,True,True,True,True
34,Propietarios que pagan su vivienda,P5100,4900000.0,22000000.0,3.0,-17100000.0,-5700000.0,True,True,True,True,True,True
35,Arrendatarios,P5140,2507000.0,18000000.0,2.0,-15493000.0,-7746500.0,True,True,True,True,True,True
36,Arrendatarios,P5140,5800000.0,20000000.0,4.0,-14200000.0,-3550000.0,True,True,True,True,True,True
37,Arrendatarios,P5140,4096500.0,18000000.0,2.0,-13903500.0,-6951750.0,True,True,True,True,True,True
38,Arrendatarios,P5140,400000.0,14000000.0,3.0,-13600000.0,-4533333.333333333,True,True,True,True,True,True
39,Propietarios que pagan su vivienda,P5100,8700000.0,22000000.0,1.0,-13300000.0,-13300000.0,True,True,True,True,True,True
40,Arrendatarios,P5140,7000000.0,20000000.0,2.0,-13000000.0,-6500000.0,True,True,True,True,True,True
41,Arrendatarios,P5140,12500000.0,25000000.0,7.0,-12500000.0,-1785714.2857142857,True,True,True,True,True,True
42,Propietarios que pagan su vivienda,P5100,4700000.0,17000000.0,2.0,-12300000.0,-6150000.0,True,True,True,True,True,True
43,Arrendatarios,P5140,291666.6666666667,12000000.0,2.0,-11708333.333333334,-5854166.666666667,True,True,True,True,True,True
44,Arrendatarios,P5140,3500000.0,15000000.0,2.0,-11500000.0,-5750000.0,True,True,True,True,True,True
45,Arrendatarios,P5140,2800000.0,14000000.0,2.0,-11200000.0,-5600000.0,True,True,True,True,True,True
46,Arrendatarios,P5140,3800000.0,15000000.0,6.0,-11200000.0,-1866666.6666666667,True,True,True,True,True,True
47,Arrendatarios,P5140,2000000.0,13000000.0,6.0,-11000000.0,-1833333.3333333333,True,True,True,True,True,True
48,Arrendatarios,P5140,5000000.0,16000000.0,2.0,-11000000.0,-5500000.0,True,True,True,True,True,True
49,Propietarios que pagan su vivienda,P5100,2200000.0,13000000.0,1.0,-10800000.0,-10800000.0,True,True,True,True,True,True
50,Arrendatarios,P5140,2000000.0,12600000.0,1.0,-10600000.0,-10600000.0,True,True,True,True,True,True
51,Arrendatarios,P5140,1400000.0,12000000.0,2.0,-10600000.0,-5300000.0,True,True,True,True,True,True
52,Arrendatarios,P5140,6000000.0,16500000.0,2.0,-10500000.0,-5250000.0,True,True,True,True,True,True
53,Arrendatarios,P5140,7800000.0,18000000.0,3.0,-10200000.0,-3400000.0,True,True,True,True,True,True
54,Propietarios que pagan su vivienda,P5100,4800000.0,15000000.0,1.0,-10200000.0,-10200000.0,True,True,True,True,True,True
55,Arrendatarios,P5140,2900000.0,13000000.0,3.0,-10100000.0,-3366666.6666666665,True,True,True,True,True,True
56,Arrendatarios,P5140,2000000.0,12000000.0,5.0,-10000000.0,-2000000.0,True,True,True,True,True,True
57,Propietarios que pagan su vivienda,P5100,83333.33333333333,10000000.0,2.0,-9916666.666666666,-4958333.333333333,True,True,True,True,True,True
58,Arrendatarios,P5140,4000000.0,13800000.0,2.0,-9800000.0,-4900000.0,True,True,True,True,True,True
59,Arrendatarios,P5140,2200000.0,12000000.0,1.0,-9800000.0,-9800000.0,True,True,True,True,True,True
60,Arrendatarios,P5140,4000000.0,13674000.0,2.0,-9674000.0,-4837000.0,True,True,True,True,True,True
61,Propietarios que pagan su vivienda,P5100,6416666.666666667,16000000.0,3.0,-9583333.333333332,-3194444.444444444,True,True,True,True,True,True
62,Arrendatarios,P5140,4500000.0,14000000.0,5.0,-9500000.0,-1900000.0,True,True,True,True,True,True
63,Arrendatarios,P5140,708333.3333333334,10000000.0,1.0,-9291666.666666666,-9291666.666666666,True,True,True,True,True,True
64,Propietarios que pagan su vivienda,P5100,800000.0,10000000.0,2.0,-9200000.0,-4600000.0,True,True,True,True,True,True
65,Arrendatarios,P5140,833333.3333333334,10000000.0,2.0,-9166666.666666666,-4583333.333333333,True,True,True,True,True,True
66,Propietarios que pagan su vivienda,P5100,5941666.666666667,15000000.0,3.0,-9058333.333333332,-3019444.444444444,True,True,True,True,True,True
67,Arrendatarios,P5140,7400000.0,16000000.0,2.0,-8600000.0,-4300000.0,True,True,True,True,True,True
68,Propietarios que pagan su vivienda,P5100,1500000.0,10000000.0,4.0,-8500000.0,-2125000.0,True,True,True,True,True,True
69,Arrendatarios,P5140,4000000.0,12500000.0,6.0,-8500000.0,-1416666.6666666667,True,True,True,True,True,True
70,Propietarios que pagan su vivienda,P5100,3900000.0,12000000.0,6.0,-8100000.0,-1350000.0,True,True,True,True,True,True
71,Arrendatarios,P5140,4000000.0,12000000.0,2.0,-8000000.0,-4000000.0,True,True,True,True,True,True
72,Arrendatarios,P5140,5000000.0,13000000.0,2.0,-8000000.0,-4000000.0,True,True,True,True,True,True
73,Propietarios que pagan su vivienda,P5100,66666.66666666667,8000000.0,3.0,-7933333.333333333,-2644444.4444444445,True,True,True,True,True,True
74,Arrendatarios,P5140,3100000.0,11000000.0,2.0,-7900000.0,-3950000.0,True,True,True,True,True,True
75,Arrendatarios,P5140,2140000.0,10000000.0,3.0,-7860000.0,-2620000.0,True,True,True,True,True,True
76,Arrendatarios,P5140,6650000.0,14500000.0,6.0,-7850000.0,-1308333.3333333333,True,True,True,True,True,True
77,Arrendatarios,P5140,5340000.0,13000000.0,3.0,-7660000.0,-2553333.3333333335,True,True,True,True,True,True
78,Arrendatarios,P5140,9400000.0,17000000.0,6.0,-7600000.0,-1266666.6666666667,True,True,True,True,True,True
79,Arrendatarios,P5140,3416666.6666666665,11000000.0,3.0,-7583333.333333334,-2527777.777777778,True,True,True,True,True,True
80,Arrendatarios,P5140,4500000.0,12000000.0,1.0,-7500000.0,-7500000.0,True,True,True,True,True,True
81,Arrendatarios,P5140,1600000.0,9000000.0,1.0,-7400000.0,-7400000.0,True,True,True,True,True,True
82,Arrendatarios,P5140,2200000.0,9500000.0,1.0,-7300000.0,-7300000.0,True,True,True,True,True,True
83,Propietarios que pagan su vivienda,P5100,17700000.0,25000000.0,3.0,-7300000.0,-2433333.3333333335,True,True,True,True,True,True
84,Arrendatarios,P5140,800000.0,8000000.0,3.0,-7200000.0,-2400000.0,True,True,True,True,True,True
85,Arrendatarios,P5140,2100000.0,9200000.0,1.0,-7100000.0,-7100000.0,True,True,True,True,True,True
86,Arrendatarios,P5140,3000000.0,10000000.0,2.0,-7000000.0,-3500000.0,True,True,True,True,True,True
87,Arrendatarios,P5140,2135166.6666666665,9000000.0,2.0,-6864833.333333334,-3432416.666666667,True,True,True,True,True,True
88,Propietarios que pagan su vivienda,P5100,11200000.0,18000000.0,3.0,-6800000.0,-2266666.6666666665,True,True,True,True,True,True
89,Arrendatarios,P5140,4240000.0,11000000.0,4.0,-6760000.0,-1690000.0,True,True,True,True,True,True
90,Arrendatarios,P5140,3248000.0,10000000.0,5.0,-6752000.0,-1350400.0,True,True,True,True,True,True
91,Arrendatarios,P5140,3250000.0,10000000.0,3.0,-6750000.0,-2250000.0,True,True,True,True,True,True
92,Propietarios que pagan su vivienda,P5100,3300000.0,10000000.0,5.0,-6700000.0,-1340000.0,True,True,True,True,True,True
93,Arrendatarios,P5140,7400000.0,14000000.0,6.0,-6600000.0,-1100000.0,True,True,True,True,True,True
94,Propietarios que pagan su vivienda,P5100,13400000.0,20000000.0,4.0,-6600000.0,-1650000.0,True,True,True,True,True,True
95,Arrendatarios,P5140,1423500.0,8000000.0,2.0,-6576500.0,-3288250.0,True,True,True,True,True,True
96,Arrendatarios,P5140,4423500.0,11000000.0,4.0,-6576500.0,-1644125.0,True,True,True,True,True,True
97,Arrendatarios,P5140,1423500.0,8000000.0,4.0,-6576500.0,-1644125.0,True,True,True,True,True,True
98,Arrendatarios,P5140,1423500.0,8000000.0,1.0,-6576500.0,-6576500.0,True,True,True,True,True,True
99,Propietarios que pagan su vivienda,P5100,3450000.0,10000000.0,5.0,-6550000.0,-1310000.0,True,True,True,True,True,True
100,Arrendatarios,P5140,4450000.0,11000000.0,3.0,-6550000.0,-2183333.3333333335,True,True,True,True,True,True
101,Propietarios que pagan su vivienda,P5100,703333.3333333334,7200000.0,4.0,-6496666.666666667,-1624166.6666666667,True,True,True,True,True,True
102,Arrendatarios,P5140,600000.0,7000000.0,2.0,-6400000.0,-3200000.0,True,True,True,True,True,True
103,Propietarios que pagan su vivienda,P5100,3600000.0,10000000.0,2.0,-6400000.0,-3200000.0,True,True,True,True,True,True
104,Arrendatarios,P5140,10600000.0,17000000.0,2.0,-6400000.0,-3200000.0,True,True,True,True,True,True
105,Arrendatarios,P5140,1500000.0,7900000.0,2.0,-6400000.0,-3200000.0,True,True,True,True,True,True
106,Arrendatarios,P5140,50000.0,6300000.0,5.0,-6250000.0,-1250000.0,True,True,True,True,True,True
107,Arrendatarios,P5140,3300000.0,9400000.0,1.0,-6100000.0,-6100000.0,True,True,True,True,True,True
108,Arrendatarios,P5140,1423000.0,7500000.0,2.0,-6077000.0,-3038500.0,True,True,True,True,True,True
109,Arrendatarios,P5140,1500000.0,7560000.0,2.0,-6060000.0,-3030000.0,True,True,True,True,True,True
110,Arrendatarios,P5140,1000000.0,7000000.0,1.0,-6000000.0,-6000000.0,True,True,True,True,True,True
111,Arrendatarios,P5140,2000000.0,8000000.0,3.0,-6000000.0,-2000000.0,True,True,True,True,True,True
112,Arrendatarios,P5140,83333.33333333333,6000000.0,2.0,-5916666.666666667,-2958333.3333333335,True,True,True,True,True,True
113,Arrendatarios,P5140,3600000.0,9500000.0,4.0,-5900000.0,-1475000.0,True,True,True,True,True,True
114,Arrendatarios,P5140,3100000.0,9000000.0,2.0,-5900000.0,-2950000.0,True,True,True,True,True,True
115,Arrendatarios,P5140,1700000.0,7500000.0,2.0,-5800000.0,-2900000.0,True,True,True,True,True,True
116,Arrendatarios,P5140,2220000.0,8000000.0,4.0,-5780000.0,-1445000.0,True,True,True,True,True,True
117,Arrendatarios,P5140,3800000.0,9500000.0,3.0,-5700000.0,-1900000.0,True,True,True,True,True,True
118,Arrendatarios,P5140,4356000.0,10000000.0,6.0,-5644000.0,-940666.6666666666,True,True,True,True,True,True
119,Arrendatarios,P5140,466666.6666666666,6000000.0,3.0,-5533333.333333333,-1844444.4444444443,True,True,True,True,True,True
120,Arrendatarios,P5140,11494000.0,17000000.0,5.0,-5506000.0,-1101200.0,True,True,True,True,True,True
121,Arrendatarios,P5140,2000000.0,7500000.0,3.0,-5500000.0,-1833333.3333333333,True,True,True,True,True,True
122,Arrendatarios,P5140,500000.0,6000000.0,1.0,-5500000.0,-5500000.0,True,True,True,True,True,True
123,Arrendatarios,P5140,1100000.0,6500000.0,1.0,-5400000.0,-5400000.0,True,True,True,True,True,True
124,Arrendatarios,P5140,1937000.0,7300000.0,3.0,-5363000.0,-1787666.6666666667,True,True,True,True,True,True
125,Arrendatarios,P5140,4670500.0,10000000.0,5.0,-5329500.0,-1065900.0,True,True,True,True,True,True
126,Arrendatarios,P5140,7700000.0,13000000.0,4.0,-5300000.0,-1325000.0,True,True,True,True,True,True
127,Arrendatarios,P5140,4701166.666666667,10000000.0,3.0,-5298833.333333333,-1766277.7777777778,True,True,True,True,True,True
128,Arrendatarios,P5140,4747000.0,10000000.0,7.0,-5253000.0,-750428.5714285715,True,True,True,True,True,True
129,Arrendatarios,P5140,2756000.0,8000000.0,1.0,-5244000.0,-5244000.0,True,True,True,True,True,True
130,Propietarios que pagan su vivienda,P5100,800000.0,6000000.0,5.0,-5200000.0,-1040000.0,True,True,True,True,True,True
131,Arrendatarios,P5140,2800000.0,8000000.0,2.0,-5200000.0,-2600000.0,True,True,True,True,True,True
132,Arrendatarios,P5140,1423500.0,6500000.0,3.0,-5076500.0,-1692166.6666666667,True,True,True,True,True,True
133,Arrendatarios,P5140,1450000.0,6500000.0,1.0,-5050000.0,-5050000.0,True,True,True,True,True,True
134,Arrendatarios,P5140,5043500.0,10000000.0,4.0,-4956500.0,-1239125.0,True,True,True,True,True,True
135,Propietarios que pagan su vivienda,P5100,3047500.0,8000000.0,4.0,-4952500.0,-1238125.0,True,True,True,True,True,True
136,Arrendatarios,P5140,2100000.0,7000000.0,3.0,-4900000.0,-1633333.3333333333,True,True,True,True,True,True
137,Arrendatarios,P5140,1423500.0,6000000.0,3.0,-4576500.0,-1525500.0,True,True,True,True,True,True
138,Arrendatarios,P5140,1423500.0,6000000.0,1.0,-4576500.0,-4576500.0,True,True,True,True,True,True
139,Arrendatarios,P5140,4500000.0,9000000.0,4.0,-4500000.0,-1125000.0,True,True,True,True,True,True
140,Arrendatarios,P5140,7500000.0,12000000.0,2.0,-4500000.0,-2250000.0,True,True,True,True,True,True
141,Arrendatarios,P5140,2540000.0,7000000.0,4.0,-4460000.0,-1115000.0,True,True,True,True,True,True
142,Arrendatarios,P5140,583333.3333333334,5000000.0,1.0,-4416666.666666667,-4416666.666666667,True,True,True,True,True,True
143,Arrendatarios,P5140,800000.0,5200000.0,1.0,-4400000.0,-4400000.0,True,True,True,True,True,True
144,Arrendatarios,P5140,600000.0,5000000.0,1.0,-4400000.0,-4400000.0,True,True,True,True,True,True
145,Propietarios que pagan su vivienda,P5100,16600000.0,21000000.0,6.0,-4400000.0,-733333.3333333334,True,True,True,True,True,True
146,Propietarios que pagan su vivienda,P5100,4600000.0,9000000.0,2.0,-4400000.0,-2200000.0,True,True,True,True,True,True
147,Propietarios que pagan su vivienda,P5100,7800000.0,12000000.0,3.0,-4200000.0,-1400000.0,True,True,True,True,True,True
148,Arrendatarios,P5140,1600000.0,5800000.0,2.0,-4200000.0,-2100000.0,True,True,True,True,True,True
149,Propietarios que pagan su vivienda,P5100,4800000.0,9000000.0,2.0,-4200000.0,-2100000.0,True,True,True,True,True,True
150,Propietarios que pagan su vivienda,P5100,3000000.0,7190000.0,2.0,-4190000.0,-2095000.0,True,True,True,True,True,True
151,Arrendatarios,P5140,1423000.0,5500000.0,1.0,-4077000.0,-4077000.0,True,True,True,True,True,True
152,Propietarios que pagan su vivienda,P5100,965000.0,5000000.0,3.0,-4035000.0,-1345000.0,True,True,True,True,True,True
153,Arrendatarios,P5140,2000000.0,6000000.0,2.0,-4000000.0,-2000000.0,True,True,True,True,True,True
154,Propietarios que pagan su vivienda,P5100,9000000.0,13000000.0,1.0,-4000000.0,-4000000.0,True,True,True,True,True,True
155,Arrendatarios,P5140,15000000.0,19000000.0,3.0,-4000000.0,-1333333.3333333333,True,True,True,True,True,True
156,Arrendatarios,P5140,1000000.0,5000000.0,1.0,-4000000.0,-4000000.0,True,True,True,True,True,True
157,Arrendatarios,P5140,1000000.0,5000000.0,3.0,-4000000.0,-1333333.3333333333,True,True,True,True,True,True
158,Arrendatarios,P5140,7000000.0,11000000.0,4.0,-4000000.0,-1000000.0,True,True,True,True,True,True
159,Arrendatarios,P5140,1589666.6666666667,5500000.0,2.0,-3910333.333333333,-1955166.6666666665,True,True,True,True,True,True
160,Arrendatarios,P5140,1500000.0,5300000.0,1.0,-3800000.0,-3800000.0,True,True,True,True,True,True
161,Arrendatarios,P5140,5200000.0,9000000.0,2.0,-3800000.0,-1900000.0,True,True,True,True,True,True
162,Arrendatarios,P5140,2200000.0,6000000.0,5.0,-3800000.0,-760000.0,True,True,True,True,True,True
163,Arrendatarios,P5140,1020000.0,4800000.0,6.0,-3780000.0,-630000.0,True,True,True,True,True,True
164,Arrendatarios,P5140,775000.0,4500000.0,2.0,-3725000.0,-1862500.0,True,True,True,True,True,True
165,Arrendatarios,P5140,1800000.0,5500000.0,2.0,-3700000.0,-1850000.0,True,True,True,True,True,True
166,Propietarios que pagan su vivienda,P5100,1400000.0,5000000.0,3.0,-3600000.0,-1200000.0,True,True,True,True,True,True
167,Arrendatarios,P5140,500000.0,4100000.0,2.0,-3600000.0,-1800000.0,True,True,True,True,True,True
168,Arrendatarios,P5140,1400000.0,5000000.0,1.0,-3600000.0,-3600000.0,True,True,True,True,True,True
169,Arrendatarios,P5140,1423500.0,5000000.0,2.0,-3576500.0,-1788250.0,True,True,True,True,True,True
170,Arrendatarios,P5140,4425000.0,8000000.0,2.0,-3575000.0,-1787500.0,True,True,True,True,True,True
171,Arrendatarios,P5140,450000.0,4000000.0,1.0,-3550000.0,-3550000.0,True,True,True,True,True,True
172,Arrendatarios,P5140,6000000.0,9500000.0,4.0,-3500000.0,-875000.0,True,True,True,True,True,True
173,Propietarios que pagan su vivienda,P5100,4500000.0,8000000.0,2.0,-3500000.0,-1750000.0,True,True,True,True,True,True
174,Arrendatarios,P5140,500000.0,4000000.0,1.0,-3500000.0,-3500000.0,True,True,True,True,True,True
175,Arrendatarios,P5140,3800000.0,7250000.0,3.0,-3450000.0,-1150000.0,True,True,True,True,True,True
176,Arrendatarios,P5140,600000.0,4000000.0,1.0,-3400000.0,-3400000.0,True,True,True,True,True,True
177,Propietarios que pagan su vivienda,P5100,3968333.3333333335,7300000.0,5.0,-3331666.6666666665,-666333.3333333333,True,True,True,True,True,True
178,Arrendatarios,P5140,1691666.6666666667,5000000.0,3.0,-3308333.333333333,-1102777.7777777778,True,True,True,True,True,True
179,Arrendatarios,P5140,700000.0,4000000.0,1.0,-3300000.0,-3300000.0,True,True,True,True,True,True
180,Arrendatarios,P5140,500000.0,3800000.0,1.0,-3300000.0,-3300000.0,True,True,True,True,True,True
181,Arrendatarios,P5140,700000.0,4000000.0,2.0,-3300000.0,-1650000.0,True,True,True,True,True,True
182,Arrendatarios,P5140,6043500.0,9300000.0,3.0,-3256500.0,-1085500.0,True,True,True,True,True,True
183,Arrendatarios,P5140,3115000.0,6300000.0,4.0,-3185000.0,-796250.0,True,True,True,True,True,True
184,Arrendatarios,P5140,2400000.0,5500000.0,3.0,-3100000.0,-1033333.3333333334,True,True,True,True,True,True
185,Propietarios que pagan su vivienda,P5100,1423500.0,4500000.0,2.0,-3076500.0,-1538250.0,True,True,True,True,True,True
186,Arrendatarios,P5140,7000000.0,10000000.0,3.0,-3000000.0,-1000000.0,True,True,True,True,True,True
187,Arrendatarios,P5140,4700000.0,7500000.0,6.0,-2800000.0,-466666.6666666667,True,True,True,True,True,True
188,Arrendatarios,P5140,1200000.0,4000000.0,1.0,-2800000.0,-2800000.0,True,True,True,True,True,True
189,Arrendatarios,P5140,1708333.3333333333,4500000.0,1.0,-2791666.666666667,-2791666.666666667,True,True,True,True,True,True
190,Arrendatarios,P5140,7100000.0,9800000.0,2.0,-2700000.0,-1350000.0,True,True,True,True,True,True
191,Arrendatarios,P5140,8300000.0,11000000.0,1.0,-2700000.0,-2700000.0,True,True,True,True,True,True
192,Arrendatarios,P5140,800000.0,3500000.0,5.0,-2700000.0,-540000.0,True,True,True,True,True,True
193,Arrendatarios,P5140,4833333.333333333,7500000.0,4.0,-2666666.666666667,-666666.6666666667,True,True,True,True,True,True
194,Arrendatarios,P5140,850000.0,3500000.0,4.0,-2650000.0,-662500.0,True,True,True,True,True,True
195,Arrendatarios,P5140,991666.6666666667,3600000.0,2.0,-2608333.333333333,-1304166.6666666665,True,True,True,True,True,True
196,Propietarios que pagan su vivienda,P5100,900000.0,3500000.0,1.0,-2600000.0,-2600000.0,True,True,True,True,True,True
197,Arrendatarios,P5140,1400000.0,4000000.0,4.0,-2600000.0,-650000.0,True,True,True,True,True,True
198,Arrendatarios,P5140,1000000.0,3600000.0,5.0,-2600000.0,-520000.0,True,True,True,True,True,True
199,Arrendatarios,P5140,400000.0,3000000.0,2.0,-2600000.0,-1300000.0,True,True,True,True,True,True
200,Arrendatarios,P5140,416666.6666666667,3000000.0,3.0,-2583333.3333333335,-861111.1111111111,True,True,True,True,True,True
201,Arrendatarios,P5140,1423500.0,4000000.0,1.0,-2576500.0,-2576500.0,True,True,True,True,True,True
202,Arrendatarios,P5140,2500000.0,5000000.0,2.0,-2500000.0,-1250000.0,True,True,True,True,True,True
203,Arrendatarios,P5140,500000.0,3000000.0,4.0,-2500000.0,-625000.0,True,True,True,True,True,True
204,Arrendatarios,P5140,1030000.0,3500000.0,3.0,-2470000.0,-823333.3333333334,True,True,True,True,True,True
205,Propietarios que pagan su vivienda,P5100,2074333.3333333335,4500000.0,2.0,-2425666.6666666665,-1212833.3333333333,True,True,True,True,True,True
206,Propietarios que pagan su vivienda,P5100,4100000.0,6500000.0,3.0,-2400000.0,-800000.0,True,True,True,True,True,True
207,Arrendatarios,P5140,1400000.0,3800000.0,2.0,-2400000.0,-1200000.0,True,True,True,True,True,True
208,Arrendatarios,P5140,1648500.0,4000000.0,2.0,-2351500.0,-1175750.0,True,True,True,True,True,True
209,Arrendatarios,P5140,2870833.3333333335,5200000.0,3.0,-2329166.6666666665,-776388.8888888889,True,True,True,True,True,True
210,Arrendatarios,P5140,2780000.0,5101000.0,1.0,-2321000.0,-2321000.0,True,True,True,True,True,True
211,Arrendatarios,P5140,1666.5,2300000.0,2.0,-2298333.5,-1149166.75,True,True,True,True,True,True
212,Arrendatarios,P5140,1423000.0,3700000.0,2.0,-2277000.0,-1138500.0,True,True,True,True,True,True
213,Arrendatarios,P5140,40000.0,2300000.0,2.0,-2260000.0,-1130000.0,True,True,True,True,True,True
214,Arrendatarios,P5140,5760000.0,8000000.0,3.0,-2240000.0,-746666.6666666666,True,True,True,True,True,True
215,Arrendatarios,P5140,2800000.0,5000000.0,1.0,-2200000.0,-2200000.0,True,True,True,True,True,True
216,Propietarios que pagan su vivienda,P5100,2000000.0,4200000.0,4.0,-2200000.0,-550000.0,True,True,True,True,True,True
217,Arrendatarios,P5140,4347000.0,6500000.0,5.0,-2153000.0,-430600.0,True,True,True,True,True,True
218,Arrendatarios,P5140,2900000.0,5000000.0,1.0,-2100000.0,-2100000.0,True,True,True,True,True,True
219,Arrendatarios,P5140,2500000.0,4600000.0,3.0,-2100000.0,-700000.0,True,True,True,True,True,True
220,Arrendatarios,P5140,1400000.0,3500000.0,4.0,-2100000.0,-525000.0,True,True,True,True,True,True
221,Arrendatarios,P5140,700000.0,2800000.0,3.0,-2100000.0,-700000.0,True,True,True,True,True,True
222,Arrendatarios,P5140,1423500.0,3500000.0,1.0,-2076500.0,-2076500.0,True,True,True,True,True,True
223,Arrendatarios,P5140,250000.0,2300000.0,2.0,-2050000.0,-1025000.0,True,True,True,True,True,True
224,Arrendatarios,P5140,966666.6666666667,3000000.0,1.0,-2033333.3333333333,-2033333.3333333333,True,True,True,True,True,True
225,Arrendatarios,P5140,1000000.0,3000000.0,1.0,-2000000.0,-2000000.0,True,True,True,True,True,True
226,Arrendatarios,P5140,1000000.0,3000000.0,1.0,-2000000.0,-2000000.0,True,True,True,True,True,True
227,Arrendatarios,P5140,10000000.0,12000000.0,5.0,-2000000.0,-400000.0,True,True,True,True,True,True
228,Arrendatarios,P5140,500000.0,2500000.0,2.0,-2000000.0,-1000000.0,True,True,True,True,True,True
229,Arrendatarios,P5140,3000000.0,5000000.0,1.0,-2000000.0,-2000000.0,True,True,True,True,True,True
230,Arrendatarios,P5140,200000.0,2200000.0,2.0,-2000000.0,-1000000.0,True,True,True,True,True,True
231,Arrendatarios,P5140,1096666.6666666667,3000000.0,4.0,-1903333.3333333333,-475833.3333333333,True,True,True,True,True,True
232,Arrendatarios,P5140,100000.0,2000000.0,1.0,-1900000.0,-1900000.0,True,True,True,True,True,True
233,Arrendatarios,P5140,416666.6666666667,2300000.0,1.0,-1883333.3333333333,-1883333.3333333333,True,True,True,True,True,True
234,Propietarios que pagan su vivienda,P5100,1050000.0,2900000.0,3.0,-1850000.0,-616666.6666666666,True,True,True,True,True,True
235,Arrendatarios,P5140,200000.0,2000000.0,3.0,-1800000.0,-600000.0,True,True,True,True,True,True
236,Arrendatarios,P5140,1200000.0,3000000.0,1.0,-1800000.0,-1800000.0,True,True,True,True,True,True
237,Propietarios que pagan su vivienda,P5100,700000.0,2500000.0,1.0,-1800000.0,-1800000.0,True,True,True,True,True,True
238,Propietarios que pagan su vivienda,P5100,2000000.0,3800000.0,3.0,-1800000.0,-600000.0,True,True,True,True,True,True
239,Arrendatarios,P5140,666666.6666666666,2450000.0,1.0,-1783333.3333333335,-1783333.3333333335,True,True,True,True,True,True
240,Propietarios que pagan su vivienda,P5100,225000.0,2000000.0,1.0,-1775000.0,-1775000.0,True,True,True,True,True,True
241,Arrendatarios,P5140,11245000.0,13000000.0,3.0,-1755000.0,-585000.0,True,True,True,True,True,True
242,Arrendatarios,P5140,250000.0,2000000.0,3.0,-1750000.0,-583333.3333333334,True,True,True,True,True,True
243,Arrendatarios,P5140,1250000.0,3000000.0,1.0,-1750000.0,-1750000.0,True,True,True,True,True,True
244,Arrendatarios,P5140,1458333.3333333333,3200000.0,1.0,-1741666.6666666667,-1741666.6666666667,True,True,True,True,True,True
245,Arrendatarios,P5140,60000.0,1800000.0,4.0,-1740000.0,-435000.0,True,True,True,True,True,True
246,Arrendatarios,P5140,291666.6666666667,2000000.0,1.0,-1708333.3333333333,-1708333.3333333333,True,True,True,True,True,True
247,Arrendatarios,P5140,1800000.0,3500000.0,2.0,-1700000.0,-850000.0,True,True,True,True,True,True
248,Propietarios que pagan su vivienda,P5100,1500000.0,3200000.0,2.0,-1700000.0,-850000.0,True,True,True,True,True,True
249,Arrendatarios,P5140,2300000.0,4000000.0,3.0,-1700000.0,-566666.6666666666,True,True,True,True,True,True
250,Arrendatarios,P5140,2300000.0,4000000.0,3.0,-1700000.0,-566666.6666666666,True,True,True,True,True,True
251,Propietarios que pagan su vivienda,P5100,1423500.0,3100000.0,2.0,-1676500.0,-838250.0,True,True,True,True,True,True
252,Arrendatarios,P5140,125000.0,1800000.0,2.0,-1675000.0,-837500.0,True,True,True,True,True,True
253,Propietarios que pagan su vivienda,P5100,1380000.0,3000000.0,4.0,-1620000.0,-405000.0,True,True,True,True,True,True
254,Propietarios que pagan su vivienda,P5100,1200000.0,2800000.0,3.0,-1600000.0,-533333.3333333334,True,True,True,True,True,True
255,Propietarios que pagan su vivienda,P5100,400000.0,2000000.0,4.0,-1600000.0,-400000.0,True,True,True,True,True,True
256,Arrendatarios,P5140,416666.6666666667,2000000.0,1.0,-1583333.3333333333,-1583333.3333333333,True,True,True,True,True,True
257,Arrendatarios,P5140,1423000.0,3000000.0,1.0,-1577000.0,-1577000.0,True,True,True,True,True,True
258,Arrendatarios,P5140,333333.3333333333,1900000.0,2.0,-1566666.6666666667,-783333.3333333334,True,True,True,True,True,True
259,Arrendatarios,P5140,250000.0,1800000.0,2.0,-1550000.0,-775000.0,True,True,True,True,True,True
260,Arrendatarios,P5140,2953500.0,4500000.0,2.0,-1546500.0,-773250.0,True,True,True,True,True,True
261,Propietarios que pagan su vivienda,P5100,266666.6666666667,1800000.0,2.0,-1533333.3333333333,-766666.6666666666,True,True,True,True,True,True
262,Arrendatarios,P5140,1966666.6666666667,3500000.0,3.0,-1533333.3333333333,-511111.11111111107,True,True,True,True,True,True
263,Arrendatarios,P5140,81666.66666666666,1600000.0,5.0,-1518333.3333333333,-303666.6666666666,True,True,True,True,True,True
264,Arrendatarios,P5140,500000.0,2015000.0,1.0,-1515000.0,-1515000.0,True,True,True,True,True,True
265,Arrendatarios,P5140,791666.6666666666,2300000.0,2.0,-1508333.3333333335,-754166.6666666667,True,True,True,True,True,True
266,Propietarios que pagan su vivienda,P5100,6000000.0,7500000.0,3.0,-1500000.0,-500000.0,True,True,True,True,True,True
267,Arrendatarios,P5140,1900000.0,3400000.0,1.0,-1500000.0,-1500000.0,True,True,True,True,True,True
268,Arrendatarios,P5140,2000000.0,3500000.0,5.0,-1500000.0,-300000.0,True,True,True,True,True,True
269,Propietarios que pagan su vivienda,P5100,3500000.0,5000000.0,4.0,-1500000.0,-375000.0,True,True,True,True,True,True
270,Propietarios que pagan su vivienda,P5100,1500000.0,3000000.0,2.0,-1500000.0,-750000.0,True,True,True,True,True,True
271,Propietarios que pagan su vivienda,P5100,3200000.0,4700000.0,2.0,-1500000.0,-750000.0,True,True,True,True,True,True
272,Propietarios que pagan su vivienda,P5100,2300000.0,3800000.0,4.0,-1500000.0,-375000.0,True,True,True,True,True,True
273,Arrendatarios,P5140,1300000.0,2800000.0,1.0,-1500000.0,-1500000.0,True,True,True,True,True,True
274,Propietarios que pagan su vivienda,P5100,4000000.0,5500000.0,2.0,-1500000.0,-750000.0,True,True,True,True,True,True
275,Arrendatarios,P5140,400000.0,1900000.0,2.0,-1500000.0,-750000.0,True,True,True,True,True,True
276,Arrendatarios,P5140,1000000.0,2500000.0,3.0,-1500000.0,-500000.0,True,True,True,True,True,True
277,Propietarios que pagan su vivienda,P5100,1000000.0,2500000.0,2.0,-1500000.0,-750000.0,True,True,True,True,True,True
278,Propietarios que pagan su vivienda,P5100,1500000.0,3000000.0,1.0,-1500000.0,-1500000.0,True,True,True,True,True,True
279,Arrendatarios,P5140,250000.0,1700000.0,2.0,-1450000.0,-725000.0,True,True,True,True,True,True
280,Arrendatarios,P5140,2850000.0,4300000.0,3.0,-1450000.0,-483333.3333333333,True,True,True,True,True,True
281,Arrendatarios,P5140,250000.0,1700000.0,2.0,-1450000.0,-725000.0,True,True,True,True,True,True
282,Arrendatarios,P5140,555000.0,2000000.0,3.0,-1445000.0,-481666.6666666667,True,True,True,True,True,True
283,Propietarios que pagan su vivienda,P5100,200000.0,1636000.0,1.0,-1436000.0,-1436000.0,True,True,True,True,True,True
284,Propietarios que pagan su vivienda,P5100,1300000.0,2734000.0,4.0,-1434000.0,-358500.0,True,True,True,True,True,True
285,Arrendatarios,P5140,166666.66666666666,1600000.0,3.0,-1433333.3333333333,-477777.77777777775,True,True,True,True,True,True
286,Arrendatarios,P5140,291666.6666666667,1700000.0,1.0,-1408333.3333333333,-1408333.3333333333,True,True,True,True,True,True
287,Propietarios que pagan su vivienda,P5100,1300000.0,2700000.0,4.0,-1400000.0,-350000.0,True,True,True,True,True,True
288,Arrendatarios,P5140,500000.0,1900000.0,1.0,-1400000.0,-1400000.0,True,True,True,True,True,True
289,Arrendatarios,P5140,500000.0,1900000.0,1.0,-1400000.0,-1400000.0,True,True,True,True,True,True
290,Arrendatarios,P5140,100000.0,1500000.0,3.0,-1400000.0,-466666.6666666667,True,True,True,True,True,True
291,Arrendatarios,P5140,1100000.0,2500000.0,4.0,-1400000.0,-350000.0,True,True,True,True,True,True
292,Arrendatarios,P5140,1600000.0,3000000.0,1.0,-1400000.0,-1400000.0,True,True,True,True,True,True
293,Propietarios que pagan su vivienda,P5100,2800000.0,4200000.0,2.0,-1400000.0,-700000.0,True,True,True,True,True,True
294,Arrendatarios,P5140,416666.6666666667,1800000.0,1.0,-1383333.3333333333,-1383333.3333333333,True,True,True,True,True,True
295,Arrendatarios,P5140,2000000.0,3350000.0,1.0,-1350000.0,-1350000.0,True,True,True,True,True,True
296,Arrendatarios,P5140,1250000.0,2600000.0,2.0,-1350000.0,-675000.0,True,True,True,True,True,True
297,Propietarios que pagan su vivienda,P5100,250000.0,1590000.0,1.0,-1340000.0,-1340000.0,True,True,True,True,True,True
298,Arrendatarios,P5140,666666.6666666667,2000000.0,1.0,-1333333.3333333333,-1333333.3333333333,True,True,True,True,True,True
299,Arrendatarios,P5140,166666.66666666666,1500000.0,1.0,-1333333.3333333333,-1333333.3333333333,True,True,True,True,True,True
300,Arrendatarios,P5140,175000.0,1500000.0,4.0,-1325000.0,-331250.0,True,True,True,True,True,True
301,Arrendatarios,P5140,1680000.0,3000000.0,2.0,-1320000.0,-660000.0,True,True,True,True,True,True
302,Arrendatarios,P5140,200000.0,1500000.0,2.0,-1300000.0,-650000.0,True,True,True,True,True,True
303,Propietarios que pagan su vivienda,P5100,1700000.0,3000000.0,1.0,-1300000.0,-1300000.0,True,True,True,True,True,True
304,Propietarios que pagan su vivienda,P5100,1500000.0,2800000.0,1.0,-1300000.0,-1300000.0,True,True,True,True,True,True
305,Propietarios que pagan su vivienda,P5100,700000.0,2000000.0,4.0,-1300000.0,-325000.0,True,True,True,True,True,True
306,Arrendatarios,P5140,300000.0,1600000.0,2.0,-1300000.0,-650000.0,True,True,True,True,True,True
307,Arrendatarios,P5140,500000.0,1800000.0,2.0,-1300000.0,-650000.0,True,True,True,True,True,True
308,Arrendatarios,P5140,208333.33333333334,1500000.0,3.0,-1291666.6666666667,-430555.55555555556,True,True,True,True,True,True
309,Arrendatarios,P5140,208333.33333333334,1500000.0,1.0,-1291666.6666666667,-1291666.6666666667,True,True,True,True,True,True
310,Arrendatarios,P5140,1423000.0,2700000.0,2.0,-1277000.0,-638500.0,True,True,True,True,True,True
311,Propietarios que pagan su vivienda,P5100,1423500.0,2700000.0,3.0,-1276500.0,-425500.0,True,True,True,True,True,True
312,Arrendatarios,P5140,125000.0,1400000.0,4.0,-1275000.0,-318750.0,True,True,True,True,True,True
313,Arrendatarios,P5140,125000.0,1400000.0,3.0,-1275000.0,-425000.0,True,True,True,True,True,True
314,Arrendatarios,P5140,233333.33333333334,1500000.0,1.0,-1266666.6666666667,-1266666.6666666667,True,True,True,True,True,True
315,Arrendatarios,P5140,550000.0,1800000.0,2.0,-1250000.0,-625000.0,True,True,True,True,True,True
316,Arrendatarios,P5140,750000.0,2000000.0,2.0,-1250000.0,-625000.0,True,True,True,True,True,True
317,Arrendatarios,P5140,550000.0,1800000.0,2.0,-1250000.0,-625000.0,True,True,True,True,True,True
318,Propietarios que pagan su vivienda,P5100,1260000.0,2500000.0,2.0,-1240000.0,-620000.0,True,True,True,True,True,True
319,Arrendatarios,P5140,183333.3333333333,1420000.0,2.0,-1236666.6666666667,-618333.3333333334,True,True,True,True,True,True
320,Arrendatarios,P5140,766666.6666666666,2000000.0,1.0,-1233333.3333333335,-1233333.3333333335,True,True,True,True,True,True
321,Arrendatarios,P5140,166666.66666666666,1400000.0,1.0,-1233333.3333333333,-1233333.3333333333,True,True,True,True,True,True
322,Arrendatarios,P5140,121666.66666666666,1350000.0,1.0,-1228333.3333333333,-1228333.3333333333,True,True,True,True,True,True
323,Propietarios que pagan su vivienda,P5100,81666.66666666667,1300000.0,2.0,-1218333.3333333333,-609166.6666666666,True,True,True,True,True,True
324,Arrendatarios,P5140,83333.33333333333,1300000.0,1.0,-1216666.6666666667,-1216666.6666666667,True,True,True,True,True,True
325,Arrendatarios,P5140,583333.3333333334,1800000.0,1.0,-1216666.6666666665,-1216666.6666666665,True,True,True,True,True,True
326,Arrendatarios,P5140,291666.6666666667,1500000.0,1.0,-1208333.3333333333,-1208333.3333333333,True,True,True,True,True,True
327,Arrendatarios,P5140,291666.6666666667,1500000.0,1.0,-1208333.3333333333,-1208333.3333333333,True,True,True,True,True,True
328,Arrendatarios,P5140,1000000.0,2200000.0,4.0,-1200000.0,-300000.0,True,True,True,True,True,True
329,Propietarios que pagan su vivienda,P5100,600000.0,1800000.0,3.0,-1200000.0,-400000.0,True,True,True,True,True,True
330,Propietarios que pagan su vivienda,P5100,1800000.0,3000000.0,1.0,-1200000.0,-1200000.0,True,True,True,True,True,True
331,Arrendatarios,P5140,300000.0,1500000.0,2.0,-1200000.0,-600000.0,True,True,True,True,True,True
332,Arrendatarios,P5140,400000.0,1600000.0,1.0,-1200000.0,-1200000.0,True,True,True,True,True,True
333,Arrendatarios,P5140,800000.0,2000000.0,3.0,-1200000.0,-400000.0,True,True,True,True,True,True
334,Arrendatarios,P5140,500000.0,1700000.0,1.0,-1200000.0,-1200000.0,True,True,True,True,True,True
335,Arrendatarios,P5140,300000.0,1500000.0,3.0,-1200000.0,-400000.0,True,True,True,True,True,True
336,Arrendatarios,P5140,2800000.0,4000000.0,3.0,-1200000.0,-400000.0,True,True,True,True,True,True
337,Arrendatarios,P5140,800000.0,2000000.0,4.0,-1200000.0,-300000.0,True,True,True,True,True,True
338,Arrendatarios,P5140,208333.33333333334,1400000.0,1.0,-1191666.6666666667,-1191666.6666666667,True,True,True,True,True,True
339,Arrendatarios,P5140,666666.6666666666,1850000.0,3.0,-1183333.3333333335,-394444.4444444445,True,True,True,True,True,True
340,Arrendatarios,P5140,166666.66666666666,1350000.0,1.0,-1183333.3333333333,-1183333.3333333333,True,True,True,True,True,True
341,Arrendatarios,P5140,1333333.3333333333,2500000.0,2.0,-1166666.6666666667,-583333.3333333334,True,True,True,True,True,True
342,Arrendatarios,P5140,33333.333333333336,1200000.0,2.0,-1166666.6666666667,-583333.3333333334,True,True,True,True,True,True
343,Arrendatarios,P5140,833333.3333333334,2000000.0,1.0,-1166666.6666666665,-1166666.6666666665,True,True,True,True,True,True
344,Arrendatarios,P5140,250000.0,1400000.0,1.0,-1150000.0,-1150000.0,True,True,True,True,True,True
345,Arrendatarios,P5140,750000.0,1900000.0,1.0,-1150000.0,-1150000.0,True,True,True,True,True,True
346,Arrendatarios,P5140,1266666.6666666665,2400000.0,1.0,-1133333.3333333335,-1133333.3333333335,True,True,True,True,True,True
347,Arrendatarios,P5140,1133333.3333333333,2250000.0,3.0,-1116666.6666666667,-372222.22222222225,True,True,True,True,True,True
348,Arrendatarios,P5140,91666.66666666666,1200000.0,3.0,-1108333.3333333333,-369444.44444444444,True,True,True,True,True,True
349,Arrendatarios,P5140,200000.0,1300000.0,2.0,-1100000.0,-550000.0,True,True,True,True,True,True
350,Arrendatarios,P5140,250000.0,1350000.0,1.0,-1100000.0,-1100000.0,True,True,True,True,True,True
351,Arrendatarios,P5140,500000.0,1600000.0,1.0,-1100000.0,-1100000.0,True,True,True,True,True,True
352,Propietarios que pagan su vivienda,P5100,400000.0,1500000.0,4.0,-1100000.0,-275000.0,True,True,True,True,True,True
353,Arrendatarios,P5140,200000.0,1300000.0,2.0,-1100000.0,-550000.0,True,True,True,True,True,True
354,Arrendatarios,P5140,400000.0,1500000.0,4.0,-1100000.0,-275000.0,True,True,True,True,True,True
355,Arrendatarios,P5140,400000.0,1500000.0,1.0,-1100000.0,-1100000.0,True,True,True,True,True,True
356,Arrendatarios,P5140,500000.0,1600000.0,1.0,-1100000.0,-1100000.0,True,True,True,True,True,True
357,Arrendatarios,P5140,2400000.0,3500000.0,3.0,-1100000.0,-366666.6666666667,True,True,True,True,True,True
358,Arrendatarios,P5140,1200000.0,2300000.0,2.0,-1100000.0,-550000.0,True,True,True,True,True,True
359,Arrendatarios,P5140,300000.0,1400000.0,3.0,-1100000.0,-366666.6666666667,True,True,True,True,True,True
360,Arrendatarios,P5140,108333.33333333334,1200000.0,2.0,-1091666.6666666667,-545833.3333333334,True,True,True,True,True,True
361,Arrendatarios,P5140,2912666.6666666665,4000000.0,4.0,-1087333.3333333335,-271833.3333333334,True,True,True,True,True,True
362,Arrendatarios,P5140,416666.6666666667,1500000.0,2.0,-1083333.3333333333,-541666.6666666666,True,True,True,True,True,True
363,Arrendatarios,P5140,3423500.0,4500000.0,2.0,-1076500.0,-538250.0,True,True,True,True,True,True
364,Arrendatarios,P5140,125000.0,1200000.0,3.0,-1075000.0,-358333.3333333333,True,True,True,True,True,True
365,Arrendatarios,P5140,125000.0,1200000.0,1.0,-1075000.0,-1075000.0,True,True,True,True,True,True
366,Arrendatarios,P5140,31666.666666666668,1100000.0,3.0,-1068333.3333333333,-356111.11111111107,True,True,True,True,True,True
367,Propietarios que pagan su vivienda,P5100,83333.33333333333,1150000.0,3.0,-1066666.6666666667,-355555.55555555556,True,True,True,True,True,True
368,Arrendatarios,P5140,300000.0,1350000.0,3.0,-1050000.0,-350000.0,True,True,True,True,True,True
369,Arrendatarios,P5140,50000.0,1100000.0,3.0,-1050000.0,-350000.0,True,True,True,True,True,True
370,Arrendatarios,P5140,150000.0,1200000.0,2.0,-1050000.0,-525000.0,True,True,True,True,True,True
371,Arrendatarios,P5140,166666.66666666666,1200000.0,2.0,-1033333.3333333334,-516666.6666666667,True,True,True,True,True,True
372,Arrendatarios,P5140,166666.66666666666,1200000.0,1.0,-1033333.3333333334,-1033333.3333333334,True,True,True,True,True,True
373,Arrendatarios,P5140,166666.66666666666,1200000.0,1.0,-1033333.3333333334,-1033333.3333333334,True,True,True,True,True,True
374,Arrendatarios,P5140,166666.66666666666,1200000.0,1.0,-1033333.3333333334,-1033333.3333333334,True,True,True,True,True,True
375,Propietarios que pagan su vivienda,P5100,800000.0,1820000.0,3.0,-1020000.0,-340000.0,True,True,True,True,True,True
376,Arrendatarios,P5140,333333.3333333333,1350000.0,1.0,-1016666.6666666667,-1016666.6666666667,True,True,True,True,True,True
377,Arrendatarios,P5140,198333.33333333334,1200000.0,1.0,-1001666.6666666666,-1001666.6666666666,True,True,True,True,True,True
378,Propietarios que pagan su vivienda,P5100,1600000.0,2600000.0,4.0,-1000000.0,-250000.0,True,True,True,True,True,True
379,Arrendatarios,P5140,500000.0,1500000.0,1.0,-1000000.0,-1000000.0,True,True,True,True,True,True
380,Propietarios que pagan su vivienda,P5100,1000000.0,2000000.0,3.0,-1000000.0,-333333.3333333333,True,True,True,True,True,True
381,Arrendatarios,P5140,500000.0,1500000.0,4.0,-1000000.0,-250000.0,True,True,True,True,True,True
382,Arrendatarios,P5140,500000.0,1500000.0,2.0,-1000000.0,-500000.0,True,True,True,True,True,True
383,Arrendatarios,P5140,1000000.0,2000000.0,3.0,-1000000.0,-333333.3333333333,True,True,True,True,True,True
384,Arrendatarios,P5140,500000.0,1500000.0,1.0,-1000000.0,-1000000.0,True,True,True,True,True,True
385,Arrendatarios,P5140,1000000.0,2000000.0,2.0,-1000000.0,-500000.0,True,True,True,True,True,True
386,Arrendatarios,P5140,4000000.0,5000000.0,3.0,-1000000.0,-333333.3333333333,True,True,True,True,True,True
387,Arrendatarios,P5140,1000000.0,2000000.0,3.0,-1000000.0,-333333.3333333333,True,True,True,True,True,True
388,Propietarios que pagan su vivienda,P5100,3000000.0,4000000.0,1.0,-1000000.0,-1000000.0,True,True,True,True,True,True
389,Arrendatarios,P5140,1000000.0,2000000.0,1.0,-1000000.0,-1000000.0,True,True,True,True,True,True
390,Arrendatarios,P5140,500000.0,1500000.0,2.0,-1000000.0,-500000.0,True,True,True,True,True,True
391,Propietarios que pagan su vivienda,P5100,800000.0,1800000.0,3.0,-1000000.0,-333333.3333333333,True,True,True,True,True,True
392,Propietarios que pagan su vivienda,P5100,2500000.0,3500000.0,3.0,-1000000.0,-333333.3333333333,True,True,True,True,True,True
393,Arrendatarios,P5140,500000.0,1500000.0,1.0,-1000000.0,-1000000.0,True,True,True,True,True,True
394,Arrendatarios,P5140,2000000.0,3000000.0,4.0,-1000000.0,-250000.0,True,True,True,True,True,True
395,Arrendatarios,P5140,2000000.0,3000000.0,3.0,-1000000.0,-333333.3333333333,True,True,True,True,True,True
396,Arrendatarios,P5140,1300000.0,2300000.0,1.0,-1000000.0,-1000000.0,True,True,True,True,True,True
397,Arrendatarios,P5140,1000000.0,2000000.0,4.0,-1000000.0,-250000.0,True,True,True,True,True,True
398,Arrendatarios,P5140,500000.0,1500000.0,2.0,-1000000.0,-500000.0,True,True,True,True,True,True
399,Arrendatarios,P5140,500000.0,1500000.0,4.0,-1000000.0,-250000.0,True,True,True,True,True,True
400,Arrendatarios,P5140,1510000.0,2500000.0,1.0,-990000.0,-990000.0,True,True,True,True,True,True
401,Arrendatarios,P5140,1016666.6666666666,2000000.0,4.0,-983333.3333333334,-245833.33333333334,True,True,True,True,True,True
402,Arrendatarios,P5140,416666.6666666667,1400000.0,1.0,-983333.3333333333,-983333.3333333333,True,True,True,True,True,True
403,Propietarios que pagan su vivienda,P5100,20833.333333333332,1000000.0,2.0,-979166.6666666666,-489583.3333333333,True,True,True,True,True,True
404,Arrendatarios,P5140,125000.0,1100000.0,4.0,-975000.0,-243750.0,True,True,True,True,True,True
405,Arrendatarios,P5140,125000.0,1100000.0,2.0,-975000.0,-487500.0,True,True,True,True,True,True
406,Arrendatarios,P5140,500000.0,1470000.0,4.0,-970000.0,-242500.0,True,True,True,True,True,True
407,Arrendatarios,P5140,830000.0,1800000.0,1.0,-970000.0,-970000.0,True,True,True,True,True,True
408,Arrendatarios,P5140,133333.33333333334,1100000.0,1.0,-966666.6666666666,-966666.6666666666,True,True,True,True,True,True
409,Arrendatarios,P5140,33333.333333333336,1000000.0,1.0,-966666.6666666666,-966666.6666666666,True,True,True,True,True,True
410,Arrendatarios,P5140,166666.66666666666,1130000.0,1.0,-963333.3333333334,-963333.3333333334,True,True,True,True,True,True
411,Arrendatarios,P5140,41666.666666666664,1000000.0,1.0,-958333.3333333334,-958333.3333333334,True,True,True,True,True,True
412,Arrendatarios,P5140,41666.666666666664,1000000.0,2.0,-958333.3333333334,-479166.6666666667,True,True,True,True,True,True
413,Arrendatarios,P5140,341666.6666666667,1300000.0,1.0,-958333.3333333333,-958333.3333333333,True,True,True,True,True,True
414,Propietarios que pagan su vivienda,P5100,341666.6666666667,1300000.0,3.0,-958333.3333333333,-319444.44444444444,True,True,True,True,True,True
415,Arrendatarios,P5140,250000.0,1200000.0,3.0,-950000.0,-316666.6666666667,True,True,True,True,True,True
416,Arrendatarios,P5140,250000.0,1200000.0,1.0,-950000.0,-950000.0,True,True,True,True,True,True
417,Propietarios que pagan su vivienda,P5100,350000.0,1300000.0,2.0,-950000.0,-475000.0,True,True,True,True,True,True
418,Propietarios que pagan su vivienda,P5100,1150000.0,2100000.0,1.0,-950000.0,-950000.0,True,True,True,True,True,True
419,Arrendatarios,P5140,250000.0,1200000.0,3.0,-950000.0,-316666.6666666667,True,True,True,True,True,True
420,Propietarios que pagan su vivienda,P5100,1056666.6666666667,2000000.0,2.0,-943333.3333333333,-471666.6666666666,True,True,True,True,True,True
421,Arrendatarios,P5140,300000.0,1240000.0,2.0,-940000.0,-470000.0,True,True,True,True,True,True
422,Arrendatarios,P5140,166666.66666666666,1100000.0,1.0,-933333.3333333334,-933333.3333333334,True,True,True,True,True,True
423,Propietarios que pagan su vivienda,P5100,166666.66666666666,1100000.0,3.0,-933333.3333333334,-311111.1111111111,True,True,True,True,True,True
424,Arrendatarios,P5140,850000.0,1780000.0,3.0,-930000.0,-310000.0,True,True,True,True,True,True
425,Arrendatarios,P5140,2773500.0,3700000.0,2.0,-926500.0,-463250.0,True,True,True,True,True,True
426,Arrendatarios,P5140,875000.0,1800000.0,2.0,-925000.0,-462500.0,True,True,True,True,True,True
427,Arrendatarios,P5140,195833.3333333333,1100000.0,2.0,-904166.6666666667,-452083.3333333334,True,True,True,True,True,True
428,Arrendatarios,P5140,300000.0,1200000.0,4.0,-900000.0,-225000.0,True,True,True,True,True,True
429,Arrendatarios,P5140,500000.0,1400000.0,1.0,-900000.0,-900000.0,True,True,True,True,True,True
430,Propietarios que pagan su vivienda,P5100,700000.0,1600000.0,5.0,-900000.0,-180000.0,True,True,True,True,True,True
431,Arrendatarios,P5140,600000.0,1500000.0,1.0,-900000.0,-900000.0,True,True,True,True,True,True
432,Arrendatarios,P5140,600000.0,1500000.0,4.0,-900000.0,-225000.0,True,True,True,True,True,True
433,Arrendatarios,P5140,400000.0,1300000.0,1.0,-900000.0,-900000.0,True,True,True,True,True,True
434,Arrendatarios,P5140,2000000.0,2900000.0,1.0,-900000.0,-900000.0,True,True,True,True,True,True
435,Arrendatarios,P5140,300000.0,1200000.0,2.0,-900000.0,-450000.0,True,True,True,True,True,True
436,Propietarios que pagan su vivienda,P5100,250000.0,1150000.0,4.0,-900000.0,-225000.0,True,True,True,True,True,True
437,Arrendatarios,P5140,2100000.0,3000000.0,2.0,-900000.0,-450000.0,True,True,True,True,True,True
438,Arrendatarios,P5140,300000.0,1200000.0,2.0,-900000.0,-450000.0,True,True,True,True,True,True
439,Propietarios que pagan su vivienda,P5100,2300000.0,3200000.0,5.0,-900000.0,-180000.0,True,True,True,True,True,True
440,Arrendatarios,P5140,100000.0,1000000.0,2.0,-900000.0,-450000.0,True,True,True,True,True,True
441,Arrendatarios,P5140,408333.3333333334,1300000.0,2.0,-891666.6666666666,-445833.3333333333,True,True,True,True,True,True
442,Arrendatarios,P5140,108333.33333333333,1000000.0,1.0,-891666.6666666666,-891666.6666666666,True,True,True,True,True,True
443,Arrendatarios,P5140,108333.33333333333,1000000.0,1.0,-891666.6666666666,-891666.6666666666,True,True,True,True,True,True
444,Arrendatarios,P5140,116666.66666666667,1000000.0,1.0,-883333.3333333334,-883333.3333333334,True,True,True,True,True,True
445,Arrendatarios,P5140,166666.66666666666,1050000.0,2.0,-883333.3333333334,-441666.6666666667,True,True,True,True,True,True
446,Arrendatarios,P5140,216666.66666666666,1100000.0,2.0,-883333.3333333334,-441666.6666666667,True,True,True,True,True,True
447,Arrendatarios,P5140,216666.66666666666,1100000.0,1.0,-883333.3333333334,-883333.3333333334,True,True,True,True,True,True
448,Propietarios que pagan su vivienda,P5100,416666.6666666667,1300000.0,2.0,-883333.3333333333,-441666.6666666666,True,True,True,True,True,True
449,Arrendatarios,P5140,416666.6666666667,1300000.0,1.0,-883333.3333333333,-883333.3333333333,True,True,True,True,True,True
450,Arrendatarios,P5140,1423500.0,2300000.0,1.0,-876500.0,-876500.0,True,True,True,True,True,True
451,Arrendatarios,P5140,1423500.0,2300000.0,1.0,-876500.0,-876500.0,True,True,True,True,True,True
452,Propietarios que pagan su vivienda,P5100,1423500.0,2300000.0,4.0,-876500.0,-219125.0,True,True,True,True,True,True
453,Arrendatarios,P5140,125000.0,1000000.0,2.0,-875000.0,-437500.0,True,True,True,True,True,True
454,Arrendatarios,P5140,125000.0,1000000.0,2.0,-875000.0,-437500.0,True,True,True,True,True,True
455,Arrendatarios,P5140,125000.0,1000000.0,2.0,-875000.0,-437500.0,True,True,True,True,True,True
456,Arrendatarios,P5140,125000.0,1000000.0,1.0,-875000.0,-875000.0,True,True,True,True,True,True
457,Arrendatarios,P5140,125000.0,1000000.0,3.0,-875000.0,-291666.6666666667,True,True,True,True,True,True
458,Arrendatarios,P5140,1350000.0,2225000.0,2.0,-875000.0,-437500.0,True,True,True,True,True,True
459,Arrendatarios,P5140,226958.33333333334,1100000.0,1.0,-873041.6666666666,-873041.6666666666,True,True,True,True,True,True
460,Arrendatarios,P5140,125000.0,998000.0,1.0,-873000.0,-873000.0,True,True,True,True,True,True
461,Arrendatarios,P5140,1631833.3333333333,2500000.0,2.0,-868166.6666666667,-434083.3333333334,True,True,True,True,True,True
462,Arrendatarios,P5140,333333.3333333333,1200000.0,1.0,-866666.6666666667,-866666.6666666667,True,True,True,True,True,True
463,Arrendatarios,P5140,337583.3333333333,1200000.0,3.0,-862416.6666666667,-287472.22222222225,True,True,True,True,True,True
464,Arrendatarios,P5140,150000.0,1000000.0,2.0,-850000.0,-425000.0,True,True,True,True,True,True
465,Arrendatarios,P5140,150000.0,1000000.0,3.0,-850000.0,-283333.3333333333,True,True,True,True,True,True
466,Arrendatarios,P5140,150000.0,1000000.0,2.0,-850000.0,-425000.0,True,True,True,True,True,True
467,Arrendatarios,P5140,350000.0,1200000.0,3.0,-850000.0,-283333.3333333333,True,True,True,True,True,True
468,Arrendatarios,P5140,250000.0,1100000.0,2.0,-850000.0,-425000.0,True,True,True,True,True,True
469,Arrendatarios,P5140,2366000.0,3200000.0,4.0,-834000.0,-208500.0,True,True,True,True,True,True
470,Arrendatarios,P5140,166666.66666666666,1000000.0,1.0,-833333.3333333334,-833333.3333333334,True,True,True,True,True,True
471,Arrendatarios,P5140,666666.6666666666,1500000.0,2.0,-833333.3333333334,-416666.6666666667,True,True,True,True,True,True
472,Arrendatarios,P5140,16666.666666666668,850000.0,4.0,-833333.3333333334,-208333.33333333334,True,True,True,True,True,True
473,Arrendatarios,P5140,166666.66666666666,1000000.0,1.0,-833333.3333333334,-833333.3333333334,True,True,True,True,True,True
474,Arrendatarios,P5140,166666.66666666666,1000000.0,3.0,-833333.3333333334,-277777.7777777778,True,True,True,True,True,True
475,Arrendatarios,P5140,566666.6666666666,1400000.0,2.0,-833333.3333333334,-416666.6666666667,True,True,True,True,True,True
476,Propietarios que pagan su vivienda,P5100,166666.66666666666,1000000.0,2.0,-833333.3333333334,-416666.6666666667,True,True,True,True,True,True
477,Arrendatarios,P5140,166666.66666666666,1000000.0,3.0,-833333.3333333334,-277777.7777777778,True,True,True,True,True,True
478,Arrendatarios,P5140,166666.66666666666,1000000.0,2.0,-833333.3333333334,-416666.6666666667,True,True,True,True,True,True
479,Arrendatarios,P5140,416666.6666666667,1250000.0,2.0,-833333.3333333333,-416666.6666666666,True,True,True,True,True,True
480,Arrendatarios,P5140,25000.0,850000.0,1.0,-825000.0,-825000.0,True,True,True,True,True,True
481,Arrendatarios,P5140,25000.0,850000.0,3.0,-825000.0,-275000.0,True,True,True,True,True,True
482,Arrendatarios,P5140,75000.0,900000.0,1.0,-825000.0,-825000.0,True,True,True,True,True,True
483,Arrendatarios,P5140,380000.0,1200000.0,2.0,-820000.0,-410000.0,True,True,True,True,True,True
484,Arrendatarios,P5140,780000.0,1600000.0,1.0,-820000.0,-820000.0,True,True,True,True,True,True
485,Arrendatarios,P5140,180000.0,1000000.0,1.0,-820000.0,-820000.0,True,True,True,True,True,True
486,Arrendatarios,P5140,33333.333333333336,850000.0,1.0,-816666.6666666666,-816666.6666666666,True,True,True,True,True,True
487,Arrendatarios,P5140,33333.333333333336,850000.0,4.0,-816666.6666666666,-204166.66666666666,True,True,True,True,True,True
488,Arrendatarios,P5140,33333.333333333336,850000.0,1.0,-816666.6666666666,-816666.6666666666,True,True,True,True,True,True
489,Arrendatarios,P5140,64000.0,880000.0,2.0,-816000.0,-408000.0,True,True,True,True,True,True
490,Arrendatarios,P5140,141666.66666666666,950000.0,1.0,-808333.3333333334,-808333.3333333334,True,True,True,True,True,True
491,Propietarios que pagan su vivienda,P5100,83333.33333333333,890000.0,1.0,-806666.6666666666,-806666.6666666666,True,True,True,True,True,True
492,Propietarios que pagan su vivienda,P5100,25000.0,830000.0,4.0,-805000.0,-201250.0,True,True,True,True,True,True
493,Arrendatarios,P5140,1000000.0,1800000.0,1.0,-800000.0,-800000.0,True,True,True,True,True,True
494,Arrendatarios,P5140,1000000.0,1800000.0,2.0,-800000.0,-400000.0,True,True,True,True,True,True
495,Arrendatarios,P5140,100000.0,900000.0,2.0,-800000.0,-400000.0,True,True,True,True,True,True
496,Arrendatarios,P5140,200000.0,1000000.0,3.0,-800000.0,-266666.6666666667,True,True,True,True,True,True
497,Arrendatarios,P5140,150000.0,950000.0,1.0,-800000.0,-800000.0,True,True,True,True,True,True
498,Arrendatarios,P5140,700000.0,1500000.0,3.0,-800000.0,-266666.6666666667,True,True,True,True,True,True
499,Arrendatarios,P5140,6200000.0,7000000.0,3.0,-800000.0,-266666.6666666667,True,True,True,True,True,True
500,Arrendatarios,P5140,300000.0,1100000.0,1.0,-800000.0,-800000.0,True,True,True,True,True,True
501,Propietarios que pagan su vivienda,P5100,200000.0,1000000.0,1.0,-800000.0,-800000.0,True,True,True,True,True,True
502,Arrendatarios,P5140,900000.0,1700000.0,3.0,-800000.0,-266666.6666666667,True,True,True,True,True,True
503,Arrendatarios,P5140,100000.0,900000.0,1.0,-800000.0,-800000.0,True,True,True,True,True,True
504,Propietarios que pagan su vivienda,P5100,700000.0,1500000.0,3.0,-800000.0,-266666.6666666667,True,True,True,True,True,True
505,Arrendatarios,P5140,50000.0,850000.0,2.0,-800000.0,-400000.0,True,True,True,True,True,True
506,Arrendatarios,P5140,400000.0,1200000.0,2.0,-800000.0,-400000.0,True,True,True,True,True,True
507,Arrendatarios,P5140,200000.0,1000000.0,3.0,-800000.0,-266666.6666666667,True,True,True,True,True,True
508,Arrendatarios,P5140,500000.0,1300000.0,2.0,-800000.0,-400000.0,True,True,True,True,True,True
509,Arrendatarios,P5140,200000.0,1000000.0,4.0,-800000.0,-200000.0,True,True,True,True,True,True
510,Arrendatarios,P5140,400000.0,1200000.0,2.0,-800000.0,-400000.0,True,True,True,True,True,True
511,Arrendatarios,P5140,800000.0,1600000.0,1.0,-800000.0,-800000.0,True,True,True,True,True,True
512,Propietarios que pagan su vivienda,P5100,408333.3333333333,1200000.0,3.0,-791666.6666666667,-263888.88888888893,True,True,True,True,True,True
513,Propietarios que pagan su vivienda,P5100,208333.33333333334,1000000.0,3.0,-791666.6666666666,-263888.8888888889,True,True,True,True,True,True
514,Arrendatarios,P5140,8333.333333333334,800000.0,1.0,-791666.6666666666,-791666.6666666666,True,True,True,True,True,True
515,Arrendatarios,P5140,60000.0,850000.0,2.0,-790000.0,-395000.0,True,True,True,True,True,True
516,Arrendatarios,P5140,30000.0,820000.0,4.0,-790000.0,-197500.0,True,True,True,True,True,True
517,Arrendatarios,P5140,160000.0,950000.0,3.0,-790000.0,-263333.3333333333,True,True,True,True,True,True
518,Arrendatarios,P5140,116666.66666666666,900000.0,1.0,-783333.3333333334,-783333.3333333334,True,True,True,True,True,True
519,Arrendatarios,P5140,166666.66666666666,950000.0,2.0,-783333.3333333334,-391666.6666666667,True,True,True,True,True,True
520,Arrendatarios,P5140,1423000.0,2200000.0,1.0,-777000.0,-777000.0,True,True,True,True,True,True
521,Arrendatarios,P5140,725000.0,1500000.0,1.0,-775000.0,-775000.0,True,True,True,True,True,True
522,Arrendatarios,P5140,75000.0,850000.0,1.0,-775000.0,-775000.0,True,True,True,True,True,True
523,Arrendatarios,P5140,125000.0,900000.0,3.0,-775000.0,-258333.33333333334,True,True,True,True,True,True
524,Arrendatarios,P5140,131666.66666666666,900000.0,3.0,-768333.3333333334,-256111.11111111112,True,True,True,True,True,True
525,Arrendatarios,P5140,233333.3333333333,1000000.0,2.0,-766666.6666666667,-383333.3333333334,True,True,True,True,True,True
526,Arrendatarios,P5140,133333.33333333334,900000.0,1.0,-766666.6666666666,-766666.6666666666,True,True,True,True,True,True
527,Arrendatarios,P5140,83333.33333333333,850000.0,4.0,-766666.6666666666,-191666.66666666666,True,True,True,True,True,True
528,Arrendatarios,P5140,41666.666666666664,800000.0,4.0,-758333.3333333334,-189583.33333333334,True,True,True,True,True,True
529,Arrendatarios,P5140,41666.666666666664,800000.0,2.0,-758333.3333333334,-379166.6666666667,True,True,True,True,True,True
530,Arrendatarios,P5140,83333.33333333333,840000.0,3.0,-756666.6666666666,-252222.22222222222,True,True,True,True,True,True
531,Arrendatarios,P5140,625000.0,1380000.0,3.0,-755000.0,-251666.66666666666,True,True,True,True,True,True
532,Arrendatarios,P5140,98333.33333333333,850000.0,2.0,-751666.6666666666,-375833.3333333333,True,True,True,True,True,True
533,Arrendatarios,P5140,50000.0,800000.0,3.0,-750000.0,-250000.0,True,True,True,True,True,True
534,Arrendatarios,P5140,650000.0,1400000.0,1.0,-750000.0,-750000.0,True,True,True,True,True,True
535,Propietarios que pagan su vivienda,P5100,2050000.0,2800000.0,5.0,-750000.0,-150000.0,True,True,True,True,True,True
536,Arrendatarios,P5140,250000.0,1000000.0,2.0,-750000.0,-375000.0,True,True,True,True,True,True
537,Arrendatarios,P5140,200000.0,950000.0,1.0,-750000.0,-750000.0,True,True,True,True,True,True
538,Arrendatarios,P5140,100000.0,850000.0,1.0,-750000.0,-750000.0,True,True,True,True,True,True
539,Propietarios que pagan su vivienda,P5100,250000.0,1000000.0,2.0,-750000.0,-375000.0,True,True,True,True,True,True
540,Propietarios que pagan su vivienda,P5100,250000.0,1000000.0,2.0,-750000.0,-375000.0,True,True,True,True,True,True
541,Arrendatarios,P5140,750000.0,1500000.0,1.0,-750000.0,-750000.0,True,True,True,True,True,True
542,Arrendatarios,P5140,100000.0,850000.0,5.0,-750000.0,-150000.0,True,True,True,True,True,True
543,Arrendatarios,P5140,50000.0,800000.0,1.0,-750000.0,-750000.0,True,True,True,True,True,True
544,Arrendatarios,P5140,4250000.0,5000000.0,2.0,-750000.0,-375000.0,True,True,True,True,True,True
545,Arrendatarios,P5140,600000.0,1350000.0,1.0,-750000.0,-750000.0,True,True,True,True,True,True
546,Arrendatarios,P5140,250000.0,1000000.0,1.0,-750000.0,-750000.0,True,True,True,True,True,True
547,Arrendatarios,P5140,250000.0,1000000.0,2.0,-750000.0,-375000.0,True,True,True,True,True,True
548,Arrendatarios,P5140,250000.0,1000000.0,1.0,-750000.0,-750000.0,True,True,True,True,True,True
549,Arrendatarios,P5140,150000.0,900000.0,2.0,-750000.0,-375000.0,True,True,True,True,True,True
550,Arrendatarios,P5140,750000.0,1500000.0,6.0,-750000.0,-125000.0,True,True,True,True,True,True
551,Arrendatarios,P5140,58333.333333333336,800000.0,3.0,-741666.6666666666,-247222.22222222222,True,True,True,True,True,True
552,Arrendatarios,P5140,660000.0,1400000.0,2.0,-740000.0,-370000.0,True,True,True,True,True,True
553,Arrendatarios,P5140,125000.0,860000.0,1.0,-735000.0,-735000.0,True,True,True,True,True,True
554,Arrendatarios,P5140,190833.33333333334,925000.0,1.0,-734166.6666666666,-734166.6666666666,True,True,True,True,True,True
555,Arrendatarios,P5140,166666.66666666666,900000.0,1.0,-733333.3333333334,-733333.3333333334,True,True,True,True,True,True
556,Propietarios que pagan su vivienda,P5100,66666.66666666667,800000.0,4.0,-733333.3333333334,-183333.33333333334,True,True,True,True,True,True
557,Arrendatarios,P5140,166666.6666666667,900000.0,2.0,-733333.3333333333,-366666.6666666666,True,True,True,True,True,True
558,Arrendatarios,P5140,120000.0,850000.0,1.0,-730000.0,-730000.0,True,True,True,True,True,True
559,Arrendatarios,P5140,1671666.6666666667,2400000.0,1.0,-728333.3333333333,-728333.3333333333,True,True,True,True,True,True
560,Propietarios que pagan su vivienda,P5100,5275000.0,6000000.0,3.0,-725000.0,-241666.66666666666,True,True,True,True,True,True
561,Arrendatarios,P5140,75000.0,800000.0,3.0,-725000.0,-241666.66666666666,True,True,True,True,True,True
562,Arrendatarios,P5140,125000.0,850000.0,1.0,-725000.0,-725000.0,True,True,True,True,True,True
563,Arrendatarios,P5140,180000.0,900000.0,1.0,-720000.0,-720000.0,True,True,True,True,True,True
564,Arrendatarios,P5140,80000.0,800000.0,2.0,-720000.0,-360000.0,True,True,True,True,True,True
565,Arrendatarios,P5140,130000.0,850000.0,1.0,-720000.0,-720000.0,True,True,True,True,True,True
566,Propietarios que pagan su vivienda,P5100,4283333.333333333,5000000.0,4.0,-716666.666666667,-179166.66666666674,True,True,True,True,True,True
567,Arrendatarios,P5140,283333.3333333333,1000000.0,4.0,-716666.6666666667,-179166.6666666667,True,True,True,True,True,True
568,Arrendatarios,P5140,83333.33333333333,800000.0,1.0,-716666.6666666666,-716666.6666666666,True,True,True,True,True,True
569,Arrendatarios,P5140,83333.33333333333,800000.0,1.0,-716666.6666666666,-716666.6666666666,True,True,True,True,True,True
570,Arrendatarios,P5140,83333.33333333333,800000.0,3.0,-716666.6666666666,-238888.88888888888,True,True,True,True,True,True
571,Arrendatarios,P5140,83333.33333333333,800000.0,4.0,-716666.6666666666,-179166.66666666666,True,True,True,True,True,True
572,Arrendatarios,P5140,83333.33333333333,800000.0,1.0,-716666.6666666666,-716666.6666666666,True,True,True,True,True,True
573,Arrendatarios,P5140,83333.33333333333,800000.0,2.0,-716666.6666666666,-358333.3333333333,True,True,True,True,True,True
574,Arrendatarios,P5140,133333.33333333334,850000.0,1.0,-716666.6666666666,-716666.6666666666,True,True,True,True,True,True
575,Arrendatarios,P5140,83333.33333333333,800000.0,1.0,-716666.6666666666,-716666.6666666666,True,True,True,True,True,True
576,Arrendatarios,P5140,583333.3333333334,1300000.0,3.0,-716666.6666666666,-238888.88888888888,True,True,True,True,True,True
577,Arrendatarios,P5140,83333.33333333333,800000.0,2.0,-716666.6666666666,-358333.3333333333,True,True,True,True,True,True
578,Arrendatarios,P5140,16666.666666666668,730000.0,3.0,-713333.3333333334,-237777.77777777778,True,True,True,True,True,True
579,Arrendatarios,P5140,20000.0,730000.0,4.0,-710000.0,-177500.0,True,True,True,True,True,True
580,Arrendatarios,P5140,96666.66666666667,800000.0,1.0,-703333.3333333334,-703333.3333333334,True,True,True,True,True,True
581,Propietarios que pagan su vivienda,P5100,146666.6666666667,850000.0,2.0,-703333.3333333333,-351666.6666666666,True,True,True,True,True,True
582,Arrendatarios,P5140,300000.0,1000000.0,1.0,-700000.0,-700000.0,True,True,True,True,True,True
583,Arrendatarios,P5140,100000.0,800000.0,1.0,-700000.0,-700000.0,True,True,True,True,True,True
584,Arrendatarios,P5140,800000.0,1500000.0,1.0,-700000.0,-700000.0,True,True,True,True,True,True
585,Arrendatarios,P5140,400000.0,1100000.0,5.0,-700000.0,-140000.0,True,True,True,True,True,True
586,Arrendatarios,P5140,300000.0,1000000.0,1.0,-700000.0,-700000.0,True,True,True,True,True,True
587,Arrendatarios,P5140,650000.0,1350000.0,8.0,-700000.0,-87500.0,True,True,True,True,True,True
588,Arrendatarios,P5140,2000000.0,2700000.0,2.0,-700000.0,-350000.0,True,True,True,True,True,True
589,Arrendatarios,P5140,500000.0,1200000.0,1.0,-700000.0,-700000.0,True,True,True,True,True,True
590,Arrendatarios,P5140,100000.0,800000.0,2.0,-700000.0,-350000.0,True,True,True,True,True,True
591,Propietarios que pagan su vivienda,P5100,800000.0,1500000.0,1.0,-700000.0,-700000.0,True,True,True,True,True,True
592,Arrendatarios,P5140,800000.0,1500000.0,2.0,-700000.0,-350000.0,True,True,True,True,True,True
593,Arrendatarios,P5140,250000.0,950000.0,1.0,-700000.0,-700000.0,True,True,True,True,True,True
594,Arrendatarios,P5140,200000.0,900000.0,3.0,-700000.0,-233333.33333333334,True,True,True,True,True,True
595,Arrendatarios,P5140,2500000.0,3200000.0,4.0,-700000.0,-175000.0,True,True,True,True,True,True
596,Arrendatarios,P5140,800000.0,1500000.0,3.0,-700000.0,-233333.33333333334,True,True,True,True,True,True
597,Arrendatarios,P5140,1000000.0,1700000.0,1.0,-700000.0,-700000.0,True,True,True,True,True,True
598,Arrendatarios,P5140,1800000.0,2500000.0,3.0,-700000.0,-233333.33333333334,True,True,True,True,True,True
599,Arrendatarios,P5140,100000.0,800000.0,3.0,-700000.0,-233333.33333333334,True,True,True,True,True,True
600,Arrendatarios,P5140,100000.0,800000.0,2.0,-700000.0,-350000.0,True,True,True,True,True,True
601,Arrendatarios,P5140,150000.0,850000.0,2.0,-700000.0,-350000.0,True,True,True,True,True,True
602,Arrendatarios,P5140,500000.0,1200000.0,3.0,-700000.0,-233333.33333333334,True,True,True,True,True,True
603,Arrendatarios,P5140,200000.0,900000.0,2.0,-700000.0,-350000.0,True,True,True,True,True,True
604,Arrendatarios,P5140,1000000.0,1700000.0,1.0,-700000.0,-700000.0,True,True,True,True,True,True
605,Arrendatarios,P5140,300000.0,1000000.0,4.0,-700000.0,-175000.0,True,True,True,True,True,True
606,Arrendatarios,P5140,200000.0,900000.0,2.0,-700000.0,-350000.0,True,True,True,True,True,True
607,Arrendatarios,P5140,300000.0,1000000.0,1.0,-700000.0,-700000.0,True,True,True,True,True,True
608,Arrendatarios,P5140,100000.0,800000.0,1.0,-700000.0,-700000.0,True,True,True,True,True,True
609,Arrendatarios,P5140,600000.0,1300000.0,2.0,-700000.0,-350000.0,True,True,True,True,True,True
610,Arrendatarios,P5140,500000.0,1200000.0,1.0,-700000.0,-700000.0,True,True,True,True,True,True
611,Arrendatarios,P5140,400000.0,1100000.0,4.0,-700000.0,-175000.0,True,True,True,True,True,True
612,Propietarios que pagan su vivienda,P5100,800000.0,1500000.0,1.0,-700000.0,-700000.0,True,True,True,True,True,True
613,Arrendatarios,P5140,100000.0,800000.0,2.0,-700000.0,-350000.0,True,True,True,True,True,True
614,Arrendatarios,P5140,58333.333333333336,750000.0,1.0,-691666.6666666666,-691666.6666666666,True,True,True,True,True,True
615,Arrendatarios,P5140,58333.333333333336,750000.0,2.0,-691666.6666666666,-345833.3333333333,True,True,True,True,True,True
616,Arrendatarios,P5140,8333.333333333334,700000.0,2.0,-691666.6666666666,-345833.3333333333,True,True,True,True,True,True
617,Arrendatarios,P5140,208333.33333333334,900000.0,3.0,-691666.6666666666,-230555.55555555553,True,True,True,True,True,True
618,Arrendatarios,P5140,9999.0,700000.0,2.0,-690001.0,-345000.5,True,True,True,True,True,True
619,Arrendatarios,P5140,150000.0,840000.0,1.0,-690000.0,-690000.0,True,True,True,True,True,True
620,Arrendatarios,P5140,250000.0,940000.0,1.0,-690000.0,-690000.0,True,True,True,True,True,True
621,Arrendatarios,P5140,10000.0,700000.0,1.0,-690000.0,-690000.0,True,True,True,True,True,True
622,Arrendatarios,P5140,112500.0,800000.0,2.0,-687500.0,-343750.0,True,True,True,True,True,True
623,Arrendatarios,P5140,3416666.6666666665,4100000.0,1.0,-683333.3333333335,-683333.3333333335,True,True,True,True,True,True
624,Arrendatarios,P5140,116666.66666666667,800000.0,3.0,-683333.3333333334,-227777.77777777778,True,True,True,True,True,True
625,Arrendatarios,P5140,216666.66666666666,900000.0,3.0,-683333.3333333334,-227777.77777777778,True,True,True,True,True,True
626,Arrendatarios,P5140,116666.66666666667,800000.0,2.0,-683333.3333333334,-341666.6666666667,True,True,True,True,True,True
627,Arrendatarios,P5140,166666.66666666666,850000.0,4.0,-683333.3333333334,-170833.33333333334,True,True,True,True,True,True
628,Arrendatarios,P5140,316666.6666666667,1000000.0,4.0,-683333.3333333333,-170833.3333333333,True,True,True,True,True,True
629,Arrendatarios,P5140,416666.6666666667,1100000.0,1.0,-683333.3333333333,-683333.3333333333,True,True,True,True,True,True
630,Propietarios que pagan su vivienda,P5100,1166666.6666666667,1850000.0,2.0,-683333.3333333333,-341666.6666666666,True,True,True,True,True,True
631,Arrendatarios,P5140,118750.0,800000.0,2.0,-681250.0,-340625.0,True,True,True,True,True,True
632,Arrendatarios,P5140,300000.0,980000.0,1.0,-680000.0,-680000.0,True,True,True,True,True,True
633,Arrendatarios,P5140,120000.0,800000.0,3.0,-680000.0,-226666.66666666666,True,True,True,True,True,True
634,Arrendatarios,P5140,20833.333333333332,700000.0,3.0,-679166.6666666666,-226388.88888888888,True,True,True,True,True,True
635,Arrendatarios,P5140,22500.0,700000.0,5.0,-677500.0,-135500.0,True,True,True,True,True,True
636,Propietarios que pagan su vivienda,P5100,1423500.0,2100000.0,2.0,-676500.0,-338250.0,True,True,True,True,True,True
637,Arrendatarios,P5140,125000.0,800000.0,2.0,-675000.0,-337500.0,True,True,True,True,True,True
638,Arrendatarios,P5140,125000.0,800000.0,2.0,-675000.0,-337500.0,True,True,True,True,True,True
639,Arrendatarios,P5140,125000.0,800000.0,1.0,-675000.0,-675000.0,True,True,True,True,True,True
640,Arrendatarios,P5140,75000.0,750000.0,1.0,-675000.0,-675000.0,True,True,True,True,True,True
641,Arrendatarios,P5140,125000.0,800000.0,4.0,-675000.0,-168750.0,True,True,True,True,True,True
642,Arrendatarios,P5140,125000.0,800000.0,1.0,-675000.0,-675000.0,True,True,True,True,True,True
643,Arrendatarios,P5140,125000.0,800000.0,1.0,-675000.0,-675000.0,True,True,True,True,True,True
644,Arrendatarios,P5140,125000.0,800000.0,2.0,-675000.0,-337500.0,True,True,True,True,True,True
645,Arrendatarios,P5140,180000.0,850000.0,3.0,-670000.0,-223333.33333333334,True,True,True,True,True,True
646,Arrendatarios,P5140,383333.3333333333,1050000.0,1.0,-666666.6666666667,-666666.6666666667,True,True,True,True,True,True
647,Arrendatarios,P5140,183333.3333333333,850000.0,2.0,-666666.6666666667,-333333.3333333334,True,True,True,True,True,True
648,Arrendatarios,P5140,1833333.3333333333,2500000.0,2.0,-666666.6666666667,-333333.3333333334,True,True,True,True,True,True
649,Arrendatarios,P5140,333333.3333333333,1000000.0,1.0,-666666.6666666667,-666666.6666666667,True,True,True,True,True,True
650,Arrendatarios,P5140,133333.33333333334,800000.0,1.0,-666666.6666666666,-666666.6666666666,True,True,True,True,True,True
651,Arrendatarios,P5140,83333.33333333333,750000.0,1.0,-666666.6666666666,-666666.6666666666,True,True,True,True,True,True
652,Arrendatarios,P5140,233333.33333333334,900000.0,1.0,-666666.6666666666,-666666.6666666666,True,True,True,True,True,True
653,Arrendatarios,P5140,83333.33333333333,750000.0,5.0,-666666.6666666666,-133333.3333333333,True,True,True,True,True,True
654,Arrendatarios,P5140,33333.333333333336,700000.0,2.0,-666666.6666666666,-333333.3333333333,True,True,True,True,True,True
655,Arrendatarios,P5140,133333.33333333334,800000.0,3.0,-666666.6666666666,-222222.22222222222,True,True,True,True,True,True
656,Arrendatarios,P5140,83333.33333333333,750000.0,2.0,-666666.6666666666,-333333.3333333333,True,True,True,True,True,True
657,Arrendatarios,P5140,204166.66666666666,870000.0,2.0,-665833.3333333334,-332916.6666666667,True,True,True,True,True,True
658,Arrendatarios,P5140,91666.66666666667,757000.0,1.0,-665333.3333333334,-665333.3333333334,True,True,True,True,True,True
659,Arrendatarios,P5140,125000.0,790000.0,1.0,-665000.0,-665000.0,True,True,True,True,True,True
660,Propietarios que pagan su vivienda,P5100,340000.0,1000000.0,2.0,-660000.0,-330000.0,True,True,True,True,True,True
661,Arrendatarios,P5140,191666.66666666666,850000.0,3.0,-658333.3333333334,-219444.44444444447,True,True,True,True,True,True
662,Arrendatarios,P5140,41666.666666666664,700000.0,3.0,-658333.3333333334,-219444.44444444447,True,True,True,True,True,True
663,Arrendatarios,P5140,541666.6666666666,1200000.0,2.0,-658333.3333333334,-329166.6666666667,True,True,True,True,True,True
664,Arrendatarios,P5140,41666.666666666664,700000.0,1.0,-658333.3333333334,-658333.3333333334,True,True,True,True,True,True
665,Arrendatarios,P5140,100000.0,756000.0,1.0,-656000.0,-656000.0,True,True,True,True,True,True
666,Arrendatarios,P5140,200000.0,850000.0,2.0,-650000.0,-325000.0,True,True,True,True,True,True
667,Arrendatarios,P5140,50000.0,700000.0,1.0,-650000.0,-650000.0,True,True,True,True,True,True
668,Arrendatarios,P5140,100000.0,750000.0,2.0,-650000.0,-325000.0,True,True,True,True,True,True
669,Arrendatarios,P5140,150000.0,800000.0,1.0,-650000.0,-650000.0,True,True,True,True,True,True
670,Arrendatarios,P5140,250000.0,900000.0,1.0,-650000.0,-650000.0,True,True,True,True,True,True
671,Arrendatarios,P5140,300000.0,950000.0,1.0,-650000.0,-650000.0,True,True,True,True,True,True
672,Arrendatarios,P5140,100000.0,750000.0,2.0,-650000.0,-325000.0,True,True,True,True,True,True
673,Arrendatarios,P5140,250000.0,900000.0,2.0,-650000.0,-325000.0,True,True,True,True,True,True
674,Arrendatarios,P5140,50000.0,700000.0,1.0,-650000.0,-650000.0,True,True,True,True,True,True
675,Arrendatarios,P5140,250000.0,900000.0,2.0,-650000.0,-325000.0,True,True,True,True,True,True
676,Arrendatarios,P5140,1350000.0,2000000.0,3.0,-650000.0,-216666.66666666666,True,True,True,True,True,True
677,Arrendatarios,P5140,50000.0,700000.0,2.0,-650000.0,-325000.0,True,True,True,True,True,True
678,Arrendatarios,P5140,100000.0,750000.0,3.0,-650000.0,-216666.66666666666,True,True,True,True,True,True
679,Arrendatarios,P5140,250000.0,900000.0,2.0,-650000.0,-325000.0,True,True,True,True,True,True
680,Arrendatarios,P5140,200000.0,850000.0,4.0,-650000.0,-162500.0,True,True,True,True,True,True
681,Propietarios que pagan su vivienda,P5100,500000.0,1150000.0,5.0,-650000.0,-130000.0,True,True,True,True,True,True
682,Arrendatarios,P5140,50000.0,700000.0,2.0,-650000.0,-325000.0,True,True,True,True,True,True
683,Propietarios que pagan su vivienda,P5100,700000.0,1350000.0,5.0,-650000.0,-130000.0,True,True,True,True,True,True
684,Arrendatarios,P5140,50000.0,700000.0,5.0,-650000.0,-130000.0,True,True,True,True,True,True
685,Arrendatarios,P5140,204166.66666666666,850000.0,1.0,-645833.3333333334,-645833.3333333334,True,True,True,True,True,True
686,Arrendatarios,P5140,54175.666666666664,700000.0,2.0,-645824.3333333334,-322912.1666666667,True,True,True,True,True,True
687,Arrendatarios,P5140,208333.33333333334,850000.0,2.0,-641666.6666666666,-320833.3333333333,True,True,True,True,True,True
688,Arrendatarios,P5140,208333.33333333334,850000.0,3.0,-641666.6666666666,-213888.88888888888,True,True,True,True,True,True
689,Arrendatarios,P5140,158333.33333333334,800000.0,1.0,-641666.6666666666,-641666.6666666666,True,True,True,True,True,True
690,Arrendatarios,P5140,58333.333333333336,700000.0,3.0,-641666.6666666666,-213888.88888888888,True,True,True,True,True,True
691,Arrendatarios,P5140,58333.333333333336,700000.0,1.0,-641666.6666666666,-641666.6666666666,True,True,True,True,True,True
692,Arrendatarios,P5140,58333.333333333336,700000.0,3.0,-641666.6666666666,-213888.88888888888,True,True,True,True,True,True
693,Arrendatarios,P5140,60000.0,700000.0,1.0,-640000.0,-640000.0,True,True,True,True,True,True
694,Arrendatarios,P5140,60000.0,700000.0,2.0,-640000.0,-320000.0,True,True,True,True,True,True
695,Arrendatarios,P5140,263333.3333333333,900000.0,3.0,-636666.6666666667,-212222.22222222225,True,True,True,True,True,True
696,Arrendatarios,P5140,66666.66666666667,700000.0,2.0,-633333.3333333334,-316666.6666666667,True,True,True,True,True,True
697,Arrendatarios,P5140,66666.66666666667,700000.0,1.0,-633333.3333333334,-633333.3333333334,True,True,True,True,True,True
698,Arrendatarios,P5140,166666.66666666666,800000.0,2.0,-633333.3333333334,-316666.6666666667,True,True,True,True,True,True
699,Arrendatarios,P5140,166666.66666666666,800000.0,2.0,-633333.3333333334,-316666.6666666667,True,True,True,True,True,True
700,Arrendatarios,P5140,166666.66666666666,800000.0,4.0,-633333.3333333334,-158333.33333333334,True,True,True,True,True,True
701,Arrendatarios,P5140,66666.66666666667,700000.0,2.0,-633333.3333333334,-316666.6666666667,True,True,True,True,True,True
702,Arrendatarios,P5140,166666.66666666666,800000.0,3.0,-633333.3333333334,-211111.11111111112,True,True,True,True,True,True
703,Arrendatarios,P5140,16666.666666666668,650000.0,1.0,-633333.3333333334,-633333.3333333334,True,True,True,True,True,True
704,Arrendatarios,P5140,166666.66666666666,800000.0,1.0,-633333.3333333334,-633333.3333333334,True,True,True,True,True,True
705,Arrendatarios,P5140,166666.66666666666,800000.0,3.0,-633333.3333333334,-211111.11111111112,True,True,True,True,True,True
706,Arrendatarios,P5140,166666.66666666666,800000.0,3.0,-633333.3333333334,-211111.11111111112,True,True,True,True,True,True
707,Arrendatarios,P5140,66666.66666666667,700000.0,1.0,-633333.3333333334,-633333.3333333334,True,True,True,True,True,True
708,Arrendatarios,P5140,350000.0,980000.0,1.0,-630000.0,-630000.0,True,True,True,True,True,True
709,Arrendatarios,P5140,200000.0,830000.0,1.0,-630000.0,-630000.0,True,True,True,True,True,True
710,Arrendatarios,P5140,124166.66666666666,750000.0,1.0,-625833.3333333334,-625833.3333333334,True,True,True,True,True,True
711,Arrendatarios,P5140,75000.0,700000.0,1.0,-625000.0,-625000.0,True,True,True,True,True,True
712,Arrendatarios,P5140,75000.0,700000.0,1.0,-625000.0,-625000.0,True,True,True,True,True,True
713,Arrendatarios,P5140,125000.0,750000.0,2.0,-625000.0,-312500.0,True,True,True,True,True,True
714,Arrendatarios,P5140,125000.0,750000.0,2.0,-625000.0,-312500.0,True,True,True,True,True,True
715,Arrendatarios,P5140,125000.0,750000.0,3.0,-625000.0,-208333.33333333334,True,True,True,True,True,True
716,Arrendatarios,P5140,79166.66666666667,700000.0,2.0,-620833.3333333334,-310416.6666666667,True,True,True,True,True,True
717,Arrendatarios,P5140,160000.0,780000.0,3.0,-620000.0,-206666.66666666666,True,True,True,True,True,True
718,Propietarios que pagan su vivienda,P5100,80000.0,700000.0,1.0,-620000.0,-620000.0,True,True,True,True,True,True
719,Arrendatarios,P5140,80000.0,700000.0,1.0,-620000.0,-620000.0,True,True,True,True,True,True
720,Arrendatarios,P5140,80000.0,700000.0,1.0,-620000.0,-620000.0,True,True,True,True,True,True
721,Arrendatarios,P5140,480000.0,1100000.0,2.0,-620000.0,-310000.0,True,True,True,True,True,True
722,Arrendatarios,P5140,333333.3333333333,950000.0,1.0,-616666.6666666667,-616666.6666666667,True,True,True,True,True,True
723,Arrendatarios,P5140,1583333.3333333333,2200000.0,4.0,-616666.6666666667,-154166.6666666667,True,True,True,True,True,True
724,Arrendatarios,P5140,83333.33333333333,700000.0,1.0,-616666.6666666666,-616666.6666666666,True,True,True,True,True,True
725,Arrendatarios,P5140,583333.3333333334,1200000.0,1.0,-616666.6666666666,-616666.6666666666,True,True,True,True,True,True
726,Arrendatarios,P5140,83333.33333333333,700000.0,2.0,-616666.6666666666,-308333.3333333333,True,True,True,True,True,True
727,Arrendatarios,P5140,83333.33333333333,700000.0,3.0,-616666.6666666666,-205555.55555555553,True,True,True,True,True,True
728,Arrendatarios,P5140,83333.33333333334,700000.0,2.0,-616666.6666666666,-308333.3333333333,True,True,True,True,True,True
729,Arrendatarios,P5140,90000.0,700000.0,1.0,-610000.0,-610000.0,True,True,True,True,True,True
730,Arrendatarios,P5140,90000.0,700000.0,2.0,-610000.0,-305000.0,True,True,True,True,True,True
731,Arrendatarios,P5140,141666.66666666666,750000.0,2.0,-608333.3333333334,-304166.6666666667,True,True,True,True,True,True
732,Arrendatarios,P5140,41666.666666666664,650000.0,2.0,-608333.3333333334,-304166.6666666667,True,True,True,True,True,True
733,Arrendatarios,P5140,291666.6666666666,900000.0,1.0,-608333.3333333334,-608333.3333333334,True,True,True,True,True,True
734,Arrendatarios,P5140,292500.0,900000.0,1.0,-607500.0,-607500.0,True,True,True,True,True,True
735,Arrendatarios,P5140,328416.6666666667,933000.0,1.0,-604583.3333333333,-604583.3333333333,True,True,True,True,True,True
736,Arrendatarios,P5140,1200000.0,1800000.0,2.0,-600000.0,-300000.0,True,True,True,True,True,True
737,Arrendatarios,P5140,200000.0,800000.0,2.0,-600000.0,-300000.0,True,True,True,True,True,True
738,Arrendatarios,P5140,150000.0,750000.0,2.0,-600000.0,-300000.0,True,True,True,True,True,True
739,Arrendatarios,P5140,200000.0,800000.0,1.0,-600000.0,-600000.0,True,True,True,True,True,True
740,Arrendatarios,P5140,1900000.0,2500000.0,2.0,-600000.0,-300000.0,True,True,True,True,True,True
741,Arrendatarios,P5140,400000.0,1000000.0,4.0,-600000.0,-150000.0,True,True,True,True,True,True
742,Arrendatarios,P5140,900000.0,1500000.0,1.0,-600000.0,-600000.0,True,True,True,True,True,True
743,Arrendatarios,P5140,350000.0,950000.0,2.0,-600000.0,-300000.0,True,True,True,True,True,True
744,Propietarios que pagan su vivienda,P5100,600000.0,1200000.0,1.0,-600000.0,-600000.0,True,True,True,True,True,True
745,Arrendatarios,P5140,100000.0,700000.0,2.0,-600000.0,-300000.0,True,True,True,True,True,True
746,Arrendatarios,P5140,100000.0,700000.0,2.0,-600000.0,-300000.0,True,True,True,True,True,True
747,Arrendatarios,P5140,50000.0,650000.0,1.0,-600000.0,-600000.0,True,True,True,True,True,True
748,Propietarios que pagan su vivienda,P5100,400000.0,1000000.0,1.0,-600000.0,-600000.0,True,True,True,True,True,True
749,Arrendatarios,P5140,600000.0,1200000.0,4.0,-600000.0,-150000.0,True,True,True,True,True,True
750,Arrendatarios,P5140,200000.0,800000.0,1.0,-600000.0,-600000.0,True,True,True,True,True,True
751,Arrendatarios,P5140,1000000.0,1600000.0,5.0,-600000.0,-120000.0,True,True,True,True,True,True
752,Arrendatarios,P5140,200000.0,800000.0,3.0,-600000.0,-200000.0,True,True,True,True,True,True
753,Arrendatarios,P5140,700000.0,1300000.0,1.0,-600000.0,-600000.0,True,True,True,True,True,True
754,Arrendatarios,P5140,500000.0,1100000.0,2.0,-600000.0,-300000.0,True,True,True,True,True,True
755,Arrendatarios,P5140,700000.0,1300000.0,4.0,-600000.0,-150000.0,True,True,True,True,True,True
756,Arrendatarios,P5140,500000.0,1100000.0,1.0,-600000.0,-600000.0,True,True,True,True,True,True
757,Arrendatarios,P5140,200000.0,800000.0,2.0,-600000.0,-300000.0,True,True,True,True,True,True
758,Arrendatarios,P5140,2000000.0,2600000.0,2.0,-600000.0,-300000.0,True,True,True,True,True,True
759,Arrendatarios,P5140,200000.0,800000.0,4.0,-600000.0,-150000.0,True,True,True,True,True,True
760,Arrendatarios,P5140,240000.0,840000.0,2.0,-600000.0,-300000.0,True,True,True,True,True,True
761,Arrendatarios,P5140,100000.0,700000.0,5.0,-600000.0,-120000.0,True,True,True,True,True,True
762,Propietarios que pagan su vivienda,P5100,1400000.0,2000000.0,2.0,-600000.0,-300000.0,True,True,True,True,True,True
763,Arrendatarios,P5140,100000.0,700000.0,3.0,-600000.0,-200000.0,True,True,True,True,True,True
764,Arrendatarios,P5140,50000.0,650000.0,3.0,-600000.0,-200000.0,True,True,True,True,True,True
765,Arrendatarios,P5140,100000.0,700000.0,1.0,-600000.0,-600000.0,True,True,True,True,True,True
766,Arrendatarios,P5140,100000.0,700000.0,1.0,-600000.0,-600000.0,True,True,True,True,True,True
767,Arrendatarios,P5140,400000.0,1000000.0,1.0,-600000.0,-600000.0,True,True,True,True,True,True
768,Propietarios que pagan su vivienda,P5100,400000.0,1000000.0,2.0,-600000.0,-300000.0,True,True,True,True,True,True
769,Arrendatarios,P5140,300000.0,900000.0,1.0,-600000.0,-600000.0,True,True,True,True,True,True
770,Arrendatarios,P5140,100000.0,700000.0,4.0,-600000.0,-150000.0,True,True,True,True,True,True
771,Arrendatarios,P5140,200000.0,800000.0,1.0,-600000.0,-600000.0,True,True,True,True,True,True
772,Arrendatarios,P5140,50000.0,650000.0,2.0,-600000.0,-300000.0,True,True,True,True,True,True
773,Arrendatarios,P5140,500000.0,1095000.0,5.0,-595000.0,-119000.0,True,True,True,True,True,True
774,Arrendatarios,P5140,408333.3333333333,1000000.0,2.0,-591666.6666666667,-295833.3333333334,True,True,True,True,True,True
775,Arrendatarios,P5140,208333.33333333334,800000.0,1.0,-591666.6666666666,-591666.6666666666,True,True,True,True,True,True
776,Arrendatarios,P5140,208333.33333333334,800000.0,1.0,-591666.6666666666,-591666.6666666666,True,True,True,True,True,True
777,Arrendatarios,P5140,8333.333333333334,600000.0,3.0,-591666.6666666666,-197222.22222222222,True,True,True,True,True,True
778,Arrendatarios,P5140,8333.333333333334,600000.0,1.0,-591666.6666666666,-591666.6666666666,True,True,True,True,True,True
779,Arrendatarios,P5140,108333.33333333333,700000.0,1.0,-591666.6666666666,-591666.6666666666,True,True,True,True,True,True
780,Arrendatarios,P5140,160000.0,750000.0,2.0,-590000.0,-295000.0,True,True,True,True,True,True
781,Arrendatarios,P5140,60000.0,650000.0,2.0,-590000.0,-295000.0,True,True,True,True,True,True
782,Arrendatarios,P5140,60833.33333333333,650000.0,4.0,-589166.6666666666,-147291.66666666666,True,True,True,True,True,True
783,Arrendatarios,P5140,41666.666666666664,630000.0,1.0,-588333.3333333334,-588333.3333333334,True,True,True,True,True,True
784,Arrendatarios,P5140,62500.0,650000.0,2.0,-587500.0,-293750.0,True,True,True,True,True,True
785,Arrendatarios,P5140,162500.0,750000.0,3.0,-587500.0,-195833.33333333334,True,True,True,True,True,True
786,Arrendatarios,P5140,212500.0,800000.0,3.0,-587500.0,-195833.33333333334,True,True,True,True,True,True
787,Arrendatarios,P5140,163333.33333333334,750000.0,4.0,-586666.6666666666,-146666.66666666666,True,True,True,True,True,True
788,Arrendatarios,P5140,66666.66666666667,650000.0,1.0,-583333.3333333334,-583333.3333333334,True,True,True,True,True,True
789,Arrendatarios,P5140,66666.66666666667,650000.0,3.0,-583333.3333333334,-194444.44444444447,True,True,True,True,True,True
790,Arrendatarios,P5140,116666.66666666667,700000.0,3.0,-583333.3333333334,-194444.44444444447,True,True,True,True,True,True
791,Arrendatarios,P5140,166666.66666666666,750000.0,1.0,-583333.3333333334,-583333.3333333334,True,True,True,True,True,True
792,Arrendatarios,P5140,66666.66666666667,650000.0,1.0,-583333.3333333334,-583333.3333333334,True,True,True,True,True,True
793,Arrendatarios,P5140,266666.6666666667,850000.0,1.0,-583333.3333333333,-583333.3333333333,True,True,True,True,True,True
794,Arrendatarios,P5140,416666.6666666667,1000000.0,1.0,-583333.3333333333,-583333.3333333333,True,True,True,True,True,True
795,Arrendatarios,P5140,137500.0,720000.0,4.0,-582500.0,-145625.0,True,True,True,True,True,True
796,Arrendatarios,P5140,118583.33333333333,700000.0,4.0,-581416.6666666666,-145354.16666666666,True,True,True,True,True,True
797,Arrendatarios,P5140,70000.0,650000.0,1.0,-580000.0,-580000.0,True,True,True,True,True,True
798,Arrendatarios,P5140,200000.0,780000.0,3.0,-580000.0,-193333.33333333334,True,True,True,True,True,True
799,Arrendatarios,P5140,200000.0,780000.0,1.0,-580000.0,-580000.0,True,True,True,True,True,True
800,Arrendatarios,P5140,200000.0,780000.0,1.0,-580000.0,-580000.0,True,True,True,True,True,True
801,Arrendatarios,P5140,123333.33333333333,700000.0,2.0,-576666.6666666666,-288333.3333333333,True,True,True,True,True,True
802,Arrendatarios,P5140,1423500.0,2000000.0,1.0,-576500.0,-576500.0,True,True,True,True,True,True
803,Arrendatarios,P5140,225000.0,800000.0,1.0,-575000.0,-575000.0,True,True,True,True,True,True
804,Arrendatarios,P5140,125000.0,700000.0,3.0,-575000.0,-191666.66666666666,True,True,True,True,True,True
805,Arrendatarios,P5140,125000.0,700000.0,1.0,-575000.0,-575000.0,True,True,True,True,True,True
806,Arrendatarios,P5140,925000.0,1500000.0,4.0,-575000.0,-143750.0,True,True,True,True,True,True
807,Arrendatarios,P5140,125000.0,700000.0,1.0,-575000.0,-575000.0,True,True,True,True,True,True
808,Propietarios que pagan su vivienda,P5100,225000.0,800000.0,3.0,-575000.0,-191666.66666666666,True,True,True,True,True,True
809,Arrendatarios,P5140,125000.0,700000.0,1.0,-575000.0,-575000.0,True,True,True,True,True,True
810,Arrendatarios,P5140,25000.0,600000.0,3.0,-575000.0,-191666.66666666666,True,True,True,True,True,True
811,Arrendatarios,P5140,75000.0,650000.0,3.0,-575000.0,-191666.66666666666,True,True,True,True,True,True
812,Arrendatarios,P5140,725000.0,1300000.0,5.0,-575000.0,-115000.0,True,True,True,True,True,True
813,Arrendatarios,P5140,25416.666666666668,600000.0,2.0,-574583.3333333334,-287291.6666666667,True,True,True,True,True,True
814,Arrendatarios,P5140,26666.666666666668,600000.0,1.0,-573333.3333333334,-573333.3333333334,True,True,True,True,True,True
815,Arrendatarios,P5140,4000000.0,4570000.0,1.0,-570000.0,-570000.0,True,True,True,True,True,True
816,Arrendatarios,P5140,330000.0,900000.0,1.0,-570000.0,-570000.0,True,True,True,True,True,True
817,Arrendatarios,P5140,400000.0,970000.0,1.0,-570000.0,-570000.0,True,True,True,True,True,True
818,Arrendatarios,P5140,51666.666666666664,620000.0,3.0,-568333.3333333334,-189444.44444444447,True,True,True,True,True,True
819,Arrendatarios,P5140,333333.3333333333,900000.0,1.0,-566666.6666666667,-566666.6666666667,True,True,True,True,True,True
820,Arrendatarios,P5140,133333.3333333333,700000.0,1.0,-566666.6666666667,-566666.6666666667,True,True,True,True,True,True
821,Arrendatarios,P5140,33333.333333333336,600000.0,3.0,-566666.6666666666,-188888.88888888888,True,True,True,True,True,True
822,Arrendatarios,P5140,83333.33333333333,650000.0,3.0,-566666.6666666666,-188888.88888888888,True,True,True,True,True,True
823,Arrendatarios,P5140,83333.33333333333,650000.0,1.0,-566666.6666666666,-566666.6666666666,True,True,True,True,True,True
824,Arrendatarios,P5140,833333.3333333334,1400000.0,1.0,-566666.6666666666,-566666.6666666666,True,True,True,True,True,True
825,Arrendatarios,P5140,83333.33333333333,650000.0,1.0,-566666.6666666666,-566666.6666666666,True,True,True,True,True,True
826,Arrendatarios,P5140,833333.3333333334,1400000.0,2.0,-566666.6666666666,-283333.3333333333,True,True,True,True,True,True
827,Arrendatarios,P5140,83333.33333333333,650000.0,3.0,-566666.6666666666,-188888.88888888888,True,True,True,True,True,True
828,Arrendatarios,P5140,83333.33333333333,650000.0,1.0,-566666.6666666666,-566666.6666666666,True,True,True,True,True,True
829,Arrendatarios,P5140,137500.0,700000.0,3.0,-562500.0,-187500.0,True,True,True,True,True,True
830,Arrendatarios,P5140,140000.0,700000.0,1.0,-560000.0,-560000.0,True,True,True,True,True,True
831,Arrendatarios,P5140,41666.666666666664,600000.0,6.0,-558333.3333333334,-93055.55555555556,True,True,True,True,True,True
832,Arrendatarios,P5140,41666.666666666664,600000.0,4.0,-558333.3333333334,-139583.33333333334,True,True,True,True,True,True
833,Arrendatarios,P5140,241666.66666666666,800000.0,2.0,-558333.3333333334,-279166.6666666667,True,True,True,True,True,True
834,Arrendatarios,P5140,291666.6666666667,850000.0,2.0,-558333.3333333333,-279166.6666666666,True,True,True,True,True,True
835,Arrendatarios,P5140,92500.0,650000.0,2.0,-557500.0,-278750.0,True,True,True,True,True,True
836,Arrendatarios,P5140,362500.0,920000.0,5.0,-557500.0,-111500.0,True,True,True,True,True,True
837,Arrendatarios,P5140,1943500.0,2500000.0,4.0,-556500.0,-139125.0,True,True,True,True,True,True
838,Arrendatarios,P5140,245000.0,800000.0,1.0,-555000.0,-555000.0,True,True,True,True,True,True
839,Arrendatarios,P5140,246666.66666666666,800000.0,1.0,-553333.3333333334,-553333.3333333334,True,True,True,True,True,True
840,Arrendatarios,P5140,246666.66666666666,800000.0,1.0,-553333.3333333334,-553333.3333333334,True,True,True,True,True,True
841,Arrendatarios,P5140,146666.6666666667,700000.0,1.0,-553333.3333333333,-553333.3333333333,True,True,True,True,True,True
842,Arrendatarios,P5140,98333.33333333333,650000.0,1.0,-551666.6666666666,-551666.6666666666,True,True,True,True,True,True
843,Arrendatarios,P5140,200000.0,750000.0,4.0,-550000.0,-137500.0,True,True,True,True,True,True
844,Arrendatarios,P5140,1000000.0,1550000.0,3.0,-550000.0,-183333.33333333334,True,True,True,True,True,True
845,Arrendatarios,P5140,200000.0,750000.0,3.0,-550000.0,-183333.33333333334,True,True,True,True,True,True
846,Arrendatarios,P5140,200000.0,750000.0,4.0,-550000.0,-137500.0,True,True,True,True,True,True
847,Arrendatarios,P5140,250000.0,800000.0,2.0,-550000.0,-275000.0,True,True,True,True,True,True
848,Propietarios que pagan su vivienda,P5100,1200000.0,1750000.0,4.0,-550000.0,-137500.0,True,True,True,True,True,True
849,Arrendatarios,P5140,150000.0,700000.0,2.0,-550000.0,-275000.0,True,True,True,True,True,True
850,Arrendatarios,P5140,100000.0,650000.0,4.0,-550000.0,-137500.0,True,True,True,True,True,True
851,Arrendatarios,P5140,50000.0,600000.0,2.0,-550000.0,-275000.0,True,True,True,True,True,True
852,Arrendatarios,P5140,150000.0,700000.0,2.0,-550000.0,-275000.0,True,True,True,True,True,True
853,Arrendatarios,P5140,750000.0,1300000.0,6.0,-550000.0,-91666.66666666667,True,True,True,True,True,True
854,Arrendatarios,P5140,250000.0,800000.0,1.0,-550000.0,-550000.0,True,True,True,True,True,True
855,Arrendatarios,P5140,300000.0,850000.0,5.0,-550000.0,-110000.0,True,True,True,True,True,True
856,Arrendatarios,P5140,50000.0,600000.0,2.0,-550000.0,-275000.0,True,True,True,True,True,True
857,Arrendatarios,P5140,250000.0,800000.0,1.0,-550000.0,-550000.0,True,True,True,True,True,True
858,Arrendatarios,P5140,200000.0,750000.0,1.0,-550000.0,-550000.0,True,True,True,True,True,True
859,Arrendatarios,P5140,100000.0,650000.0,3.0,-550000.0,-183333.33333333334,True,True,True,True,True,True
860,Arrendatarios,P5140,500000.0,1050000.0,1.0,-550000.0,-550000.0,True,True,True,True,True,True
861,Arrendatarios,P5140,150000.0,700000.0,1.0,-550000.0,-550000.0,True,True,True,True,True,True
862,Arrendatarios,P5140,250000.0,800000.0,2.0,-550000.0,-275000.0,True,True,True,True,True,True
863,Arrendatarios,P5140,200000.0,750000.0,1.0,-550000.0,-550000.0,True,True,True,True,True,True
864,Arrendatarios,P5140,200000.0,750000.0,3.0,-550000.0,-183333.33333333334,True,True,True,True,True,True
865,Arrendatarios,P5140,100000.0,650000.0,1.0,-550000.0,-550000.0,True,True,True,True,True,True
866,Arrendatarios,P5140,250000.0,800000.0,1.0,-550000.0,-550000.0,True,True,True,True,True,True
867,Arrendatarios,P5140,250000.0,800000.0,1.0,-550000.0,-550000.0,True,True,True,True,True,True
868,Arrendatarios,P5140,200000.0,750000.0,1.0,-550000.0,-550000.0,True,True,True,True,True,True
869,Arrendatarios,P5140,50000.0,600000.0,2.0,-550000.0,-275000.0,True,True,True,True,True,True
870,Propietarios que pagan su vivienda,P5100,650000.0,1200000.0,3.0,-550000.0,-183333.33333333334,True,True,True,True,True,True
871,Arrendatarios,P5140,350000.0,900000.0,3.0,-550000.0,-183333.33333333334,True,True,True,True,True,True
872,Arrendatarios,P5140,1250000.0,1800000.0,1.0,-550000.0,-550000.0,True,True,True,True,True,True
873,Arrendatarios,P5140,500000.0,1050000.0,2.0,-550000.0,-275000.0,True,True,True,True,True,True
874,Arrendatarios,P5140,200000.0,750000.0,3.0,-550000.0,-183333.33333333334,True,True,True,True,True,True
875,Arrendatarios,P5140,150000.0,700000.0,3.0,-550000.0,-183333.33333333334,True,True,True,True,True,True
876,Arrendatarios,P5140,50000.0,600000.0,1.0,-550000.0,-550000.0,True,True,True,True,True,True
877,Arrendatarios,P5140,50000.0,600000.0,4.0,-550000.0,-137500.0,True,True,True,True,True,True
878,Arrendatarios,P5140,250000.0,800000.0,3.0,-550000.0,-183333.33333333334,True,True,True,True,True,True
879,Arrendatarios,P5140,48.0,550000.0,5.0,-549952.0,-109990.4,True,True,True,True,True,True
880,Arrendatarios,P5140,150666.66666666666,700000.0,3.0,-549333.3333333334,-183111.11111111112,True,True,True,True,True,True
881,Arrendatarios,P5140,102083.33333333333,650000.0,1.0,-547916.6666666666,-547916.6666666666,True,True,True,True,True,True
882,Arrendatarios,P5140,83333.33333333333,630000.0,6.0,-546666.6666666666,-91111.11111111111,True,True,True,True,True,True
883,Propietarios que pagan su vivienda,P5100,304166.6666666667,850000.0,2.0,-545833.3333333333,-272916.6666666666,True,True,True,True,True,True
884,Arrendatarios,P5140,105000.66666666667,650000.0,1.0,-544999.3333333334,-544999.3333333334,True,True,True,True,True,True
885,Arrendatarios,P5140,108333.33333333333,650000.0,1.0,-541666.6666666666,-541666.6666666666,True,True,True,True,True,True
886,Arrendatarios,P5140,58333.333333333336,600000.0,1.0,-541666.6666666666,-541666.6666666666,True,True,True,True,True,True
887,Arrendatarios,P5140,208333.33333333334,750000.0,1.0,-541666.6666666666,-541666.6666666666,True,True,True,True,True,True
888,Arrendatarios,P5140,208333.33333333334,750000.0,2.0,-541666.6666666666,-270833.3333333333,True,True,True,True,True,True
889,Arrendatarios,P5140,108333.33333333333,650000.0,1.0,-541666.6666666666,-541666.6666666666,True,True,True,True,True,True
890,Arrendatarios,P5140,58333.333333333336,600000.0,2.0,-541666.6666666666,-270833.3333333333,True,True,True,True,True,True
891,Arrendatarios,P5140,108333.33333333334,650000.0,1.0,-541666.6666666666,-541666.6666666666,True,True,True,True,True,True
892,Arrendatarios,P5140,79166.66666666667,620000.0,2.0,-540833.3333333334,-270416.6666666667,True,True,True,True,True,True
893,Arrendatarios,P5140,60000.0,600000.0,3.0,-540000.0,-180000.0,True,True,True,True,True,True
894,Arrendatarios,P5140,60000.0,600000.0,3.0,-540000.0,-180000.0,True,True,True,True,True,True
895,Arrendatarios,P5140,161583.33333333334,700000.0,2.0,-538416.6666666666,-269208.3333333333,True,True,True,True,True,True
896,Arrendatarios,P5140,141666.66666666666,680000.0,3.0,-538333.3333333334,-179444.44444444447,True,True,True,True,True,True
897,Arrendatarios,P5140,1366560.0,1900000.0,2.0,-533440.0,-266720.0,True,True,True,True,True,True
898,Arrendatarios,P5140,66666.66666666667,600000.0,1.0,-533333.3333333334,-533333.3333333334,True,True,True,True,True,True
899,Arrendatarios,P5140,166666.66666666666,700000.0,2.0,-533333.3333333334,-266666.6666666667,True,True,True,True,True,True
900,Arrendatarios,P5140,166666.66666666666,700000.0,2.0,-533333.3333333334,-266666.6666666667,True,True,True,True,True,True
901,Arrendatarios,P5140,166666.66666666666,700000.0,3.0,-533333.3333333334,-177777.77777777778,True,True,True,True,True,True
902,Arrendatarios,P5140,66666.66666666667,600000.0,3.0,-533333.3333333334,-177777.77777777778,True,True,True,True,True,True
903,Arrendatarios,P5140,166666.66666666666,700000.0,3.0,-533333.3333333334,-177777.77777777778,True,True,True,True,True,True
904,Arrendatarios,P5140,66666.66666666667,600000.0,1.0,-533333.3333333334,-533333.3333333334,True,True,True,True,True,True
905,Arrendatarios,P5140,66666.66666666667,600000.0,1.0,-533333.3333333334,-533333.3333333334,True,True,True,True,True,True
906,Arrendatarios,P5140,166666.66666666666,700000.0,1.0,-533333.3333333334,-533333.3333333334,True,True,True,True,True,True
907,Arrendatarios,P5140,66666.66666666667,600000.0,1.0,-533333.3333333334,-533333.3333333334,True,True,True,True,True,True
908,Arrendatarios,P5140,66666.66666666667,600000.0,1.0,-533333.3333333334,-533333.3333333334,True,True,True,True,True,True
909,Propietarios que pagan su vivienda,P5100,666666.6666666666,1200000.0,2.0,-533333.3333333334,-266666.6666666667,True,True,True,True,True,True
910,Arrendatarios,P5140,66666.66666666667,600000.0,1.0,-533333.3333333334,-533333.3333333334,True,True,True,True,True,True
911,Arrendatarios,P5140,66666.66666666667,600000.0,1.0,-533333.3333333334,-533333.3333333334,True,True,True,True,True,True
912,Arrendatarios,P5140,166666.66666666666,700000.0,1.0,-533333.3333333334,-533333.3333333334,True,True,True,True,True,True
913,Arrendatarios,P5140,166666.66666666666,700000.0,1.0,-533333.3333333334,-533333.3333333334,True,True,True,True,True,True
914,Arrendatarios,P5140,166666.66666666666,700000.0,3.0,-533333.3333333334,-177777.77777777778,True,True,True,True,True,True
915,Propietarios que pagan su vivienda,P5100,166666.66666666666,700000.0,1.0,-533333.3333333334,-533333.3333333334,True,True,True,True,True,True
916,Arrendatarios,P5140,66666.66666666667,600000.0,2.0,-533333.3333333334,-266666.6666666667,True,True,True,True,True,True
917,Arrendatarios,P5140,66666.66666666667,600000.0,1.0,-533333.3333333334,-533333.3333333334,True,True,True,True,True,True
918,Arrendatarios,P5140,66666.66666666667,600000.0,1.0,-533333.3333333334,-533333.3333333334,True,True,True,True,True,True
919,Arrendatarios,P5140,66666.66666666667,600000.0,1.0,-533333.3333333334,-533333.3333333334,True,True,True,True,True,True
920,Arrendatarios,P5140,166666.66666666666,700000.0,1.0,-533333.3333333334,-533333.3333333334,True,True,True,True,True,True
921,Arrendatarios,P5140,316666.6666666667,850000.0,1.0,-533333.3333333333,-533333.3333333333,True,True,True,True,True,True
922,Arrendatarios,P5140,70000.0,600000.0,2.0,-530000.0,-265000.0,True,True,True,True,True,True
923,Arrendatarios,P5140,70000.0,600000.0,3.0,-530000.0,-176666.66666666666,True,True,True,True,True,True
924,Arrendatarios,P5140,170000.0,700000.0,3.0,-530000.0,-176666.66666666666,True,True,True,True,True,True
925,Propietarios que pagan su vivienda,P5100,250000.0,780000.0,1.0,-530000.0,-530000.0,True,True,True,True,True,True
926,Arrendatarios,P5140,170000.0,700000.0,4.0,-530000.0,-132500.0,True,True,True,True,True,True
927,Arrendatarios,P5140,70833.33333333333,600000.0,2.0,-529166.6666666666,-264583.3333333333,True,True,True,True,True,True
928,Arrendatarios,P5140,75000.0,600000.0,2.0,-525000.0,-262500.0,True,True,True,True,True,True
929,Arrendatarios,P5140,125000.0,650000.0,2.0,-525000.0,-262500.0,True,True,True,True,True,True
930,Arrendatarios,P5140,125000.0,650000.0,2.0,-525000.0,-262500.0,True,True,True,True,True,True
931,Arrendatarios,P5140,125000.0,650000.0,1.0,-525000.0,-525000.0,True,True,True,True,True,True
932,Arrendatarios,P5140,1375000.0,1900000.0,1.0,-525000.0,-525000.0,True,True,True,True,True,True
933,Arrendatarios,P5140,75000.0,600000.0,2.0,-525000.0,-262500.0,True,True,True,True,True,True
934,Arrendatarios,P5140,75000.0,600000.0,3.0,-525000.0,-175000.0,True,True,True,True,True,True
935,Arrendatarios,P5140,75000.0,600000.0,4.0,-525000.0,-131250.0,True,True,True,True,True,True
936,Arrendatarios,P5140,25000.0,550000.0,3.0,-525000.0,-175000.0,True,True,True,True,True,True
937,Arrendatarios,P5140,125000.0,650000.0,1.0,-525000.0,-525000.0,True,True,True,True,True,True
938,Arrendatarios,P5140,75000.0,600000.0,4.0,-525000.0,-131250.0,True,True,True,True,True,True
939,Arrendatarios,P5140,80000.0,600000.0,3.0,-520000.0,-173333.33333333334,True,True,True,True,True,True
940,Arrendatarios,P5140,130000.0,650000.0,3.0,-520000.0,-173333.33333333334,True,True,True,True,True,True
941,Arrendatarios,P5140,80000.0,600000.0,2.0,-520000.0,-260000.0,True,True,True,True,True,True
942,Arrendatarios,P5140,200000.0,720000.0,3.0,-520000.0,-173333.33333333334,True,True,True,True,True,True
943,Arrendatarios,P5140,260000.0,780000.0,1.0,-520000.0,-520000.0,True,True,True,True,True,True
944,Propietarios que pagan su vivienda,P5100,680833.3333333334,1200000.0,1.0,-519166.6666666666,-519166.6666666666,True,True,True,True,True,True
945,Arrendatarios,P5140,83333.33333333333,600000.0,1.0,-516666.6666666667,-516666.6666666667,True,True,True,True,True,True
946,Arrendatarios,P5140,83333.33333333333,600000.0,1.0,-516666.6666666667,-516666.6666666667,True,True,True,True,True,True
947,Arrendatarios,P5140,83333.33333333333,600000.0,3.0,-516666.6666666667,-172222.22222222222,True,True,True,True,True,True
948,Arrendatarios,P5140,83333.33333333333,600000.0,3.0,-516666.6666666667,-172222.22222222222,True,True,True,True,True,True
949,Arrendatarios,P5140,83333.33333333333,600000.0,3.0,-516666.6666666667,-172222.22222222222,True,True,True,True,True,True
950,Arrendatarios,P5140,83333.33333333333,600000.0,1.0,-516666.6666666667,-516666.6666666667,True,True,True,True,True,True
951,Arrendatarios,P5140,83333.33333333333,600000.0,1.0,-516666.6666666667,-516666.6666666667,True,True,True,True,True,True
952,Arrendatarios,P5140,33333.333333333336,550000.0,4.0,-516666.6666666667,-129166.66666666667,True,True,True,True,True,True
953,Arrendatarios,P5140,83333.33333333333,600000.0,2.0,-516666.6666666667,-258333.33333333334,True,True,True,True,True,True
954,Arrendatarios,P5140,333333.3333333333,850000.0,1.0,-516666.6666666667,-516666.6666666667,True,True,True,True,True,True
955,Arrendatarios,P5140,83333.33333333333,600000.0,1.0,-516666.6666666667,-516666.6666666667,True,True,True,True,True,True
956,Arrendatarios,P5140,83333.33333333333,600000.0,2.0,-516666.6666666667,-258333.33333333334,True,True,True,True,True,True
957,Arrendatarios,P5140,83333.33333333333,600000.0,1.0,-516666.6666666667,-516666.6666666667,True,True,True,True,True,True
958,Arrendatarios,P5140,83333.33333333333,600000.0,2.0,-516666.6666666667,-258333.33333333334,True,True,True,True,True,True
959,Arrendatarios,P5140,83333.33333333333,600000.0,2.0,-516666.6666666667,-258333.33333333334,True,True,True,True,True,True
960,Arrendatarios,P5140,83333.33333333333,600000.0,1.0,-516666.6666666667,-516666.6666666667,True,True,True,True,True,True
961,Arrendatarios,P5140,83333.33333333333,600000.0,1.0,-516666.6666666667,-516666.6666666667,True,True,True,True,True,True
962,Arrendatarios,P5140,83333.33333333333,600000.0,2.0,-516666.6666666667,-258333.33333333334,True,True,True,True,True,True
963,Arrendatarios,P5140,83333.33333333333,600000.0,2.0,-516666.6666666667,-258333.33333333334,True,True,True,True,True,True
964,Arrendatarios,P5140,83333.33333333333,600000.0,1.0,-516666.6666666667,-516666.6666666667,True,True,True,True,True,True
965,Arrendatarios,P5140,83333.33333333333,600000.0,1.0,-516666.6666666667,-516666.6666666667,True,True,True,True,True,True
966,Arrendatarios,P5140,83333.33333333333,600000.0,1.0,-516666.6666666667,-516666.6666666667,True,True,True,True,True,True
967,Arrendatarios,P5140,133333.33333333334,650000.0,1.0,-516666.6666666666,-516666.6666666666,True,True,True,True,True,True
968,Arrendatarios,P5140,133333.33333333334,650000.0,2.0,-516666.6666666666,-258333.3333333333,True,True,True,True,True,True
969,Arrendatarios,P5140,183333.33333333334,700000.0,1.0,-516666.6666666666,-516666.6666666666,True,True,True,True,True,True
970,Arrendatarios,P5140,166666.66666666666,680000.0,1.0,-513333.3333333334,-513333.3333333334,True,True,True,True,True,True
971,Arrendatarios,P5140,306666.6666666667,820000.0,1.0,-513333.3333333333,-513333.3333333333,True,True,True,True,True,True
972,Arrendatarios,P5140,288333.3333333334,800000.0,1.0,-511666.6666666666,-511666.6666666666,True,True,True,True,True,True
973,Arrendatarios,P5140,239166.66666666666,750000.0,1.0,-510833.3333333334,-510833.3333333334,True,True,True,True,True,True
974,Arrendatarios,P5140,340000.0,850000.0,4.0,-510000.0,-127500.0,True,True,True,True,True,True
975,Arrendatarios,P5140,41666.666666666664,550000.0,1.0,-508333.3333333333,-508333.3333333333,True,True,True,True,True,True
976,Arrendatarios,P5140,291666.6666666667,800000.0,2.0,-508333.3333333333,-254166.66666666666,True,True,True,True,True,True
977,Arrendatarios,P5140,118625.0,625000.0,1.0,-506375.0,-506375.0,True,True,True,True,True,True
978,Arrendatarios,P5140,195000.0,700000.0,2.0,-505000.0,-252500.0,True,True,True,True,True,True
979,Arrendatarios,P5140,146666.66666666666,650000.0,2.0,-503333.3333333334,-251666.6666666667,True,True,True,True,True,True
980,Arrendatarios,P5140,208333.33333333334,710000.0,1.0,-501666.6666666666,-501666.6666666666,True,True,True,True,True,True
981,Arrendatarios,P5140,199166.6666666667,700000.0,1.0,-500833.3333333333,-500833.3333333333,True,True,True,True,True,True
982,Arrendatarios,P5140,200000.0,700000.0,1.0,-500000.0,-500000.0,True,True,True,True,True,True
983,Arrendatarios,P5140,100000.0,600000.0,1.0,-500000.0,-500000.0,True,True,True,True,True,True
984,Arrendatarios,P5140,1500000.0,2000000.0,2.0,-500000.0,-250000.0,True,True,True,True,True,True
985,Arrendatarios,P5140,100000.0,600000.0,1.0,-500000.0,-500000.0,True,True,True,True,True,True
986,Arrendatarios,P5140,300000.0,800000.0,1.0,-500000.0,-500000.0,True,True,True,True,True,True
987,Arrendatarios,P5140,100000.0,600000.0,1.0,-500000.0,-500000.0,True,True,True,True,True,True
988,Propietarios que pagan su vivienda,P5100,1000000.0,1500000.0,4.0,-500000.0,-125000.0,True,True,True,True,True,True
989,Arrendatarios,P5140,900000.0,1400000.0,2.0,-500000.0,-250000.0,True,True,True,True,True,True
990,Propietarios que pagan su vivienda,P5100,1500000.0,2000000.0,2.0,-500000.0,-250000.0,True,True,True,True,True,True
991,Arrendatarios,P5140,700000.0,1200000.0,4.0,-500000.0,-125000.0,True,True,True,True,True,True
992,Arrendatarios,P5140,200000.0,700000.0,2.0,-500000.0,-250000.0,True,True,True,True,True,True
993,Arrendatarios,P5140,300000.0,800000.0,1.0,-500000.0,-500000.0,True,True,True,True,True,True
994,Arrendatarios,P5140,300000.0,800000.0,4.0,-500000.0,-125000.0,True,True,True,True,True,True
995,Arrendatarios,P5140,300000.0,800000.0,5.0,-500000.0,-100000.0,True,True,True,True,True,True
996,Arrendatarios,P5140,800000.0,1300000.0,3.0,-500000.0,-166666.66666666666,True,True,True,True,True,True
997,Arrendatarios,P5140,100000.0,600000.0,2.0,-500000.0,-250000.0,True,True,True,True,True,True
998,Propietarios que pagan su vivienda,P5100,1000000.0,1500000.0,2.0,-500000.0,-250000.0,True,True,True,True,True,True
999,Arrendatarios,P5140,1000000.0,1500000.0,1.0,-500000.0,-500000.0,True,True,True,True,True,True
1000,Arrendatarios,P5140,1000000.0,1500000.0,3.0,-500000.0,-166666.66666666666,True,True,True,True,True,True
1001,Arrendatarios,P5140,200000.0,700000.0,1.0,-500000.0,-500000.0,True,True,True,True,True,True
1002,Arrendatarios,P5140,200000.0,700000.0,3.0,-500000.0,-166666.66666666666,True,True,True,True,True,True
1003,Arrendatarios,P5140,300000.0,800000.0,1.0,-500000.0,-500000.0,True,True,True,True,True,True
1004,Arrendatarios,P5140,100000.0,600000.0,4.0,-500000.0,-125000.0,True,True,True,True,True,True
1005,Arrendatarios,P5140,500000.0,1000000.0,1.0,-500000.0,-500000.0,True,True,True,True,True,True
1006,Propietarios que pagan su vivienda,P5100,1500000.0,2000000.0,3.0,-500000.0,-166666.66666666666,True,True,True,True,True,True
1007,Arrendatarios,P5140,500000.0,1000000.0,2.0,-500000.0,-250000.0,True,True,True,True,True,True
1008,Arrendatarios,P5140,2000000.0,2500000.0,2.0,-500000.0,-250000.0,True,True,True,True,True,True
1009,Arrendatarios,P5140,2000000.0,2500000.0,1.0,-500000.0,-500000.0,True,True,True,True,True,True
1010,Propietarios que pagan su vivienda,P5100,800000.0,1300000.0,3.0,-500000.0,-166666.66666666666,True,True,True,True,True,True
1011,Arrendatarios,P5140,3000000.0,3500000.0,1.0,-500000.0,-500000.0,True,True,True,True,True,True
1012,Arrendatarios,P5140,200000.0,700000.0,2.0,-500000.0,-250000.0,True,True,True,True,True,True
1013,Arrendatarios,P5140,2500000.0,3000000.0,1.0,-500000.0,-500000.0,True,True,True,True,True,True
1014,Arrendatarios,P5140,200000.0,700000.0,1.0,-500000.0,-500000.0,True,True,True,True,True,True
1015,Propietarios que pagan su vivienda,P5100,1000000.0,1500000.0,1.0,-500000.0,-500000.0,True,True,True,True,True,True
1016,Propietarios que pagan su vivienda,P5100,400000.0,900000.0,1.0,-500000.0,-500000.0,True,True,True,True,True,True
1017,Arrendatarios,P5140,1000000.0,1500000.0,1.0,-500000.0,-500000.0,True,True,True,True,True,True
1018,Arrendatarios,P5140,50000.0,550000.0,1.0,-500000.0,-500000.0,True,True,True,True,True,True
1019,Arrendatarios,P5140,200000.0,700000.0,4.0,-500000.0,-125000.0,True,True,True,True,True,True
1020,Arrendatarios,P5140,1500000.0,2000000.0,2.0,-500000.0,-250000.0,True,True,True,True,True,True
1021,Arrendatarios,P5140,50000.0,550000.0,1.0,-500000.0,-500000.0,True,True,True,True,True,True
1022,Arrendatarios,P5140,1200000.0,1700000.0,3.0,-500000.0,-166666.66666666666,True,True,True,True,True,True
1023,Arrendatarios,P5140,300000.0,800000.0,1.0,-500000.0,-500000.0,True,True,True,True,True,True
1024,Propietarios que pagan su vivienda,P5100,1000000.0,1500000.0,3.0,-500000.0,-166666.66666666666,True,True,True,True,True,True
1025,Arrendatarios,P5140,200000.0,700000.0,4.0,-500000.0,-125000.0,True,True,True,True,True,True
1026,Arrendatarios,P5140,500000.0,1000000.0,2.0,-500000.0,-250000.0,True,True,True,True,True,True
1027,Arrendatarios,P5140,300000.0,800000.0,1.0,-500000.0,-500000.0,True,True,True,True,True,True
1028,Arrendatarios,P5140,700000.0,1200000.0,4.0,-500000.0,-125000.0,True,True,True,True,True,True
1029,Propietarios que pagan su vivienda,P5100,200000.0,700000.0,4.0,-500000.0,-125000.0,True,True,True,True,True,True
1030,Arrendatarios,P5140,1000000.0,1500000.0,1.0,-500000.0,-500000.0,True,True,True,True,True,True
1031,Propietarios que pagan su vivienda,P5100,1500000.0,2000000.0,2.0,-500000.0,-250000.0,True,True,True,True,True,True
1032,Arrendatarios,P5140,2000000.0,2500000.0,4.0,-500000.0,-125000.0,True,True,True,True,True,True
1033,Arrendatarios,P5140,400000.0,900000.0,5.0,-500000.0,-100000.0,True,True,True,True,True,True
1034,Arrendatarios,P5140,200000.0,700000.0,1.0,-500000.0,-500000.0,True,True,True,True,True,True
1035,Arrendatarios,P5140,100000.0,600000.0,1.0,-500000.0,-500000.0,True,True,True,True,True,True
1036,Arrendatarios,P5140,1000000.0,1500000.0,1.0,-500000.0,-500000.0,True,True,True,True,True,True
1037,Arrendatarios,P5140,500000.0,1000000.0,3.0,-500000.0,-166666.66666666666,True,True,True,True,True,True
1038,Arrendatarios,P5140,50000.0,550000.0,1.0,-500000.0,-500000.0,True,True,True,True,True,True
1039,Arrendatarios,P5140,1500000.0,2000000.0,4.0,-500000.0,-125000.0,True,True,True,True,True,True
1040,Arrendatarios,P5140,100000.0,600000.0,2.0,-500000.0,-250000.0,True,True,True,True,True,True
1041,Arrendatarios,P5140,1000000.0,1500000.0,4.0,-500000.0,-125000.0,True,True,True,True,True,True
1042,Arrendatarios,P5140,250000.0,750000.0,2.0,-500000.0,-250000.0,True,True,True,True,True,True
1043,Arrendatarios,P5140,500000.0,1000000.0,2.0,-500000.0,-250000.0,True,True,True,True,True,True
1044,Arrendatarios,P5140,50000.0,550000.0,3.0,-500000.0,-166666.66666666666,True,True,True,True,True,True
1045,Arrendatarios,P5140,1500000.0,2000000.0,4.0,-500000.0,-125000.0,True,True,True,True,True,True
1046,Arrendatarios,P5140,200000.0,700000.0,1.0,-500000.0,-500000.0,True,True,True,True,True,True
1047,Arrendatarios,P5140,100000.0,600000.0,5.0,-500000.0,-100000.0,True,True,True,True,True,True
1048,Arrendatarios,P5140,200000.0,700000.0,4.0,-500000.0,-125000.0,True,True,True,True,True,True
1049,Arrendatarios,P5140,200000.0,700000.0,3.0,-500000.0,-166666.66666666666,True,True,True,True,True,True
1050,Arrendatarios,P5140,1000000.0,1500000.0,1.0,-500000.0,-500000.0,True,True,True,True,True,True
1051,Propietarios que pagan su vivienda,P5100,200000.0,700000.0,3.0,-500000.0,-166666.66666666666,True,True,True,True,True,True
1052,Arrendatarios,P5140,300000.0,800000.0,2.0,-500000.0,-250000.0,True,True,True,True,True,True
1053,Arrendatarios,P5140,100000.0,600000.0,2.0,-500000.0,-250000.0,True,True,True,True,True,True
1054,Arrendatarios,P5140,400000.0,900000.0,1.0,-500000.0,-500000.0,True,True,True,True,True,True
1055,Arrendatarios,P5140,50000.0,550000.0,1.0,-500000.0,-500000.0,True,True,True,True,True,True
1056,Arrendatarios,P5140,1500000.0,2000000.0,3.0,-500000.0,-166666.66666666666,True,True,True,True,True,True
1057,Arrendatarios,P5140,1000000.0,1500000.0,3.0,-500000.0,-166666.66666666666,True,True,True,True,True,True
1058,Arrendatarios,P5140,300000.0,800000.0,3.0,-500000.0,-166666.66666666666,True,True,True,True,True,True
1059,Arrendatarios,P5140,50000.0,550000.0,2.0,-500000.0,-250000.0,True,True,True,True,True,True
1060,Arrendatarios,P5140,1000000.0,1500000.0,3.0,-500000.0,-166666.66666666666,True,True,True,True,True,True
1061,Propietarios que pagan su vivienda,P5100,1800000.0,2300000.0,2.0,-500000.0,-250000.0,True,True,True,True,True,True
1062,Arrendatarios,P5140,1201666.6666666667,1700000.0,2.0,-498333.33333333326,-249166.66666666663,True,True,True,True,True,True
1063,Arrendatarios,P5140,136250.0,630000.0,3.0,-493750.0,-164583.33333333334,True,True,True,True,True,True
1064,Arrendatarios,P5140,6666.666666666667,500000.0,1.0,-493333.3333333333,-493333.3333333333,True,True,True,True,True,True
1065,Arrendatarios,P5140,256666.6666666667,750000.0,2.0,-493333.3333333333,-246666.66666666666,True,True,True,True,True,True
1066,Arrendatarios,P5140,56666.666666666664,550000.0,3.0,-493333.3333333333,-164444.44444444444,True,True,True,True,True,True
1067,Arrendatarios,P5140,607000.0,1100000.0,1.0,-493000.0,-493000.0,True,True,True,True,True,True
1068,Arrendatarios,P5140,108333.33333333333,600000.0,1.0,-491666.6666666667,-491666.6666666667,True,True,True,True,True,True
1069,Arrendatarios,P5140,58333.333333333336,550000.0,4.0,-491666.6666666667,-122916.66666666667,True,True,True,True,True,True
1070,Arrendatarios,P5140,108333.33333333333,600000.0,1.0,-491666.6666666667,-491666.6666666667,True,True,True,True,True,True
1071,Arrendatarios,P5140,108333.33333333333,600000.0,1.0,-491666.6666666667,-491666.6666666667,True,True,True,True,True,True
1072,Arrendatarios,P5140,108333.33333333333,600000.0,3.0,-491666.6666666667,-163888.8888888889,True,True,True,True,True,True
1073,Arrendatarios,P5140,158333.33333333334,650000.0,2.0,-491666.6666666666,-245833.3333333333,True,True,True,True,True,True
1074,Arrendatarios,P5140,208333.33333333334,700000.0,1.0,-491666.6666666666,-491666.6666666666,True,True,True,True,True,True
1075,Arrendatarios,P5140,208333.33333333334,700000.0,2.0,-491666.6666666666,-245833.3333333333,True,True,True,True,True,True
1076,Arrendatarios,P5140,8833.333333333334,500000.0,3.0,-491166.6666666667,-163722.22222222222,True,True,True,True,True,True
1077,Arrendatarios,P5140,1000000.0,1490000.0,2.0,-490000.0,-245000.0,True,True,True,True,True,True
1078,Arrendatarios,P5140,300000.0,790000.0,2.0,-490000.0,-245000.0,True,True,True,True,True,True
1079,Propietarios que pagan su vivienda,P5100,250000.0,740000.0,3.0,-490000.0,-163333.33333333334,True,True,True,True,True,True
1080,Arrendatarios,P5140,212500.0,700000.0,2.0,-487500.0,-243750.0,True,True,True,True,True,True
1081,Arrendatarios,P5140,112500.0,600000.0,7.0,-487500.0,-69642.85714285714,True,True,True,True,True,True
1082,Arrendatarios,P5140,70833.33333333333,555000.0,2.0,-484166.6666666667,-242083.33333333334,True,True,True,True,True,True
1083,Arrendatarios,P5140,166666.66666666666,650000.0,1.0,-483333.3333333334,-483333.3333333334,True,True,True,True,True,True
1084,Arrendatarios,P5140,116666.66666666666,600000.0,3.0,-483333.3333333334,-161111.11111111112,True,True,True,True,True,True
1085,Arrendatarios,P5140,166666.66666666666,650000.0,1.0,-483333.3333333334,-483333.3333333334,True,True,True,True,True,True
1086,Arrendatarios,P5140,166666.66666666666,650000.0,4.0,-483333.3333333334,-120833.33333333334,True,True,True,True,True,True
1087,Arrendatarios,P5140,166666.66666666666,650000.0,2.0,-483333.3333333334,-241666.6666666667,True,True,True,True,True,True
1088,Arrendatarios,P5140,166666.66666666666,650000.0,1.0,-483333.3333333334,-483333.3333333334,True,True,True,True,True,True
1089,Arrendatarios,P5140,66666.66666666667,550000.0,2.0,-483333.3333333333,-241666.66666666666,True,True,True,True,True,True
1090,Arrendatarios,P5140,16666.666666666668,500000.0,1.0,-483333.3333333333,-483333.3333333333,True,True,True,True,True,True
1091,Arrendatarios,P5140,416666.6666666667,900000.0,1.0,-483333.3333333333,-483333.3333333333,True,True,True,True,True,True
1092,Arrendatarios,P5140,16666.666666666668,500000.0,4.0,-483333.3333333333,-120833.33333333333,True,True,True,True,True,True
1093,Arrendatarios,P5140,116666.66666666667,600000.0,2.0,-483333.3333333333,-241666.66666666666,True,True,True,True,True,True
1094,Arrendatarios,P5140,116666.66666666667,600000.0,3.0,-483333.3333333333,-161111.1111111111,True,True,True,True,True,True
1095,Arrendatarios,P5140,416666.6666666667,900000.0,1.0,-483333.3333333333,-483333.3333333333,True,True,True,True,True,True
1096,Arrendatarios,P5140,416666.6666666667,900000.0,2.0,-483333.3333333333,-241666.66666666666,True,True,True,True,True,True
1097,Arrendatarios,P5140,116666.66666666667,600000.0,2.0,-483333.3333333333,-241666.66666666666,True,True,True,True,True,True
1098,Arrendatarios,P5140,16666.666666666668,500000.0,2.0,-483333.3333333333,-241666.66666666666,True,True,True,True,True,True
1099,Arrendatarios,P5140,416666.6666666667,900000.0,1.0,-483333.3333333333,-483333.3333333333,True,True,True,True,True,True
1100,Arrendatarios,P5140,116666.66666666667,600000.0,2.0,-483333.3333333333,-241666.66666666666,True,True,True,True,True,True
1101,Arrendatarios,P5140,66666.66666666667,550000.0,2.0,-483333.3333333333,-241666.66666666666,True,True,True,True,True,True
1102,Arrendatarios,P5140,66666.66666666667,550000.0,2.0,-483333.3333333333,-241666.66666666666,True,True,True,True,True,True
1103,Propietarios que pagan su vivienda,P5100,318750.0,800000.0,5.0,-481250.0,-96250.0,True,True,True,True,True,True
1104,Propietarios que pagan su vivienda,P5100,1720000.0,2200000.0,5.0,-480000.0,-96000.0,True,True,True,True,True,True
1105,Arrendatarios,P5140,120000.0,600000.0,3.0,-480000.0,-160000.0,True,True,True,True,True,True
1106,Arrendatarios,P5140,150000.0,630000.0,2.0,-480000.0,-240000.0,True,True,True,True,True,True
1107,Arrendatarios,P5140,120000.0,600000.0,2.0,-480000.0,-240000.0,True,True,True,True,True,True
1108,Arrendatarios,P5140,120000.0,600000.0,4.0,-480000.0,-120000.0,True,True,True,True,True,True
1109,Arrendatarios,P5140,120000.0,600000.0,3.0,-480000.0,-160000.0,True,True,True,True,True,True
1110,Arrendatarios,P5140,60333.333333333336,540000.0,1.0,-479666.6666666667,-479666.6666666667,True,True,True,True,True,True
1111,Arrendatarios,P5140,70833.33333333333,550000.0,1.0,-479166.6666666667,-479166.6666666667,True,True,True,True,True,True
1112,Arrendatarios,P5140,20833.333333333332,500000.0,3.0,-479166.6666666667,-159722.22222222222,True,True,True,True,True,True
1113,Arrendatarios,P5140,41666.666666666664,520000.0,1.0,-478333.3333333333,-478333.3333333333,True,True,True,True,True,True
1114,Arrendatarios,P5140,233333.33333333334,710000.0,3.0,-476666.6666666666,-158888.88888888888,True,True,True,True,True,True
1115,Propietarios que pagan su vivienda,P5100,2423500.0,2900000.0,2.0,-476500.0,-238250.0,True,True,True,True,True,True
1116,Arrendatarios,P5140,1423500.0,1900000.0,1.0,-476500.0,-476500.0,True,True,True,True,True,True
1117,Arrendatarios,P5140,125000.0,600000.0,1.0,-475000.0,-475000.0,True,True,True,True,True,True
1118,Arrendatarios,P5140,125000.0,600000.0,3.0,-475000.0,-158333.33333333334,True,True,True,True,True,True
1119,Arrendatarios,P5140,125000.0,600000.0,5.0,-475000.0,-95000.0,True,True,True,True,True,True
1120,Arrendatarios,P5140,225000.0,700000.0,4.0,-475000.0,-118750.0,True,True,True,True,True,True
1121,Arrendatarios,P5140,125000.0,600000.0,3.0,-475000.0,-158333.33333333334,True,True,True,True,True,True
1122,Arrendatarios,P5140,25000.0,500000.0,2.0,-475000.0,-237500.0,True,True,True,True,True,True
1123,Arrendatarios,P5140,125000.0,600000.0,1.0,-475000.0,-475000.0,True,True,True,True,True,True
1124,Arrendatarios,P5140,225000.0,700000.0,1.0,-475000.0,-475000.0,True,True,True,True,True,True
1125,Arrendatarios,P5140,25000.0,500000.0,5.0,-475000.0,-95000.0,True,True,True,True,True,True
1126,Arrendatarios,P5140,375000.0,850000.0,2.0,-475000.0,-237500.0,True,True,True,True,True,True
1127,Arrendatarios,P5140,175000.0,650000.0,3.0,-475000.0,-158333.33333333334,True,True,True,True,True,True
1128,Arrendatarios,P5140,125000.0,600000.0,2.0,-475000.0,-237500.0,True,True,True,True,True,True
1129,Arrendatarios,P5140,75000.0,550000.0,2.0,-475000.0,-237500.0,True,True,True,True,True,True
1130,Arrendatarios,P5140,125000.0,600000.0,1.0,-475000.0,-475000.0,True,True,True,True,True,True
1131,Arrendatarios,P5140,125000.0,600000.0,3.0,-475000.0,-158333.33333333334,True,True,True,True,True,True
1132,Arrendatarios,P5140,125000.0,600000.0,2.0,-475000.0,-237500.0,True,True,True,True,True,True
1133,Arrendatarios,P5140,225000.0,700000.0,2.0,-475000.0,-237500.0,True,True,True,True,True,True
1134,Arrendatarios,P5140,125000.0,600000.0,2.0,-475000.0,-237500.0,True,True,True,True,True,True
1135,Arrendatarios,P5140,176000.0,650000.0,3.0,-474000.0,-158000.0,True,True,True,True,True,True
1136,Arrendatarios,P5140,79166.66666666667,550000.0,1.0,-470833.3333333333,-470833.3333333333,True,True,True,True,True,True
1137,Arrendatarios,P5140,180000.0,650000.0,3.0,-470000.0,-156666.66666666666,True,True,True,True,True,True
1138,Arrendatarios,P5140,100000.0,570000.0,2.0,-470000.0,-235000.0,True,True,True,True,True,True
1139,Arrendatarios,P5140,180000.0,650000.0,3.0,-470000.0,-156666.66666666666,True,True,True,True,True,True
1140,Arrendatarios,P5140,180000.0,650000.0,2.0,-470000.0,-235000.0,True,True,True,True,True,True
1141,Arrendatarios,P5140,130000.0,600000.0,5.0,-470000.0,-94000.0,True,True,True,True,True,True
1142,Arrendatarios,P5140,1281150.0,1750000.0,1.0,-468850.0,-468850.0,True,True,True,True,True,True
1143,Arrendatarios,P5140,233333.3333333333,700000.0,3.0,-466666.6666666667,-155555.55555555556,True,True,True,True,True,True
1144,Arrendatarios,P5140,83333.33333333333,550000.0,2.0,-466666.6666666667,-233333.33333333334,True,True,True,True,True,True
1145,Arrendatarios,P5140,33333.333333333336,500000.0,5.0,-466666.6666666667,-93333.33333333334,True,True,True,True,True,True
1146,Arrendatarios,P5140,283333.3333333333,750000.0,1.0,-466666.6666666667,-466666.6666666667,True,True,True,True,True,True
1147,Arrendatarios,P5140,33333.333333333336,500000.0,1.0,-466666.6666666667,-466666.6666666667,True,True,True,True,True,True
1148,Arrendatarios,P5140,233333.3333333333,700000.0,1.0,-466666.6666666667,-466666.6666666667,True,True,True,True,True,True
1149,Arrendatarios,P5140,83333.33333333333,550000.0,2.0,-466666.6666666667,-233333.33333333334,True,True,True,True,True,True
1150,Arrendatarios,P5140,83333.33333333333,550000.0,4.0,-466666.6666666667,-116666.66666666667,True,True,True,True,True,True
1151,Arrendatarios,P5140,133333.3333333333,600000.0,3.0,-466666.6666666667,-155555.55555555556,True,True,True,True,True,True
1152,Arrendatarios,P5140,233333.3333333333,700000.0,3.0,-466666.6666666667,-155555.55555555556,True,True,True,True,True,True
1153,Arrendatarios,P5140,133333.33333333334,600000.0,1.0,-466666.6666666666,-466666.6666666666,True,True,True,True,True,True
1154,Arrendatarios,P5140,133333.33333333334,600000.0,2.0,-466666.6666666666,-233333.3333333333,True,True,True,True,True,True
1155,Arrendatarios,P5140,233333.33333333334,700000.0,2.0,-466666.6666666666,-233333.3333333333,True,True,True,True,True,True
1156,Arrendatarios,P5140,133333.33333333334,600000.0,1.0,-466666.6666666666,-466666.6666666666,True,True,True,True,True,True
1157,Arrendatarios,P5140,133333.33333333334,600000.0,2.0,-466666.6666666666,-233333.3333333333,True,True,True,True,True,True
1158,Arrendatarios,P5140,234000.0,700000.0,1.0,-466000.0,-466000.0,True,True,True,True,True,True
1159,Arrendatarios,P5140,354166.6666666667,820000.0,1.0,-465833.3333333333,-465833.3333333333,True,True,True,True,True,True
1160,Arrendatarios,P5140,66666.66666666667,530000.0,2.0,-463333.3333333333,-231666.66666666666,True,True,True,True,True,True
1161,Arrendatarios,P5140,37500.0,500000.0,5.0,-462500.0,-92500.0,True,True,True,True,True,True
1162,Arrendatarios,P5140,640000.0,1100000.0,3.0,-460000.0,-153333.33333333334,True,True,True,True,True,True
1163,Arrendatarios,P5140,540000.0,1000000.0,4.0,-460000.0,-115000.0,True,True,True,True,True,True
1164,Arrendatarios,P5140,140000.0,600000.0,3.0,-460000.0,-153333.33333333334,True,True,True,True,True,True
1165,Arrendatarios,P5140,90000.0,550000.0,4.0,-460000.0,-115000.0,True,True,True,True,True,True
1166,Arrendatarios,P5140,300000.0,760000.0,2.0,-460000.0,-230000.0,True,True,True,True,True,True
1167,Arrendatarios,P5140,40000.0,500000.0,1.0,-460000.0,-460000.0,True,True,True,True,True,True
1168,Arrendatarios,P5140,10833.333333333334,470000.0,1.0,-459166.6666666667,-459166.6666666667,True,True,True,True,True,True
1169,Arrendatarios,P5140,91666.66666666666,550000.0,2.0,-458333.3333333334,-229166.6666666667,True,True,True,True,True,True
1170,Arrendatarios,P5140,541666.6666666666,1000000.0,3.0,-458333.3333333334,-152777.77777777778,True,True,True,True,True,True
1171,Arrendatarios,P5140,241666.66666666666,700000.0,5.0,-458333.3333333334,-91666.66666666667,True,True,True,True,True,True
1172,Propietarios que pagan su vivienda,P5100,741666.6666666666,1200000.0,3.0,-458333.3333333334,-152777.77777777778,True,True,True,True,True,True
1173,Arrendatarios,P5140,41666.666666666664,500000.0,1.0,-458333.3333333333,-458333.3333333333,True,True,True,True,True,True
1174,Arrendatarios,P5140,41666.666666666664,500000.0,1.0,-458333.3333333333,-458333.3333333333,True,True,True,True,True,True
1175,Arrendatarios,P5140,41666.666666666664,500000.0,6.0,-458333.3333333333,-76388.88888888889,True,True,True,True,True,True
1176,Arrendatarios,P5140,41666.666666666664,500000.0,2.0,-458333.3333333333,-229166.66666666666,True,True,True,True,True,True
1177,Arrendatarios,P5140,41666.666666666664,500000.0,1.0,-458333.3333333333,-458333.3333333333,True,True,True,True,True,True
1178,Propietarios que pagan su vivienda,P5100,41666.666666666664,500000.0,1.0,-458333.3333333333,-458333.3333333333,True,True,True,True,True,True
1179,Arrendatarios,P5140,41666.666666666664,500000.0,3.0,-458333.3333333333,-152777.77777777778,True,True,True,True,True,True
1180,Arrendatarios,P5140,41666.666666666664,500000.0,1.0,-458333.3333333333,-458333.3333333333,True,True,True,True,True,True
1181,Arrendatarios,P5140,41666.666666666664,500000.0,5.0,-458333.3333333333,-91666.66666666666,True,True,True,True,True,True
1182,Arrendatarios,P5140,41666.666666666664,500000.0,3.0,-458333.3333333333,-152777.77777777778,True,True,True,True,True,True
1183,Arrendatarios,P5140,41666.666666666664,500000.0,4.0,-458333.3333333333,-114583.33333333333,True,True,True,True,True,True
1184,Arrendatarios,P5140,291666.6666666667,750000.0,1.0,-458333.3333333333,-458333.3333333333,True,True,True,True,True,True
1185,Arrendatarios,P5140,41666.666666666664,500000.0,4.0,-458333.3333333333,-114583.33333333333,True,True,True,True,True,True
1186,Arrendatarios,P5140,142583.33333333334,600000.0,3.0,-457416.6666666666,-152472.22222222222,True,True,True,True,True,True
1187,Arrendatarios,P5140,183333.3333333333,640000.0,2.0,-456666.6666666667,-228333.33333333334,True,True,True,True,True,True
1188,Arrendatarios,P5140,54166.666666666664,510000.0,1.0,-455833.3333333333,-455833.3333333333,True,True,True,True,True,True
1189,Arrendatarios,P5140,144333.33333333334,600000.0,1.0,-455666.6666666666,-455666.6666666666,True,True,True,True,True,True
1190,Arrendatarios,P5140,125000.0,580000.0,3.0,-455000.0,-151666.66666666666,True,True,True,True,True,True
1191,Arrendatarios,P5140,166666.66666666666,620000.0,3.0,-453333.3333333334,-151111.11111111112,True,True,True,True,True,True
1192,Arrendatarios,P5140,166666.66666666666,620000.0,2.0,-453333.3333333334,-226666.6666666667,True,True,True,True,True,True
1193,Arrendatarios,P5140,146666.6666666667,600000.0,2.0,-453333.3333333333,-226666.66666666666,True,True,True,True,True,True
1194,Arrendatarios,P5140,300000.0,750000.0,2.0,-450000.0,-225000.0,True,True,True,True,True,True
1195,Arrendatarios,P5140,150000.0,600000.0,6.0,-450000.0,-75000.0,True,True,True,True,True,True
1196,Arrendatarios,P5140,100000.0,550000.0,1.0,-450000.0,-450000.0,True,True,True,True,True,True
1197,Arrendatarios,P5140,550000.0,1000000.0,2.0,-450000.0,-225000.0,True,True,True,True,True,True
1198,Arrendatarios,P5140,100000.0,550000.0,1.0,-450000.0,-450000.0,True,True,True,True,True,True
1199,Propietarios que pagan su vivienda,P5100,950000.0,1400000.0,2.0,-450000.0,-225000.0,True,True,True,True,True,True
1200,Arrendatarios,P5140,350000.0,800000.0,2.0,-450000.0,-225000.0,True,True,True,True,True,True
1201,Arrendatarios,P5140,250000.0,700000.0,4.0,-450000.0,-112500.0,True,True,True,True,True,True
1202,Arrendatarios,P5140,250000.0,700000.0,1.0,-450000.0,-450000.0,True,True,True,True,True,True
1203,Arrendatarios,P5140,150000.0,600000.0,1.0,-450000.0,-450000.0,True,True,True,True,True,True
1204,Arrendatarios,P5140,300000.0,750000.0,2.0,-450000.0,-225000.0,True,True,True,True,True,True
1205,Arrendatarios,P5140,250000.0,700000.0,2.0,-450000.0,-225000.0,True,True,True,True,True,True
1206,Arrendatarios,P5140,300000.0,750000.0,1.0,-450000.0,-450000.0,True,True,True,True,True,True
1207,Arrendatarios,P5140,100000.0,550000.0,2.0,-450000.0,-225000.0,True,True,True,True,True,True
1208,Arrendatarios,P5140,250000.0,700000.0,1.0,-450000.0,-450000.0,True,True,True,True,True,True
1209,Arrendatarios,P5140,300000.0,750000.0,3.0,-450000.0,-150000.0,True,True,True,True,True,True
1210,Arrendatarios,P5140,50000.0,500000.0,5.0,-450000.0,-90000.0,True,True,True,True,True,True
1211,Arrendatarios,P5140,150000.0,600000.0,3.0,-450000.0,-150000.0,True,True,True,True,True,True
1212,Arrendatarios,P5140,250000.0,700000.0,2.0,-450000.0,-225000.0,True,True,True,True,True,True
1213,Propietarios que pagan su vivienda,P5100,1050000.0,1500000.0,2.0,-450000.0,-225000.0,True,True,True,True,True,True
1214,Arrendatarios,P5140,150000.0,600000.0,1.0,-450000.0,-450000.0,True,True,True,True,True,True
1215,Arrendatarios,P5140,200000.0,650000.0,3.0,-450000.0,-150000.0,True,True,True,True,True,True
1216,Arrendatarios,P5140,50000.0,500000.0,4.0,-450000.0,-112500.0,True,True,True,True,True,True
1217,Arrendatarios,P5140,150000.0,600000.0,3.0,-450000.0,-150000.0,True,True,True,True,True,True
1218,Arrendatarios,P5140,150000.0,600000.0,1.0,-450000.0,-450000.0,True,True,True,True,True,True
1219,Arrendatarios,P5140,500000.0,950000.0,1.0,-450000.0,-450000.0,True,True,True,True,True,True
1220,Arrendatarios,P5140,50000.0,500000.0,1.0,-450000.0,-450000.0,True,True,True,True,True,True
1221,Arrendatarios,P5140,150000.0,600000.0,1.0,-450000.0,-450000.0,True,True,True,True,True,True
1222,Arrendatarios,P5140,50000.0,500000.0,1.0,-450000.0,-450000.0,True,True,True,True,True,True
1223,Arrendatarios,P5140,50000.0,500000.0,2.0,-450000.0,-225000.0,True,True,True,True,True,True
1224,Arrendatarios,P5140,550000.0,1000000.0,4.0,-450000.0,-112500.0,True,True,True,True,True,True
1225,Arrendatarios,P5140,300000.0,750000.0,1.0,-450000.0,-450000.0,True,True,True,True,True,True
1226,Arrendatarios,P5140,250000.0,700000.0,5.0,-450000.0,-90000.0,True,True,True,True,True,True
1227,Arrendatarios,P5140,250000.0,700000.0,2.0,-450000.0,-225000.0,True,True,True,True,True,True
1228,Arrendatarios,P5140,500000.0,950000.0,1.0,-450000.0,-450000.0,True,True,True,True,True,True
1229,Arrendatarios,P5140,300000.0,750000.0,2.0,-450000.0,-225000.0,True,True,True,True,True,True
1230,Arrendatarios,P5140,250000.0,700000.0,4.0,-450000.0,-112500.0,True,True,True,True,True,True
1231,Arrendatarios,P5140,50000.0,500000.0,3.0,-450000.0,-150000.0,True,True,True,True,True,True
1232,Arrendatarios,P5140,150000.0,600000.0,2.0,-450000.0,-225000.0,True,True,True,True,True,True
1233,Propietarios que pagan su vivienda,P5100,550000.0,1000000.0,2.0,-450000.0,-225000.0,True,True,True,True,True,True
1234,Arrendatarios,P5140,150000.0,600000.0,3.0,-450000.0,-150000.0,True,True,True,True,True,True
1235,Arrendatarios,P5140,200000.0,650000.0,3.0,-450000.0,-150000.0,True,True,True,True,True,True
1236,Arrendatarios,P5140,550000.0,1000000.0,9.0,-450000.0,-50000.0,True,True,True,True,True,True
1237,Arrendatarios,P5140,400000.0,850000.0,1.0,-450000.0,-450000.0,True,True,True,True,True,True
1238,Arrendatarios,P5140,100000.0,550000.0,1.0,-450000.0,-450000.0,True,True,True,True,True,True
1239,Arrendatarios,P5140,350000.0,800000.0,1.0,-450000.0,-450000.0,True,True,True,True,True,True
1240,Arrendatarios,P5140,150000.0,600000.0,3.0,-450000.0,-150000.0,True,True,True,True,True,True
1241,Arrendatarios,P5140,350000.0,800000.0,1.0,-450000.0,-450000.0,True,True,True,True,True,True
1242,Arrendatarios,P5140,250000.0,700000.0,2.0,-450000.0,-225000.0,True,True,True,True,True,True
1243,Arrendatarios,P5140,750000.0,1200000.0,2.0,-450000.0,-225000.0,True,True,True,True,True,True
1244,Arrendatarios,P5140,250000.0,700000.0,2.0,-450000.0,-225000.0,True,True,True,True,True,True
1245,Arrendatarios,P5140,50000.0,500000.0,2.0,-450000.0,-225000.0,True,True,True,True,True,True
1246,Arrendatarios,P5140,300000.0,750000.0,3.0,-450000.0,-150000.0,True,True,True,True,True,True
1247,Arrendatarios,P5140,250000.0,700000.0,2.0,-450000.0,-225000.0,True,True,True,True,True,True
1248,Arrendatarios,P5140,500000.0,950000.0,2.0,-450000.0,-225000.0,True,True,True,True,True,True
1249,Propietarios que pagan su vivienda,P5100,150000.0,600000.0,3.0,-450000.0,-150000.0,True,True,True,True,True,True
1250,Propietarios que pagan su vivienda,P5100,400000.0,850000.0,2.0,-450000.0,-225000.0,True,True,True,True,True,True
1251,Arrendatarios,P5140,250000.0,700000.0,3.0,-450000.0,-150000.0,True,True,True,True,True,True
1252,Arrendatarios,P5140,250000.0,700000.0,2.0,-450000.0,-225000.0,True,True,True,True,True,True
1253,Arrendatarios,P5140,450000.0,900000.0,1.0,-450000.0,-450000.0,True,True,True,True,True,True
1254,Arrendatarios,P5140,50000.0,500000.0,3.0,-450000.0,-150000.0,True,True,True,True,True,True
1255,Arrendatarios,P5140,155000.0,600000.0,4.0,-445000.0,-111250.0,True,True,True,True,True,True
1256,Arrendatarios,P5140,58333.333333333336,500000.0,1.0,-441666.6666666667,-441666.6666666667,True,True,True,True,True,True
1257,Arrendatarios,P5140,58333.333333333336,500000.0,4.0,-441666.6666666667,-110416.66666666667,True,True,True,True,True,True
1258,Arrendatarios,P5140,58333.333333333336,500000.0,2.0,-441666.6666666667,-220833.33333333334,True,True,True,True,True,True
1259,Arrendatarios,P5140,58333.333333333336,500000.0,2.0,-441666.6666666667,-220833.33333333334,True,True,True,True,True,True
1260,Arrendatarios,P5140,58333.333333333336,500000.0,1.0,-441666.6666666667,-441666.6666666667,True,True,True,True,True,True
1261,Arrendatarios,P5140,58333.333333333336,500000.0,3.0,-441666.6666666667,-147222.22222222222,True,True,True,True,True,True
1262,Arrendatarios,P5140,58333.333333333336,500000.0,2.0,-441666.6666666667,-220833.33333333334,True,True,True,True,True,True
1263,Arrendatarios,P5140,58333.333333333336,500000.0,2.0,-441666.6666666667,-220833.33333333334,True,True,True,True,True,True
1264,Arrendatarios,P5140,558333.3333333334,1000000.0,3.0,-441666.6666666666,-147222.22222222222,True,True,True,True,True,True
1265,Arrendatarios,P5140,208333.33333333334,650000.0,5.0,-441666.6666666666,-88333.33333333333,True,True,True,True,True,True
1266,Arrendatarios,P5140,108333.33333333334,550000.0,3.0,-441666.6666666666,-147222.22222222222,True,True,True,True,True,True
1267,Arrendatarios,P5140,208333.33333333334,650000.0,2.0,-441666.6666666666,-220833.3333333333,True,True,True,True,True,True
1268,Arrendatarios,P5140,160000.0,600000.0,5.0,-440000.0,-88000.0,True,True,True,True,True,True
1269,Arrendatarios,P5140,60000.0,500000.0,3.0,-440000.0,-146666.66666666666,True,True,True,True,True,True
1270,Arrendatarios,P5140,50000.0,490000.0,1.0,-440000.0,-440000.0,True,True,True,True,True,True
1271,Arrendatarios,P5140,200000.0,640000.0,3.0,-440000.0,-146666.66666666666,True,True,True,True,True,True
1272,Arrendatarios,P5140,200000.0,640000.0,3.0,-440000.0,-146666.66666666666,True,True,True,True,True,True
1273,Arrendatarios,P5140,161666.66666666666,600000.0,4.0,-438333.3333333334,-109583.33333333334,True,True,True,True,True,True
1274,Arrendatarios,P5140,141666.66666666666,580000.0,4.0,-438333.3333333334,-109583.33333333334,True,True,True,True,True,True
1275,Arrendatarios,P5140,62500.0,500000.0,1.0,-437500.0,-437500.0,True,True,True,True,True,True
1276,Arrendatarios,P5140,62500.0,500000.0,1.0,-437500.0,-437500.0,True,True,True,True,True,True
1277,Arrendatarios,P5140,163333.3333333333,600000.0,1.0,-436666.6666666667,-436666.6666666667,True,True,True,True,True,True
1278,Arrendatarios,P5140,163333.3333333333,600000.0,2.0,-436666.6666666667,-218333.33333333334,True,True,True,True,True,True
1279,Arrendatarios,P5140,83333.33333333333,520000.0,1.0,-436666.6666666667,-436666.6666666667,True,True,True,True,True,True
1280,Arrendatarios,P5140,413333.3333333333,850000.0,1.0,-436666.6666666667,-436666.6666666667,True,True,True,True,True,True
1281,Arrendatarios,P5140,65000.0,500000.0,2.0,-435000.0,-217500.0,True,True,True,True,True,True
1282,Arrendatarios,P5140,166666.66666666666,600000.0,2.0,-433333.3333333334,-216666.6666666667,True,True,True,True,True,True
1283,Arrendatarios,P5140,66666.66666666666,500000.0,2.0,-433333.3333333334,-216666.6666666667,True,True,True,True,True,True
1284,Arrendatarios,P5140,816666.6666666666,1250000.0,1.0,-433333.3333333334,-433333.3333333334,True,True,True,True,True,True
1285,Arrendatarios,P5140,266666.6666666666,700000.0,2.0,-433333.3333333334,-216666.6666666667,True,True,True,True,True,True
1286,Arrendatarios,P5140,466666.6666666666,900000.0,2.0,-433333.3333333334,-216666.6666666667,True,True,True,True,True,True
1287,Arrendatarios,P5140,166666.66666666666,600000.0,2.0,-433333.3333333334,-216666.6666666667,True,True,True,True,True,True
1288,Arrendatarios,P5140,166666.66666666666,600000.0,4.0,-433333.3333333334,-108333.33333333334,True,True,True,True,True,True
1289,Arrendatarios,P5140,316666.6666666666,750000.0,1.0,-433333.3333333334,-433333.3333333334,True,True,True,True,True,True
1290,Arrendatarios,P5140,166666.66666666666,600000.0,1.0,-433333.3333333334,-433333.3333333334,True,True,True,True,True,True
1291,Arrendatarios,P5140,666666.6666666666,1100000.0,2.0,-433333.3333333334,-216666.6666666667,True,True,True,True,True,True
1292,Arrendatarios,P5140,166666.66666666666,600000.0,1.0,-433333.3333333334,-433333.3333333334,True,True,True,True,True,True
1293,Arrendatarios,P5140,166666.66666666666,600000.0,1.0,-433333.3333333334,-433333.3333333334,True,True,True,True,True,True
1294,Arrendatarios,P5140,166666.66666666666,600000.0,2.0,-433333.3333333334,-216666.6666666667,True,True,True,True,True,True
1295,Arrendatarios,P5140,16666.666666666668,450000.0,1.0,-433333.3333333333,-433333.3333333333,True,True,True,True,True,True
1296,Arrendatarios,P5140,66666.66666666667,500000.0,2.0,-433333.3333333333,-216666.66666666666,True,True,True,True,True,True
1297,Arrendatarios,P5140,66666.66666666667,500000.0,2.0,-433333.3333333333,-216666.66666666666,True,True,True,True,True,True
1298,Arrendatarios,P5140,66666.66666666667,500000.0,1.0,-433333.3333333333,-433333.3333333333,True,True,True,True,True,True
1299,Arrendatarios,P5140,66666.66666666667,500000.0,1.0,-433333.3333333333,-433333.3333333333,True,True,True,True,True,True
1300,Arrendatarios,P5140,66666.66666666667,500000.0,2.0,-433333.3333333333,-216666.66666666666,True,True,True,True,True,True
1301,Arrendatarios,P5140,416666.6666666667,850000.0,1.0,-433333.3333333333,-433333.3333333333,True,True,True,True,True,True
1302,Arrendatarios,P5140,66666.66666666667,500000.0,1.0,-433333.3333333333,-433333.3333333333,True,True,True,True,True,True
1303,Arrendatarios,P5140,66666.66666666667,500000.0,1.0,-433333.3333333333,-433333.3333333333,True,True,True,True,True,True
1304,Arrendatarios,P5140,66666.66666666667,500000.0,1.0,-433333.3333333333,-433333.3333333333,True,True,True,True,True,True
1305,Arrendatarios,P5140,66666.66666666667,500000.0,1.0,-433333.3333333333,-433333.3333333333,True,True,True,True,True,True
1306,Arrendatarios,P5140,66666.66666666667,500000.0,4.0,-433333.3333333333,-108333.33333333333,True,True,True,True,True,True
1307,Arrendatarios,P5140,66666.66666666667,500000.0,1.0,-433333.3333333333,-433333.3333333333,True,True,True,True,True,True
1308,Arrendatarios,P5140,66666.66666666667,500000.0,2.0,-433333.3333333333,-216666.66666666666,True,True,True,True,True,True
1309,Arrendatarios,P5140,46666.666666666664,480000.0,3.0,-433333.3333333333,-144444.44444444444,True,True,True,True,True,True
1310,Arrendatarios,P5140,66666.66666666667,500000.0,3.0,-433333.3333333333,-144444.44444444444,True,True,True,True,True,True
1311,Arrendatarios,P5140,66666.66666666667,500000.0,1.0,-433333.3333333333,-433333.3333333333,True,True,True,True,True,True
1312,Arrendatarios,P5140,116666.66666666667,550000.0,1.0,-433333.3333333333,-433333.3333333333,True,True,True,True,True,True
1313,Arrendatarios,P5140,66666.66666666667,500000.0,1.0,-433333.3333333333,-433333.3333333333,True,True,True,True,True,True
1314,Arrendatarios,P5140,16666.666666666668,450000.0,3.0,-433333.3333333333,-144444.44444444444,True,True,True,True,True,True
1315,Arrendatarios,P5140,66666.66666666667,500000.0,1.0,-433333.3333333333,-433333.3333333333,True,True,True,True,True,True
1316,Arrendatarios,P5140,66666.66666666667,500000.0,1.0,-433333.3333333333,-433333.3333333333,True,True,True,True,True,True
1317,Arrendatarios,P5140,316666.6666666667,750000.0,1.0,-433333.3333333333,-433333.3333333333,True,True,True,True,True,True
1318,Arrendatarios,P5140,316666.6666666667,750000.0,4.0,-433333.3333333333,-108333.33333333333,True,True,True,True,True,True
1319,Arrendatarios,P5140,18750.0,450000.0,2.0,-431250.0,-215625.0,True,True,True,True,True,True
1320,Arrendatarios,P5140,50000.0,480000.0,1.0,-430000.0,-430000.0,True,True,True,True,True,True
1321,Arrendatarios,P5140,220000.0,650000.0,1.0,-430000.0,-430000.0,True,True,True,True,True,True
1322,Propietarios que pagan su vivienda,P5100,320000.0,750000.0,3.0,-430000.0,-143333.33333333334,True,True,True,True,True,True
1323,Arrendatarios,P5140,50000.0,480000.0,4.0,-430000.0,-107500.0,True,True,True,True,True,True
1324,Arrendatarios,P5140,150000.0,580000.0,2.0,-430000.0,-215000.0,True,True,True,True,True,True
1325,Arrendatarios,P5140,50000.0,480000.0,2.0,-430000.0,-215000.0,True,True,True,True,True,True
1326,Arrendatarios,P5140,50000.0,480000.0,1.0,-430000.0,-430000.0,True,True,True,True,True,True
1327,Arrendatarios,P5140,70000.0,500000.0,1.0,-430000.0,-430000.0,True,True,True,True,True,True
1328,Arrendatarios,P5140,50000.0,480000.0,4.0,-430000.0,-107500.0,True,True,True,True,True,True
1329,Arrendatarios,P5140,170000.0,600000.0,2.0,-430000.0,-215000.0,True,True,True,True,True,True
1330,Arrendatarios,P5140,420000.0,850000.0,2.0,-430000.0,-215000.0,True,True,True,True,True,True
1331,Arrendatarios,P5140,200000.0,630000.0,4.0,-430000.0,-107500.0,True,True,True,True,True,True
1332,Arrendatarios,P5140,120000.0,550000.0,3.0,-430000.0,-143333.33333333334,True,True,True,True,True,True
1333,Arrendatarios,P5140,50000.0,480000.0,2.0,-430000.0,-215000.0,True,True,True,True,True,True
1334,Arrendatarios,P5140,20833.333333333332,450000.0,4.0,-429166.6666666667,-107291.66666666667,True,True,True,True,True,True
1335,Arrendatarios,P5140,71250.0,500000.0,2.0,-428750.0,-214375.0,True,True,True,True,True,True
1336,Propietarios que pagan su vivienda,P5100,246666.66666666666,675000.0,2.0,-428333.3333333334,-214166.6666666667,True,True,True,True,True,True
1337,Arrendatarios,P5140,171666.6666666667,600000.0,1.0,-428333.3333333333,-428333.3333333333,True,True,True,True,True,True
1338,Arrendatarios,P5140,22500.0,450000.0,4.0,-427500.0,-106875.0,True,True,True,True,True,True
1339,Arrendatarios,P5140,2273500.0,2700000.0,2.0,-426500.0,-213250.0,True,True,True,True,True,True
1340,Arrendatarios,P5140,125000.0,550000.0,2.0,-425000.0,-212500.0,True,True,True,True,True,True
1341,Arrendatarios,P5140,375000.0,800000.0,3.0,-425000.0,-141666.66666666666,True,True,True,True,True,True
1342,Arrendatarios,P5140,75000.0,500000.0,3.0,-425000.0,-141666.66666666666,True,True,True,True,True,True
1343,Arrendatarios,P5140,75000.0,500000.0,1.0,-425000.0,-425000.0,True,True,True,True,True,True
1344,Arrendatarios,P5140,125000.0,550000.0,4.0,-425000.0,-106250.0,True,True,True,True,True,True
1345,Arrendatarios,P5140,375000.0,800000.0,1.0,-425000.0,-425000.0,True,True,True,True,True,True
1346,Arrendatarios,P5140,125000.0,550000.0,3.0,-425000.0,-141666.66666666666,True,True,True,True,True,True
1347,Arrendatarios,P5140,125000.0,550000.0,1.0,-425000.0,-425000.0,True,True,True,True,True,True
1348,Arrendatarios,P5140,375000.0,800000.0,1.0,-425000.0,-425000.0,True,True,True,True,True,True
1349,Arrendatarios,P5140,75000.0,500000.0,1.0,-425000.0,-425000.0,True,True,True,True,True,True
1350,Arrendatarios,P5140,125000.0,550000.0,2.0,-425000.0,-212500.0,True,True,True,True,True,True
1351,Arrendatarios,P5140,125000.0,550000.0,1.0,-425000.0,-425000.0,True,True,True,True,True,True
1352,Arrendatarios,P5140,75000.0,500000.0,3.0,-425000.0,-141666.66666666666,True,True,True,True,True,True
1353,Arrendatarios,P5140,215416.66666666666,640000.0,1.0,-424583.3333333334,-424583.3333333334,True,True,True,True,True,True
1354,Arrendatarios,P5140,308333.3333333333,730000.0,3.0,-421666.6666666667,-140555.55555555556,True,True,True,True,True,True
1355,Arrendatarios,P5140,29166.666666666668,450000.0,5.0,-420833.3333333333,-84166.66666666666,True,True,True,True,True,True
1356,Arrendatarios,P5140,180000.0,600000.0,1.0,-420000.0,-420000.0,True,True,True,True,True,True
1357,Arrendatarios,P5140,80000.0,500000.0,3.0,-420000.0,-140000.0,True,True,True,True,True,True
1358,Arrendatarios,P5140,80000.0,500000.0,2.0,-420000.0,-210000.0,True,True,True,True,True,True
1359,Propietarios que pagan su vivienda,P5100,830000.0,1250000.0,2.0,-420000.0,-210000.0,True,True,True,True,True,True
1360,Arrendatarios,P5140,400000.0,820000.0,3.0,-420000.0,-140000.0,True,True,True,True,True,True
1361,Arrendatarios,P5140,180000.0,600000.0,1.0,-420000.0,-420000.0,True,True,True,True,True,True
1362,Arrendatarios,P5140,80000.0,500000.0,4.0,-420000.0,-105000.0,True,True,True,True,True,True
1363,Arrendatarios,P5140,80000.0,500000.0,1.0,-420000.0,-420000.0,True,True,True,True,True,True
1364,Arrendatarios,P5140,80000.0,500000.0,2.0,-420000.0,-210000.0,True,True,True,True,True,True
1365,Arrendatarios,P5140,80000.0,500000.0,2.0,-420000.0,-210000.0,True,True,True,True,True,True
1366,Arrendatarios,P5140,80000.0,500000.0,1.0,-420000.0,-420000.0,True,True,True,True,True,True
1367,Arrendatarios,P5140,430000.0,850000.0,1.0,-420000.0,-420000.0,True,True,True,True,True,True
1368,Arrendatarios,P5140,80000.0,500000.0,1.0,-420000.0,-420000.0,True,True,True,True,True,True
1369,Propietarios que pagan su vivienda,P5100,1583333.3333333333,2000000.0,1.0,-416666.66666666674,-416666.66666666674,True,True,True,True,True,True
1370,Arrendatarios,P5140,1083333.3333333333,1500000.0,2.0,-416666.66666666674,-208333.33333333337,True,True,True,True,True,True
1371,Arrendatarios,P5140,83333.33333333333,500000.0,1.0,-416666.6666666667,-416666.6666666667,True,True,True,True,True,True
1372,Arrendatarios,P5140,83333.33333333333,500000.0,3.0,-416666.6666666667,-138888.8888888889,True,True,True,True,True,True
1373,Arrendatarios,P5140,83333.33333333333,500000.0,1.0,-416666.6666666667,-416666.6666666667,True,True,True,True,True,True
1374,Arrendatarios,P5140,83333.33333333333,500000.0,3.0,-416666.6666666667,-138888.8888888889,True,True,True,True,True,True
1375,Arrendatarios,P5140,83333.33333333333,500000.0,1.0,-416666.6666666667,-416666.6666666667,True,True,True,True,True,True
1376,Arrendatarios,P5140,83333.33333333333,500000.0,2.0,-416666.6666666667,-208333.33333333334,True,True,True,True,True,True
1377,Arrendatarios,P5140,163333.3333333333,580000.0,1.0,-416666.6666666667,-416666.6666666667,True,True,True,True,True,True
1378,Arrendatarios,P5140,83333.33333333333,500000.0,2.0,-416666.6666666667,-208333.33333333334,True,True,True,True,True,True
1379,Arrendatarios,P5140,83333.33333333333,500000.0,2.0,-416666.6666666667,-208333.33333333334,True,True,True,True,True,True
1380,Arrendatarios,P5140,83333.33333333333,500000.0,1.0,-416666.6666666667,-416666.6666666667,True,True,True,True,True,True
1381,Propietarios que pagan su vivienda,P5100,83333.33333333333,500000.0,3.0,-416666.6666666667,-138888.8888888889,True,True,True,True,True,True
1382,Arrendatarios,P5140,103333.33333333333,520000.0,3.0,-416666.6666666667,-138888.8888888889,True,True,True,True,True,True
1383,Arrendatarios,P5140,83333.33333333333,500000.0,1.0,-416666.6666666667,-416666.6666666667,True,True,True,True,True,True
1384,Arrendatarios,P5140,433333.3333333333,850000.0,2.0,-416666.6666666667,-208333.33333333334,True,True,True,True,True,True
1385,Arrendatarios,P5140,83333.33333333333,500000.0,3.0,-416666.6666666667,-138888.8888888889,True,True,True,True,True,True
1386,Arrendatarios,P5140,83333.33333333333,500000.0,1.0,-416666.6666666667,-416666.6666666667,True,True,True,True,True,True
1387,Arrendatarios,P5140,333333.3333333333,750000.0,3.0,-416666.6666666667,-138888.8888888889,True,True,True,True,True,True
1388,Arrendatarios,P5140,83333.33333333333,500000.0,2.0,-416666.6666666667,-208333.33333333334,True,True,True,True,True,True
1389,Arrendatarios,P5140,183333.3333333333,600000.0,4.0,-416666.6666666667,-104166.66666666667,True,True,True,True,True,True
1390,Arrendatarios,P5140,83333.33333333333,500000.0,1.0,-416666.6666666667,-416666.6666666667,True,True,True,True,True,True
1391,Arrendatarios,P5140,83333.33333333333,500000.0,1.0,-416666.6666666667,-416666.6666666667,True,True,True,True,True,True
1392,Arrendatarios,P5140,83333.33333333333,500000.0,2.0,-416666.6666666667,-208333.33333333334,True,True,True,True,True,True
1393,Arrendatarios,P5140,83333.33333333333,500000.0,1.0,-416666.6666666667,-416666.6666666667,True,True,True,True,True,True
1394,Propietarios que pagan su vivienda,P5100,333333.3333333333,750000.0,2.0,-416666.6666666667,-208333.33333333334,True,True,True,True,True,True
1395,Arrendatarios,P5140,83333.33333333333,500000.0,1.0,-416666.6666666667,-416666.6666666667,True,True,True,True,True,True
1396,Arrendatarios,P5140,83333.33333333333,500000.0,1.0,-416666.6666666667,-416666.6666666667,True,True,True,True,True,True
1397,Arrendatarios,P5140,83333.33333333333,500000.0,2.0,-416666.6666666667,-208333.33333333334,True,True,True,True,True,True
1398,Arrendatarios,P5140,83333.33333333333,500000.0,2.0,-416666.6666666667,-208333.33333333334,True,True,True,True,True,True
1399,Arrendatarios,P5140,83333.33333333333,500000.0,1.0,-416666.6666666667,-416666.6666666667,True,True,True,True,True,True
1400,Arrendatarios,P5140,83333.33333333333,500000.0,1.0,-416666.6666666667,-416666.6666666667,True,True,True,True,True,True
1401,Propietarios que pagan su vivienda,P5100,583333.3333333334,1000000.0,4.0,-416666.6666666666,-104166.66666666666,True,True,True,True,True,True
1402,Arrendatarios,P5140,183333.33333333334,600000.0,2.0,-416666.6666666666,-208333.3333333333,True,True,True,True,True,True
1403,Arrendatarios,P5140,133333.33333333334,550000.0,2.0,-416666.6666666666,-208333.3333333333,True,True,True,True,True,True
1404,Arrendatarios,P5140,233333.33333333334,650000.0,2.0,-416666.6666666666,-208333.3333333333,True,True,True,True,True,True
1405,Arrendatarios,P5140,134166.6666666667,550000.0,5.0,-415833.3333333333,-83166.66666666666,True,True,True,True,True,True
1406,Arrendatarios,P5140,35000.0,450000.0,4.0,-415000.0,-103750.0,True,True,True,True,True,True
1407,Arrendatarios,P5140,185000.0,600000.0,2.0,-415000.0,-207500.0,True,True,True,True,True,True
1408,Arrendatarios,P5140,86666.66666666666,500000.0,3.0,-413333.3333333334,-137777.77777777778,True,True,True,True,True,True
1409,Arrendatarios,P5140,106666.66666666667,520000.0,3.0,-413333.3333333333,-137777.77777777778,True,True,True,True,True,True
1410,Arrendatarios,P5140,186666.6666666667,600000.0,3.0,-413333.3333333333,-137777.77777777778,True,True,True,True,True,True
1411,Propietarios que pagan su vivienda,P5100,170000.0,583000.0,3.0,-413000.0,-137666.66666666666,True,True,True,True,True,True
1412,Arrendatarios,P5140,37500.0,450000.0,1.0,-412500.0,-412500.0,True,True,True,True,True,True
1413,Arrendatarios,P5140,60000.0,470000.0,3.0,-410000.0,-136666.66666666666,True,True,True,True,True,True
1414,Arrendatarios,P5140,141666.66666666666,550000.0,1.0,-408333.3333333334,-408333.3333333334,True,True,True,True,True,True
1415,Arrendatarios,P5140,91666.66666666666,500000.0,2.0,-408333.3333333334,-204166.6666666667,True,True,True,True,True,True
1416,Arrendatarios,P5140,191666.66666666666,600000.0,1.0,-408333.3333333334,-408333.3333333334,True,True,True,True,True,True
1417,Arrendatarios,P5140,91666.66666666667,500000.0,2.0,-408333.3333333333,-204166.66666666666,True,True,True,True,True,True
1418,Arrendatarios,P5140,41666.666666666664,450000.0,1.0,-408333.3333333333,-408333.3333333333,True,True,True,True,True,True
1419,Arrendatarios,P5140,41666.666666666664,450000.0,1.0,-408333.3333333333,-408333.3333333333,True,True,True,True,True,True
1420,Arrendatarios,P5140,41666.666666666664,450000.0,1.0,-408333.3333333333,-408333.3333333333,True,True,True,True,True,True
1421,Arrendatarios,P5140,41666.666666666664,450000.0,2.0,-408333.3333333333,-204166.66666666666,True,True,True,True,True,True
1422,Arrendatarios,P5140,291666.6666666667,700000.0,1.0,-408333.3333333333,-408333.3333333333,True,True,True,True,True,True
1423,Arrendatarios,P5140,41666.666666666664,450000.0,2.0,-408333.3333333333,-204166.66666666666,True,True,True,True,True,True
1424,Arrendatarios,P5140,91666.66666666667,500000.0,4.0,-408333.3333333333,-102083.33333333333,True,True,True,True,True,True
1425,Arrendatarios,P5140,75000.0,480000.0,1.0,-405000.0,-405000.0,True,True,True,True,True,True
1426,Arrendatarios,P5140,175000.0,580000.0,1.0,-405000.0,-405000.0,True,True,True,True,True,True
1427,Arrendatarios,P5140,45833.333333333336,450000.0,2.0,-404166.6666666667,-202083.33333333334,True,True,True,True,True,True
1428,Arrendatarios,P5140,45833.333333333336,450000.0,1.0,-404166.6666666667,-404166.6666666667,True,True,True,True,True,True
1429,Arrendatarios,P5140,195833.33333333334,600000.0,3.0,-404166.6666666666,-134722.22222222222,True,True,True,True,True,True
1430,Arrendatarios,P5140,83333.33333333333,485000.0,4.0,-401666.6666666667,-100416.66666666667,True,True,True,True,True,True
1431,Propietarios que pagan su vivienda,P5100,600000.0,1000000.0,3.0,-400000.0,-133333.33333333334,True,True,True,True,True,True
1432,Arrendatarios,P5140,1000000.0,1400000.0,1.0,-400000.0,-400000.0,True,True,True,True,True,True
1433,Arrendatarios,P5140,900000.0,1300000.0,1.0,-400000.0,-400000.0,True,True,True,True,True,True
1434,Arrendatarios,P5140,600000.0,1000000.0,3.0,-400000.0,-133333.33333333334,True,True,True,True,True,True
1435,Arrendatarios,P5140,100000.0,500000.0,2.0,-400000.0,-200000.0,True,True,True,True,True,True
1436,Arrendatarios,P5140,2800000.0,3200000.0,1.0,-400000.0,-400000.0,True,True,True,True,True,True
1437,Arrendatarios,P5140,350000.0,750000.0,5.0,-400000.0,-80000.0,True,True,True,True,True,True
1438,Arrendatarios,P5140,400000.0,800000.0,1.0,-400000.0,-400000.0,True,True,True,True,True,True
1439,Arrendatarios,P5140,100000.0,500000.0,1.0,-400000.0,-400000.0,True,True,True,True,True,True
1440,Arrendatarios,P5140,300000.0,700000.0,5.0,-400000.0,-80000.0,True,True,True,True,True,True
1441,Propietarios que pagan su vivienda,P5100,800000.0,1200000.0,1.0,-400000.0,-400000.0,True,True,True,True,True,True
1442,Arrendatarios,P5140,400000.0,800000.0,1.0,-400000.0,-400000.0,True,True,True,True,True,True
1443,Arrendatarios,P5140,150000.0,550000.0,6.0,-400000.0,-66666.66666666667,True,True,True,True,True,True
1444,Arrendatarios,P5140,200000.0,600000.0,3.0,-400000.0,-133333.33333333334,True,True,True,True,True,True
1445,Arrendatarios,P5140,300000.0,700000.0,3.0,-400000.0,-133333.33333333334,True,True,True,True,True,True
1446,Arrendatarios,P5140,200000.0,600000.0,2.0,-400000.0,-200000.0,True,True,True,True,True,True
1447,Arrendatarios,P5140,800000.0,1200000.0,2.0,-400000.0,-200000.0,True,True,True,True,True,True
1448,Arrendatarios,P5140,400000.0,800000.0,4.0,-400000.0,-100000.0,True,True,True,True,True,True
1449,Arrendatarios,P5140,500000.0,900000.0,1.0,-400000.0,-400000.0,True,True,True,True,True,True
1450,Propietarios que pagan su vivienda,P5100,100000.0,500000.0,2.0,-400000.0,-200000.0,True,True,True,True,True,True
1451,Arrendatarios,P5140,250000.0,650000.0,2.0,-400000.0,-200000.0,True,True,True,True,True,True
1452,Arrendatarios,P5140,800000.0,1200000.0,3.0,-400000.0,-133333.33333333334,True,True,True,True,True,True
1453,Propietarios que pagan su vivienda,P5100,600000.0,1000000.0,3.0,-400000.0,-133333.33333333334,True,True,True,True,True,True
1454,Arrendatarios,P5140,600000.0,1000000.0,2.0,-400000.0,-200000.0,True,True,True,True,True,True
1455,Arrendatarios,P5140,100000.0,500000.0,2.0,-400000.0,-200000.0,True,True,True,True,True,True
1456,Arrendatarios,P5140,250000.0,650000.0,1.0,-400000.0,-400000.0,True,True,True,True,True,True
1457,Arrendatarios,P5140,200000.0,600000.0,1.0,-400000.0,-400000.0,True,True,True,True,True,True
1458,Arrendatarios,P5140,100000.0,500000.0,3.0,-400000.0,-133333.33333333334,True,True,True,True,True,True
1459,Arrendatarios,P5140,200000.0,600000.0,3.0,-400000.0,-133333.33333333334,True,True,True,True,True,True
1460,Arrendatarios,P5140,150000.0,550000.0,1.0,-400000.0,-400000.0,True,True,True,True,True,True
1461,Arrendatarios,P5140,100000.0,500000.0,1.0,-400000.0,-400000.0,True,True,True,True,True,True
1462,Arrendatarios,P5140,600000.0,1000000.0,2.0,-400000.0,-200000.0,True,True,True,True,True,True
1463,Arrendatarios,P5140,400000.0,800000.0,2.0,-400000.0,-200000.0,True,True,True,True,True,True
1464,Arrendatarios,P5140,600000.0,1000000.0,2.0,-400000.0,-200000.0,True,True,True,True,True,True
1465,Arrendatarios,P5140,200000.0,600000.0,3.0,-400000.0,-133333.33333333334,True,True,True,True,True,True
1466,Arrendatarios,P5140,50000.0,450000.0,1.0,-400000.0,-400000.0,True,True,True,True,True,True
1467,Arrendatarios,P5140,100000.0,500000.0,2.0,-400000.0,-200000.0,True,True,True,True,True,True
1468,Arrendatarios,P5140,400000.0,800000.0,2.0,-400000.0,-200000.0,True,True,True,True,True,True
1469,Arrendatarios,P5140,50000.0,450000.0,2.0,-400000.0,-200000.0,True,True,True,True,True,True
1470,Arrendatarios,P5140,600000.0,1000000.0,1.0,-400000.0,-400000.0,True,True,True,True,True,True
1471,Arrendatarios,P5140,250000.0,650000.0,2.0,-400000.0,-200000.0,True,True,True,True,True,True
1472,Arrendatarios,P5140,300000.0,700000.0,2.0,-400000.0,-200000.0,True,True,True,True,True,True
1473,Arrendatarios,P5140,150000.0,550000.0,2.0,-400000.0,-200000.0,True,True,True,True,True,True
1474,Arrendatarios,P5140,100000.0,500000.0,2.0,-400000.0,-200000.0,True,True,True,True,True,True
1475,Arrendatarios,P5140,300000.0,700000.0,2.0,-400000.0,-200000.0,True,True,True,True,True,True
1476,Arrendatarios,P5140,450000.0,850000.0,1.0,-400000.0,-400000.0,True,True,True,True,True,True
1477,Arrendatarios,P5140,50000.0,450000.0,1.0,-400000.0,-400000.0,True,True,True,True,True,True
1478,Arrendatarios,P5140,100000.0,500000.0,2.0,-400000.0,-200000.0,True,True,True,True,True,True
1479,Arrendatarios,P5140,100000.0,500000.0,2.0,-400000.0,-200000.0,True,True,True,True,True,True
1480,Arrendatarios,P5140,400000.0,800000.0,3.0,-400000.0,-133333.33333333334,True,True,True,True,True,True
1481,Arrendatarios,P5140,100000.0,500000.0,1.0,-400000.0,-400000.0,True,True,True,True,True,True
1482,Arrendatarios,P5140,100000.0,500000.0,2.0,-400000.0,-200000.0,True,True,True,True,True,True
1483,Arrendatarios,P5140,600000.0,1000000.0,4.0,-400000.0,-100000.0,True,True,True,True,True,True
1484,Arrendatarios,P5140,400000.0,800000.0,3.0,-400000.0,-133333.33333333334,True,True,True,True,True,True
1485,Arrendatarios,P5140,400000.0,800000.0,1.0,-400000.0,-400000.0,True,True,True,True,True,True
1486,Arrendatarios,P5140,600000.0,1000000.0,3.0,-400000.0,-133333.33333333334,True,True,True,True,True,True
1487,Arrendatarios,P5140,200000.0,600000.0,2.0,-400000.0,-200000.0,True,True,True,True,True,True
1488,Arrendatarios,P5140,300000.0,700000.0,1.0,-400000.0,-400000.0,True,True,True,True,True,True
1489,Propietarios que pagan su vivienda,P5100,1000000.0,1400000.0,2.0,-400000.0,-200000.0,True,True,True,True,True,True
1490,Arrendatarios,P5140,600000.0,1000000.0,4.0,-400000.0,-100000.0,True,True,True,True,True,True
1491,Propietarios que pagan su vivienda,P5100,600000.0,1000000.0,1.0,-400000.0,-400000.0,True,True,True,True,True,True
1492,Arrendatarios,P5140,200000.0,600000.0,3.0,-400000.0,-133333.33333333334,True,True,True,True,True,True
1493,Propietarios que pagan su vivienda,P5100,2000000.0,2400000.0,3.0,-400000.0,-133333.33333333334,True,True,True,True,True,True
1494,Propietarios que pagan su vivienda,P5100,400000.0,800000.0,2.0,-400000.0,-200000.0,True,True,True,True,True,True
1495,Arrendatarios,P5140,400000.0,800000.0,5.0,-400000.0,-80000.0,True,True,True,True,True,True
1496,Arrendatarios,P5140,100000.0,500000.0,1.0,-400000.0,-400000.0,True,True,True,True,True,True
1497,Arrendatarios,P5140,800000.0,1200000.0,7.0,-400000.0,-57142.857142857145,True,True,True,True,True,True
1498,Arrendatarios,P5140,200000.0,600000.0,2.0,-400000.0,-200000.0,True,True,True,True,True,True
1499,Arrendatarios,P5140,800000.0,1200000.0,1.0,-400000.0,-400000.0,True,True,True,True,True,True
1500,Arrendatarios,P5140,120000.0,520000.0,2.0,-400000.0,-200000.0,True,True,True,True,True,True
1501,Arrendatarios,P5140,250000.0,650000.0,3.0,-400000.0,-133333.33333333334,True,True,True,True,True,True
1502,Arrendatarios,P5140,200000.0,600000.0,1.0,-400000.0,-400000.0,True,True,True,True,True,True
1503,Arrendatarios,P5140,200000.0,600000.0,4.0,-400000.0,-100000.0,True,True,True,True,True,True
1504,Arrendatarios,P5140,150000.0,550000.0,4.0,-400000.0,-100000.0,True,True,True,True,True,True
1505,Arrendatarios,P5140,600000.0,1000000.0,1.0,-400000.0,-400000.0,True,True,True,True,True,True
1506,Arrendatarios,P5140,50000.0,450000.0,3.0,-400000.0,-133333.33333333334,True,True,True,True,True,True
1507,Arrendatarios,P5140,250000.0,650000.0,3.0,-400000.0,-133333.33333333334,True,True,True,True,True,True
1508,Arrendatarios,P5140,200000.0,600000.0,3.0,-400000.0,-133333.33333333334,True,True,True,True,True,True
1509,Arrendatarios,P5140,500000.0,900000.0,1.0,-400000.0,-400000.0,True,True,True,True,True,True
1510,Arrendatarios,P5140,100000.0,500000.0,1.0,-400000.0,-400000.0,True,True,True,True,True,True
1511,Arrendatarios,P5140,200000.0,600000.0,4.0,-400000.0,-100000.0,True,True,True,True,True,True
1512,Arrendatarios,P5140,100000.0,500000.0,2.0,-400000.0,-200000.0,True,True,True,True,True,True
1513,Propietarios que pagan su vivienda,P5100,600000.0,1000000.0,4.0,-400000.0,-100000.0,True,True,True,True,True,True
1514,Arrendatarios,P5140,300000.0,700000.0,3.0,-400000.0,-133333.33333333334,True,True,True,True,True,True
1515,Arrendatarios,P5140,400000.0,800000.0,2.0,-400000.0,-200000.0,True,True,True,True,True,True
1516,Arrendatarios,P5140,200000.0,600000.0,2.0,-400000.0,-200000.0,True,True,True,True,True,True
1517,Arrendatarios,P5140,250000.0,650000.0,6.0,-400000.0,-66666.66666666667,True,True,True,True,True,True
1518,Arrendatarios,P5140,200000.0,600000.0,4.0,-400000.0,-100000.0,True,True,True,True,True,True
1519,Arrendatarios,P5140,250000.0,650000.0,1.0,-400000.0,-400000.0,True,True,True,True,True,True
1520,Arrendatarios,P5140,250000.0,650000.0,3.0,-400000.0,-133333.33333333334,True,True,True,True,True,True
1521,Arrendatarios,P5140,200000.0,600000.0,1.0,-400000.0,-400000.0,True,True,True,True,True,True
1522,Arrendatarios,P5140,200000.0,600000.0,2.0,-400000.0,-200000.0,True,True,True,True,True,True
1523,Arrendatarios,P5140,100000.0,500000.0,1.0,-400000.0,-400000.0,True,True,True,True,True,True
1524,Arrendatarios,P5140,50000.0,450000.0,2.0,-400000.0,-200000.0,True,True,True,True,True,True
1525,Arrendatarios,P5140,100000.0,500000.0,2.0,-400000.0,-200000.0,True,True,True,True,True,True
1526,Arrendatarios,P5140,50000.0,450000.0,1.0,-400000.0,-400000.0,True,True,True,True,True,True
1527,Arrendatarios,P5140,800000.0,1200000.0,2.0,-400000.0,-200000.0,True,True,True,True,True,True
1528,Propietarios que pagan su vivienda,P5100,1000000.0,1400000.0,3.0,-400000.0,-133333.33333333334,True,True,True,True,True,True
1529,Arrendatarios,P5140,200000.0,600000.0,1.0,-400000.0,-400000.0,True,True,True,True,True,True
1530,Propietarios que pagan su vivienda,P5100,200000.0,600000.0,1.0,-400000.0,-400000.0,True,True,True,True,True,True
1531,Propietarios que pagan su vivienda,P5100,1800000.0,2200000.0,3.0,-400000.0,-133333.33333333334,True,True,True,True,True,True
1532,Arrendatarios,P5140,200000.0,600000.0,1.0,-400000.0,-400000.0,True,True,True,True,True,True
1533,Arrendatarios,P5140,200000.0,600000.0,3.0,-400000.0,-133333.33333333334,True,True,True,True,True,True
1534,Arrendatarios,P5140,200000.0,600000.0,2.0,-400000.0,-200000.0,True,True,True,True,True,True
1535,Arrendatarios,P5140,200000.0,600000.0,2.0,-400000.0,-200000.0,True,True,True,True,True,True
1536,Arrendatarios,P5140,800000.0,1200000.0,4.0,-400000.0,-100000.0,True,True,True,True,True,True
1537,Arrendatarios,P5140,600000.0,1000000.0,1.0,-400000.0,-400000.0,True,True,True,True,True,True
1538,Arrendatarios,P5140,600000.0,1000000.0,4.0,-400000.0,-100000.0,True,True,True,True,True,True
1539,Arrendatarios,P5140,300000.0,700000.0,4.0,-400000.0,-100000.0,True,True,True,True,True,True
1540,Arrendatarios,P5140,500000.0,900000.0,3.0,-400000.0,-133333.33333333334,True,True,True,True,True,True
1541,Arrendatarios,P5140,100000.0,500000.0,3.0,-400000.0,-133333.33333333334,True,True,True,True,True,True
1542,Arrendatarios,P5140,200000.0,600000.0,2.0,-400000.0,-200000.0,True,True,True,True,True,True
1543,Arrendatarios,P5140,100000.0,500000.0,4.0,-400000.0,-100000.0,True,True,True,True,True,True
1544,Arrendatarios,P5140,100000.0,500000.0,1.0,-400000.0,-400000.0,True,True,True,True,True,True
1545,Arrendatarios,P5140,100000.0,500000.0,1.0,-400000.0,-400000.0,True,True,True,True,True,True
1546,Arrendatarios,P5140,100000.0,500000.0,1.0,-400000.0,-400000.0,True,True,True,True,True,True
1547,Arrendatarios,P5140,100000.0,500000.0,2.0,-400000.0,-200000.0,True,True,True,True,True,True
1548,Arrendatarios,P5140,50000.0,450000.0,1.0,-400000.0,-400000.0,True,True,True,True,True,True
1549,Arrendatarios,P5140,300000.0,700000.0,3.0,-400000.0,-133333.33333333334,True,True,True,True,True,True
1550,Arrendatarios,P5140,500000.0,900000.0,1.0,-400000.0,-400000.0,True,True,True,True,True,True
1551,Arrendatarios,P5140,1000000.0,1400000.0,2.0,-400000.0,-200000.0,True,True,True,True,True,True
1552,Arrendatarios,P5140,50000.0,450000.0,3.0,-400000.0,-133333.33333333334,True,True,True,True,True,True
1553,Arrendatarios,P5140,350000.0,750000.0,2.0,-400000.0,-200000.0,True,True,True,True,True,True
1554,Arrendatarios,P5140,200000.0,600000.0,2.0,-400000.0,-200000.0,True,True,True,True,True,True
1555,Arrendatarios,P5140,1000000.0,1400000.0,1.0,-400000.0,-400000.0,True,True,True,True,True,True
1556,Arrendatarios,P5140,250000.0,650000.0,1.0,-400000.0,-400000.0,True,True,True,True,True,True
1557,Arrendatarios,P5140,125000.0,525000.0,3.0,-400000.0,-133333.33333333334,True,True,True,True,True,True
1558,Arrendatarios,P5140,300000.0,700000.0,4.0,-400000.0,-100000.0,True,True,True,True,True,True
1559,Arrendatarios,P5140,400000.0,800000.0,1.0,-400000.0,-400000.0,True,True,True,True,True,True
1560,Arrendatarios,P5140,200000.0,600000.0,2.0,-400000.0,-200000.0,True,True,True,True,True,True
1561,Arrendatarios,P5140,250000.0,650000.0,2.0,-400000.0,-200000.0,True,True,True,True,True,True
1562,Arrendatarios,P5140,200000.0,600000.0,1.0,-400000.0,-400000.0,True,True,True,True,True,True
1563,Arrendatarios,P5140,200000.0,600000.0,3.0,-400000.0,-133333.33333333334,True,True,True,True,True,True
1564,Arrendatarios,P5140,500000.0,900000.0,1.0,-400000.0,-400000.0,True,True,True,True,True,True
1565,Arrendatarios,P5140,100000.0,500000.0,1.0,-400000.0,-400000.0,True,True,True,True,True,True
1566,Arrendatarios,P5140,200000.0,600000.0,3.0,-400000.0,-133333.33333333334,True,True,True,True,True,True
1567,Arrendatarios,P5140,300000.0,700000.0,1.0,-400000.0,-400000.0,True,True,True,True,True,True
1568,Arrendatarios,P5140,151666.66666666666,550000.0,3.0,-398333.3333333334,-132777.77777777778,True,True,True,True,True,True
1569,Arrendatarios,P5140,83333.33333333333,480000.0,2.0,-396666.6666666667,-198333.33333333334,True,True,True,True,True,True
1570,Arrendatarios,P5140,203333.3333333333,600000.0,1.0,-396666.6666666667,-396666.6666666667,True,True,True,True,True,True
1571,Arrendatarios,P5140,104166.66666666666,500000.0,2.0,-395833.3333333334,-197916.6666666667,True,True,True,True,True,True
1572,Arrendatarios,P5140,54166.66666666667,450000.0,5.0,-395833.3333333333,-79166.66666666666,True,True,True,True,True,True
1573,Arrendatarios,P5140,54166.666666666664,450000.0,1.0,-395833.3333333333,-395833.3333333333,True,True,True,True,True,True
1574,Arrendatarios,P5140,75000.0,470000.0,1.0,-395000.0,-395000.0,True,True,True,True,True,True
1575,Arrendatarios,P5140,125000.0,520000.0,3.0,-395000.0,-131666.66666666666,True,True,True,True,True,True
1576,Arrendatarios,P5140,75000.0,470000.0,1.0,-395000.0,-395000.0,True,True,True,True,True,True
1577,Arrendatarios,P5140,206666.66666666666,600000.0,3.0,-393333.3333333334,-131111.11111111112,True,True,True,True,True,True
1578,Arrendatarios,P5140,108333.33333333333,500000.0,1.0,-391666.6666666667,-391666.6666666667,True,True,True,True,True,True
1579,Arrendatarios,P5140,58333.333333333336,450000.0,1.0,-391666.6666666667,-391666.6666666667,True,True,True,True,True,True
1580,Arrendatarios,P5140,208333.33333333334,600000.0,1.0,-391666.6666666666,-391666.6666666666,True,True,True,True,True,True
1581,Arrendatarios,P5140,208333.33333333334,600000.0,2.0,-391666.6666666666,-195833.3333333333,True,True,True,True,True,True
1582,Arrendatarios,P5140,208333.33333333334,600000.0,1.0,-391666.6666666666,-391666.6666666666,True,True,True,True,True,True
1583,Arrendatarios,P5140,208333.33333333334,600000.0,3.0,-391666.6666666666,-130555.55555555555,True,True,True,True,True,True
1584,Arrendatarios,P5140,708333.3333333334,1100000.0,1.0,-391666.6666666666,-391666.6666666666,True,True,True,True,True,True
1585,Arrendatarios,P5140,210000.0,600000.0,1.0,-390000.0,-390000.0,True,True,True,True,True,True
1586,Arrendatarios,P5140,90000.0,480000.0,2.0,-390000.0,-195000.0,True,True,True,True,True,True
1587,Arrendatarios,P5140,250000.0,640000.0,4.0,-390000.0,-97500.0,True,True,True,True,True,True
1588,Arrendatarios,P5140,10000.0,400000.0,2.0,-390000.0,-195000.0,True,True,True,True,True,True
1589,Arrendatarios,P5140,90000.0,480000.0,1.0,-390000.0,-390000.0,True,True,True,True,True,True
1590,Arrendatarios,P5140,60000.0,450000.0,1.0,-390000.0,-390000.0,True,True,True,True,True,True
1591,Arrendatarios,P5140,110833.33333333333,500000.0,2.0,-389166.6666666667,-194583.33333333334,True,True,True,True,True,True
1592,Arrendatarios,P5140,141666.66666666666,530000.0,3.0,-388333.3333333334,-129444.44444444445,True,True,True,True,True,True
1593,Arrendatarios,P5140,12000.0,400000.0,3.0,-388000.0,-129333.33333333333,True,True,True,True,True,True
1594,Arrendatarios,P5140,62500.0,450000.0,3.0,-387500.0,-129166.66666666667,True,True,True,True,True,True
1595,Arrendatarios,P5140,12500.0,400000.0,1.0,-387500.0,-387500.0,True,True,True,True,True,True
1596,Arrendatarios,P5140,62500.0,450000.0,1.0,-387500.0,-387500.0,True,True,True,True,True,True
1597,Arrendatarios,P5140,163333.3333333333,550000.0,2.0,-386666.6666666667,-193333.33333333334,True,True,True,True,True,True
1598,Arrendatarios,P5140,83333.33333333333,470000.0,3.0,-386666.6666666667,-128888.88888888889,True,True,True,True,True,True
1599,Arrendatarios,P5140,214000.0,600000.0,3.0,-386000.0,-128666.66666666667,True,True,True,True,True,True
1600,Arrendatarios,P5140,314000.0,700000.0,2.0,-386000.0,-193000.0,True,True,True,True,True,True
1601,Arrendatarios,P5140,116250.0,500000.0,2.0,-383750.0,-191875.0,True,True,True,True,True,True
1602,Arrendatarios,P5140,216666.66666666666,600000.0,2.0,-383333.3333333334,-191666.6666666667,True,True,True,True,True,True
1603,Arrendatarios,P5140,366666.6666666666,750000.0,1.0,-383333.3333333334,-383333.3333333334,True,True,True,True,True,True
1604,Arrendatarios,P5140,166666.66666666666,550000.0,1.0,-383333.3333333334,-383333.3333333334,True,True,True,True,True,True
1605,Arrendatarios,P5140,166666.66666666666,550000.0,3.0,-383333.3333333334,-127777.7777777778,True,True,True,True,True,True
1606,Arrendatarios,P5140,166666.66666666666,550000.0,1.0,-383333.3333333334,-383333.3333333334,True,True,True,True,True,True
1607,Arrendatarios,P5140,166666.66666666666,550000.0,1.0,-383333.3333333334,-383333.3333333334,True,True,True,True,True,True
1608,Propietarios que pagan su vivienda,P5100,166666.66666666666,550000.0,2.0,-383333.3333333334,-191666.6666666667,True,True,True,True,True,True
1609,Arrendatarios,P5140,16666.666666666668,400000.0,3.0,-383333.3333333333,-127777.77777777777,True,True,True,True,True,True
1610,Arrendatarios,P5140,416666.6666666667,800000.0,2.0,-383333.3333333333,-191666.66666666666,True,True,True,True,True,True
1611,Arrendatarios,P5140,66666.66666666667,450000.0,1.0,-383333.3333333333,-383333.3333333333,True,True,True,True,True,True
1612,Arrendatarios,P5140,66666.66666666667,450000.0,2.0,-383333.3333333333,-191666.66666666666,True,True,True,True,True,True
1613,Arrendatarios,P5140,66666.66666666667,450000.0,1.0,-383333.3333333333,-383333.3333333333,True,True,True,True,True,True
1614,Arrendatarios,P5140,66666.66666666667,450000.0,2.0,-383333.3333333333,-191666.66666666666,True,True,True,True,True,True
1615,Arrendatarios,P5140,266666.6666666667,650000.0,4.0,-383333.3333333333,-95833.33333333333,True,True,True,True,True,True
1616,Arrendatarios,P5140,66666.66666666667,450000.0,1.0,-383333.3333333333,-383333.3333333333,True,True,True,True,True,True
1617,Arrendatarios,P5140,116666.66666666667,500000.0,3.0,-383333.3333333333,-127777.77777777777,True,True,True,True,True,True
1618,Arrendatarios,P5140,66666.66666666667,450000.0,3.0,-383333.3333333333,-127777.77777777777,True,True,True,True,True,True
1619,Arrendatarios,P5140,66666.66666666667,450000.0,4.0,-383333.3333333333,-95833.33333333333,True,True,True,True,True,True
1620,Arrendatarios,P5140,66666.66666666667,450000.0,3.0,-383333.3333333333,-127777.77777777777,True,True,True,True,True,True
1621,Arrendatarios,P5140,16666.666666666668,400000.0,3.0,-383333.3333333333,-127777.77777777777,True,True,True,True,True,True
1622,Arrendatarios,P5140,1616666.6666666667,2000000.0,3.0,-383333.33333333326,-127777.77777777775,True,True,True,True,True,True
1623,Propietarios que pagan su vivienda,P5100,816666.6666666667,1200000.0,1.0,-383333.33333333326,-383333.33333333326,True,True,True,True,True,True
1624,Arrendatarios,P5140,17500.0,400000.0,4.0,-382500.0,-95625.0,True,True,True,True,True,True
1625,Arrendatarios,P5140,18333.333333333332,400000.0,3.0,-381666.6666666667,-127222.22222222223,True,True,True,True,True,True
1626,Arrendatarios,P5140,69166.66666666667,450000.0,1.0,-380833.3333333333,-380833.3333333333,True,True,True,True,True,True
1627,Arrendatarios,P5140,200000.0,580000.0,2.0,-380000.0,-190000.0,True,True,True,True,True,True
1628,Arrendatarios,P5140,160000.0,540000.0,1.0,-380000.0,-380000.0,True,True,True,True,True,True
1629,Arrendatarios,P5140,500000.0,880000.0,4.0,-380000.0,-95000.0,True,True,True,True,True,True
1630,Arrendatarios,P5140,70000.0,450000.0,2.0,-380000.0,-190000.0,True,True,True,True,True,True
1631,Arrendatarios,P5140,100000.0,480000.0,3.0,-380000.0,-126666.66666666667,True,True,True,True,True,True
1632,Arrendatarios,P5140,120000.0,500000.0,4.0,-380000.0,-95000.0,True,True,True,True,True,True
1633,Arrendatarios,P5140,50000.0,430000.0,1.0,-380000.0,-380000.0,True,True,True,True,True,True
1634,Arrendatarios,P5140,300000.0,680000.0,3.0,-380000.0,-126666.66666666667,True,True,True,True,True,True
1635,Arrendatarios,P5140,1820000.0,2200000.0,4.0,-380000.0,-95000.0,True,True,True,True,True,True
1636,Arrendatarios,P5140,20000.0,400000.0,5.0,-380000.0,-76000.0,True,True,True,True,True,True
1637,Arrendatarios,P5140,120000.0,500000.0,1.0,-380000.0,-380000.0,True,True,True,True,True,True
1638,Arrendatarios,P5140,200000.0,580000.0,3.0,-380000.0,-126666.66666666667,True,True,True,True,True,True
1639,Propietarios que pagan su vivienda,P5100,600000.0,980000.0,2.0,-380000.0,-190000.0,True,True,True,True,True,True
1640,Arrendatarios,P5140,300000.0,680000.0,2.0,-380000.0,-190000.0,True,True,True,True,True,True
1641,Arrendatarios,P5140,250000.0,630000.0,1.0,-380000.0,-380000.0,True,True,True,True,True,True
1642,Arrendatarios,P5140,100000.0,480000.0,2.0,-380000.0,-190000.0,True,True,True,True,True,True
1643,Arrendatarios,P5140,250000.0,630000.0,4.0,-380000.0,-95000.0,True,True,True,True,True,True
1644,Arrendatarios,P5140,1420000.0,1800000.0,3.0,-380000.0,-126666.66666666667,True,True,True,True,True,True
1645,Arrendatarios,P5140,400000.0,780000.0,3.0,-380000.0,-126666.66666666667,True,True,True,True,True,True
1646,Arrendatarios,P5140,50000.0,430000.0,4.0,-380000.0,-95000.0,True,True,True,True,True,True
1647,Arrendatarios,P5140,70833.33333333333,450000.0,1.0,-379166.6666666667,-379166.6666666667,True,True,True,True,True,True
1648,Propietarios que pagan su vivienda,P5100,120833.33333333334,500000.0,3.0,-379166.6666666666,-126388.88888888888,True,True,True,True,True,True
1649,Arrendatarios,P5140,70833.33333333334,450000.0,2.0,-379166.6666666666,-189583.3333333333,True,True,True,True,True,True
1650,Arrendatarios,P5140,220833.33333333334,600000.0,3.0,-379166.6666666666,-126388.88888888888,True,True,True,True,True,True
1651,Arrendatarios,P5140,121666.66666666666,500000.0,1.0,-378333.3333333334,-378333.3333333334,True,True,True,True,True,True
1652,Propietarios que pagan su vivienda,P5100,423166.6666666666,800000.0,4.0,-376833.3333333334,-94208.33333333334,True,True,True,True,True,True
1653,Arrendatarios,P5140,1423500.0,1800000.0,1.0,-376500.0,-376500.0,True,True,True,True,True,True
1654,Arrendatarios,P5140,1423500.0,1800000.0,4.0,-376500.0,-94125.0,True,True,True,True,True,True
1655,Arrendatarios,P5140,1423500.0,1800000.0,3.0,-376500.0,-125500.0,True,True,True,True,True,True
1656,Arrendatarios,P5140,1423500.0,1800000.0,5.0,-376500.0,-75300.0,True,True,True,True,True,True
1657,Propietarios que pagan su vivienda,P5100,1423500.0,1800000.0,3.0,-376500.0,-125500.0,True,True,True,True,True,True
1658,Arrendatarios,P5140,225000.0,600000.0,2.0,-375000.0,-187500.0,True,True,True,True,True,True
1659,Arrendatarios,P5140,325000.0,700000.0,3.0,-375000.0,-125000.0,True,True,True,True,True,True
1660,Arrendatarios,P5140,25000.0,400000.0,2.0,-375000.0,-187500.0,True,True,True,True,True,True
1661,Propietarios que pagan su vivienda,P5100,425000.0,800000.0,1.0,-375000.0,-375000.0,True,True,True,True,True,True
1662,Arrendatarios,P5140,75000.0,450000.0,2.0,-375000.0,-187500.0,True,True,True,True,True,True
1663,Arrendatarios,P5140,125000.0,500000.0,1.0,-375000.0,-375000.0,True,True,True,True,True,True
1664,Arrendatarios,P5140,125000.0,500000.0,3.0,-375000.0,-125000.0,True,True,True,True,True,True
1665,Arrendatarios,P5140,125000.0,500000.0,3.0,-375000.0,-125000.0,True,True,True,True,True,True
1666,Arrendatarios,P5140,125000.0,500000.0,2.0,-375000.0,-187500.0,True,True,True,True,True,True
1667,Arrendatarios,P5140,125000.0,500000.0,2.0,-375000.0,-187500.0,True,True,True,True,True,True
1668,Arrendatarios,P5140,25000.0,400000.0,2.0,-375000.0,-187500.0,True,True,True,True,True,True
1669,Arrendatarios,P5140,75000.0,450000.0,2.0,-375000.0,-187500.0,True,True,True,True,True,True
1670,Arrendatarios,P5140,625000.0,1000000.0,1.0,-375000.0,-375000.0,True,True,True,True,True,True
1671,Arrendatarios,P5140,125000.0,500000.0,3.0,-375000.0,-125000.0,True,True,True,True,True,True
1672,Arrendatarios,P5140,125000.0,500000.0,2.0,-375000.0,-187500.0,True,True,True,True,True,True
1673,Arrendatarios,P5140,125000.0,500000.0,1.0,-375000.0,-375000.0,True,True,True,True,True,True
1674,Arrendatarios,P5140,75000.0,450000.0,2.0,-375000.0,-187500.0,True,True,True,True,True,True
1675,Arrendatarios,P5140,125000.0,500000.0,1.0,-375000.0,-375000.0,True,True,True,True,True,True
1676,Arrendatarios,P5140,75000.0,450000.0,1.0,-375000.0,-375000.0,True,True,True,True,True,True
1677,Arrendatarios,P5140,276000.0,650000.0,2.0,-374000.0,-187000.0,True,True,True,True,True,True
1678,Propietarios que pagan su vivienda,P5100,1250000.0,1624000.0,1.0,-374000.0,-374000.0,True,True,True,True,True,True
1679,Arrendatarios,P5140,166666.66666666666,540000.0,3.0,-373333.3333333334,-124444.44444444445,True,True,True,True,True,True
1680,Arrendatarios,P5140,416666.6666666667,790000.0,3.0,-373333.3333333333,-124444.44444444444,True,True,True,True,True,True
1681,Arrendatarios,P5140,428000.0,800000.0,1.0,-372000.0,-372000.0,True,True,True,True,True,True
1682,Arrendatarios,P5140,208333.33333333334,580000.0,2.0,-371666.6666666666,-185833.3333333333,True,True,True,True,True,True
1683,Arrendatarios,P5140,79166.66666666667,450000.0,1.0,-370833.3333333333,-370833.3333333333,True,True,True,True,True,True
1684,Arrendatarios,P5140,80000.0,450000.0,5.0,-370000.0,-74000.0,True,True,True,True,True,True
1685,Arrendatarios,P5140,80000.0,450000.0,2.0,-370000.0,-185000.0,True,True,True,True,True,True
1686,Arrendatarios,P5140,330000.0,700000.0,4.0,-370000.0,-92500.0,True,True,True,True,True,True
1687,Arrendatarios,P5140,250000.0,620000.0,1.0,-370000.0,-370000.0,True,True,True,True,True,True
1688,Arrendatarios,P5140,80000.0,450000.0,1.0,-370000.0,-370000.0,True,True,True,True,True,True
1689,Arrendatarios,P5140,80000.0,450000.0,1.0,-370000.0,-370000.0,True,True,True,True,True,True
1690,Arrendatarios,P5140,30000.0,400000.0,1.0,-370000.0,-370000.0,True,True,True,True,True,True
1691,Arrendatarios,P5140,130000.0,500000.0,5.0,-370000.0,-74000.0,True,True,True,True,True,True
1692,Arrendatarios,P5140,180000.0,550000.0,4.0,-370000.0,-92500.0,True,True,True,True,True,True
1693,Arrendatarios,P5140,80000.0,450000.0,2.0,-370000.0,-185000.0,True,True,True,True,True,True
1694,Arrendatarios,P5140,180000.0,550000.0,2.0,-370000.0,-185000.0,True,True,True,True,True,True
1695,Arrendatarios,P5140,530000.0,900000.0,3.0,-370000.0,-123333.33333333333,True,True,True,True,True,True
1696,Arrendatarios,P5140,130000.0,500000.0,6.0,-370000.0,-61666.666666666664,True,True,True,True,True,True
1697,Arrendatarios,P5140,230000.0,600000.0,2.0,-370000.0,-185000.0,True,True,True,True,True,True
1698,Arrendatarios,P5140,80000.0,450000.0,1.0,-370000.0,-370000.0,True,True,True,True,True,True
1699,Propietarios que pagan su vivienda,P5100,130000.0,500000.0,3.0,-370000.0,-123333.33333333333,True,True,True,True,True,True
1700,Arrendatarios,P5140,230000.0,600000.0,4.0,-370000.0,-92500.0,True,True,True,True,True,True
1701,Arrendatarios,P5140,280000.0,650000.0,2.0,-370000.0,-185000.0,True,True,True,True,True,True
1702,Arrendatarios,P5140,291666.6666666667,660000.0,1.0,-368333.3333333333,-368333.3333333333,True,True,True,True,True,True
1703,Arrendatarios,P5140,281666.6666666667,650000.0,2.0,-368333.3333333333,-184166.66666666666,True,True,True,True,True,True
1704,Arrendatarios,P5140,66666.66666666667,435000.0,1.0,-368333.3333333333,-368333.3333333333,True,True,True,True,True,True
1705,Arrendatarios,P5140,833333.3333333333,1200000.0,3.0,-366666.66666666674,-122222.22222222225,True,True,True,True,True,True
1706,Arrendatarios,P5140,833333.3333333333,1200000.0,2.0,-366666.66666666674,-183333.33333333337,True,True,True,True,True,True
1707,Arrendatarios,P5140,583333.3333333333,950000.0,4.0,-366666.66666666674,-91666.66666666669,True,True,True,True,True,True
1708,Arrendatarios,P5140,333333.3333333333,700000.0,2.0,-366666.6666666667,-183333.33333333334,True,True,True,True,True,True
1709,Arrendatarios,P5140,183333.3333333333,550000.0,3.0,-366666.6666666667,-122222.22222222223,True,True,True,True,True,True
1710,Arrendatarios,P5140,83333.33333333333,450000.0,2.0,-366666.6666666667,-183333.33333333334,True,True,True,True,True,True
1711,Arrendatarios,P5140,133333.3333333333,500000.0,2.0,-366666.6666666667,-183333.33333333334,True,True,True,True,True,True
1712,Arrendatarios,P5140,83333.33333333333,450000.0,1.0,-366666.6666666667,-366666.6666666667,True,True,True,True,True,True
1713,Arrendatarios,P5140,283333.3333333333,650000.0,4.0,-366666.6666666667,-91666.66666666667,True,True,True,True,True,True
1714,Arrendatarios,P5140,83333.33333333333,450000.0,2.0,-366666.6666666667,-183333.33333333334,True,True,True,True,True,True
1715,Arrendatarios,P5140,33333.333333333336,400000.0,1.0,-366666.6666666667,-366666.6666666667,True,True,True,True,True,True
1716,Arrendatarios,P5140,83333.33333333333,450000.0,1.0,-366666.6666666667,-366666.6666666667,True,True,True,True,True,True
1717,Arrendatarios,P5140,83333.33333333333,450000.0,1.0,-366666.6666666667,-366666.6666666667,True,True,True,True,True,True
1718,Arrendatarios,P5140,333333.3333333333,700000.0,1.0,-366666.6666666667,-366666.6666666667,True,True,True,True,True,True
1719,Arrendatarios,P5140,83333.33333333333,450000.0,1.0,-366666.6666666667,-366666.6666666667,True,True,True,True,True,True
1720,Arrendatarios,P5140,83333.33333333333,450000.0,3.0,-366666.6666666667,-122222.22222222223,True,True,True,True,True,True
1721,Arrendatarios,P5140,83333.33333333333,450000.0,4.0,-366666.6666666667,-91666.66666666667,True,True,True,True,True,True
1722,Arrendatarios,P5140,83333.33333333333,450000.0,3.0,-366666.6666666667,-122222.22222222223,True,True,True,True,True,True
1723,Arrendatarios,P5140,333333.3333333333,700000.0,3.0,-366666.6666666667,-122222.22222222223,True,True,True,True,True,True
1724,Arrendatarios,P5140,133333.3333333333,500000.0,2.0,-366666.6666666667,-183333.33333333334,True,True,True,True,True,True
1725,Arrendatarios,P5140,33333.333333333336,400000.0,2.0,-366666.6666666667,-183333.33333333334,True,True,True,True,True,True
1726,Arrendatarios,P5140,83333.33333333333,450000.0,1.0,-366666.6666666667,-366666.6666666667,True,True,True,True,True,True
1727,Arrendatarios,P5140,33333.333333333336,400000.0,1.0,-366666.6666666667,-366666.6666666667,True,True,True,True,True,True
1728,Arrendatarios,P5140,333333.3333333333,700000.0,1.0,-366666.6666666667,-366666.6666666667,True,True,True,True,True,True
1729,Arrendatarios,P5140,333333.3333333333,700000.0,2.0,-366666.6666666667,-183333.33333333334,True,True,True,True,True,True
1730,Arrendatarios,P5140,133333.33333333334,500000.0,2.0,-366666.6666666666,-183333.3333333333,True,True,True,True,True,True
1731,Arrendatarios,P5140,233333.33333333334,600000.0,3.0,-366666.6666666666,-122222.2222222222,True,True,True,True,True,True
1732,Arrendatarios,P5140,533333.3333333334,900000.0,2.0,-366666.6666666666,-183333.3333333333,True,True,True,True,True,True
1733,Arrendatarios,P5140,233333.33333333334,600000.0,3.0,-366666.6666666666,-122222.2222222222,True,True,True,True,True,True
1734,Arrendatarios,P5140,133333.33333333334,500000.0,2.0,-366666.6666666666,-183333.3333333333,True,True,True,True,True,True
1735,Arrendatarios,P5140,833333.3333333334,1200000.0,1.0,-366666.6666666666,-366666.6666666666,True,True,True,True,True,True
1736,Propietarios que pagan su vivienda,P5100,200000.0,565000.0,1.0,-365000.0,-365000.0,True,True,True,True,True,True
1737,Arrendatarios,P5140,85000.0,450000.0,1.0,-365000.0,-365000.0,True,True,True,True,True,True
1738,Arrendatarios,P5140,35833.33333333333,400000.0,2.0,-364166.6666666667,-182083.33333333334,True,True,True,True,True,True
1739,Arrendatarios,P5140,416666.6666666667,780000.0,1.0,-363333.3333333333,-363333.3333333333,True,True,True,True,True,True
1740,Arrendatarios,P5140,137500.0,500000.0,2.0,-362500.0,-181250.0,True,True,True,True,True,True
1741,Arrendatarios,P5140,90000.0,450000.0,2.0,-360000.0,-180000.0,True,True,True,True,True,True
1742,Arrendatarios,P5140,220000.0,580000.0,4.0,-360000.0,-90000.0,True,True,True,True,True,True
1743,Arrendatarios,P5140,240000.0,600000.0,3.0,-360000.0,-120000.0,True,True,True,True,True,True
1744,Arrendatarios,P5140,40000.0,400000.0,3.0,-360000.0,-120000.0,True,True,True,True,True,True
1745,Arrendatarios,P5140,840000.0,1200000.0,6.0,-360000.0,-60000.0,True,True,True,True,True,True
1746,Arrendatarios,P5140,100000.0,460000.0,2.0,-360000.0,-180000.0,True,True,True,True,True,True
1747,Arrendatarios,P5140,220000.0,580000.0,3.0,-360000.0,-120000.0,True,True,True,True,True,True
1748,Arrendatarios,P5140,340000.0,700000.0,4.0,-360000.0,-90000.0,True,True,True,True,True,True
1749,Propietarios que pagan su vivienda,P5100,400000.0,760000.0,2.0,-360000.0,-180000.0,True,True,True,True,True,True
1750,Arrendatarios,P5140,141666.66666666666,500000.0,2.0,-358333.3333333334,-179166.6666666667,True,True,True,True,True,True
1751,Arrendatarios,P5140,241666.66666666666,600000.0,1.0,-358333.3333333334,-358333.3333333334,True,True,True,True,True,True
1752,Arrendatarios,P5140,241666.66666666666,600000.0,2.0,-358333.3333333334,-179166.6666666667,True,True,True,True,True,True
1753,Arrendatarios,P5140,541666.6666666666,900000.0,1.0,-358333.3333333334,-358333.3333333334,True,True,True,True,True,True
1754,Arrendatarios,P5140,841666.6666666666,1200000.0,2.0,-358333.3333333334,-179166.6666666667,True,True,True,True,True,True
1755,Arrendatarios,P5140,441666.6666666666,800000.0,4.0,-358333.3333333334,-89583.33333333334,True,True,True,True,True,True
1756,Arrendatarios,P5140,41666.666666666664,400000.0,1.0,-358333.3333333333,-358333.3333333333,True,True,True,True,True,True
1757,Arrendatarios,P5140,41666.666666666664,400000.0,1.0,-358333.3333333333,-358333.3333333333,True,True,True,True,True,True
1758,Arrendatarios,P5140,41666.666666666664,400000.0,4.0,-358333.3333333333,-89583.33333333333,True,True,True,True,True,True
1759,Arrendatarios,P5140,341666.6666666667,700000.0,1.0,-358333.3333333333,-358333.3333333333,True,True,True,True,True,True
1760,Arrendatarios,P5140,41666.666666666664,400000.0,3.0,-358333.3333333333,-119444.44444444444,True,True,True,True,True,True
1761,Arrendatarios,P5140,41666.666666666664,400000.0,1.0,-358333.3333333333,-358333.3333333333,True,True,True,True,True,True
1762,Arrendatarios,P5140,291666.6666666667,650000.0,1.0,-358333.3333333333,-358333.3333333333,True,True,True,True,True,True
1763,Arrendatarios,P5140,391666.6666666667,750000.0,5.0,-358333.3333333333,-71666.66666666666,True,True,True,True,True,True
1764,Arrendatarios,P5140,141666.6666666667,500000.0,2.0,-358333.3333333333,-179166.66666666666,True,True,True,True,True,True
1765,Arrendatarios,P5140,291666.6666666667,650000.0,1.0,-358333.3333333333,-358333.3333333333,True,True,True,True,True,True
1766,Arrendatarios,P5140,41666.666666666664,400000.0,1.0,-358333.3333333333,-358333.3333333333,True,True,True,True,True,True
1767,Arrendatarios,P5140,41666.666666666664,400000.0,1.0,-358333.3333333333,-358333.3333333333,True,True,True,True,True,True
1768,Arrendatarios,P5140,41666.666666666664,400000.0,5.0,-358333.3333333333,-71666.66666666666,True,True,True,True,True,True
1769,Arrendatarios,P5140,41666.666666666664,400000.0,1.0,-358333.3333333333,-358333.3333333333,True,True,True,True,True,True
1770,Arrendatarios,P5140,41666.666666666664,400000.0,1.0,-358333.3333333333,-358333.3333333333,True,True,True,True,True,True
1771,Arrendatarios,P5140,41666.666666666664,400000.0,1.0,-358333.3333333333,-358333.3333333333,True,True,True,True,True,True
1772,Arrendatarios,P5140,41666.666666666664,400000.0,3.0,-358333.3333333333,-119444.44444444444,True,True,True,True,True,True
1773,Arrendatarios,P5140,291666.6666666667,650000.0,3.0,-358333.3333333333,-119444.44444444444,True,True,True,True,True,True
1774,Arrendatarios,P5140,341666.6666666667,700000.0,3.0,-358333.3333333333,-119444.44444444444,True,True,True,True,True,True
1775,Arrendatarios,P5140,41666.666666666664,400000.0,2.0,-358333.3333333333,-179166.66666666666,True,True,True,True,True,True
1776,Arrendatarios,P5140,91666.66666666667,450000.0,1.0,-358333.3333333333,-358333.3333333333,True,True,True,True,True,True
1777,Arrendatarios,P5140,41666.666666666664,400000.0,2.0,-358333.3333333333,-179166.66666666666,True,True,True,True,True,True
1778,Arrendatarios,P5140,62500.0,420000.0,1.0,-357500.0,-357500.0,True,True,True,True,True,True
1779,Arrendatarios,P5140,105000.0,462000.0,2.0,-357000.0,-178500.0,True,True,True,True,True,True
1780,Arrendatarios,P5140,243333.33333333334,600000.0,3.0,-356666.6666666666,-118888.88888888888,True,True,True,True,True,True
1781,Arrendatarios,P5140,445000.0,800000.0,2.0,-355000.0,-177500.0,True,True,True,True,True,True
1782,Arrendatarios,P5140,145000.0,500000.0,3.0,-355000.0,-118333.33333333333,True,True,True,True,True,True
1783,Arrendatarios,P5140,125000.0,480000.0,1.0,-355000.0,-355000.0,True,True,True,True,True,True
1784,Arrendatarios,P5140,25000.0,380000.0,2.0,-355000.0,-177500.0,True,True,True,True,True,True
1785,Arrendatarios,P5140,45833.333333333336,400000.0,1.0,-354166.6666666667,-354166.6666666667,True,True,True,True,True,True
1786,Arrendatarios,P5140,46666.666666666664,400000.0,2.0,-353333.3333333333,-176666.66666666666,True,True,True,True,True,True
1787,Arrendatarios,P5140,66666.66666666667,420000.0,1.0,-353333.3333333333,-353333.3333333333,True,True,True,True,True,True
1788,Arrendatarios,P5140,146666.6666666667,500000.0,1.0,-353333.3333333333,-353333.3333333333,True,True,True,True,True,True
1789,Arrendatarios,P5140,48333.33333333333,400000.0,1.0,-351666.6666666667,-351666.6666666667,True,True,True,True,True,True
1790,Arrendatarios,P5140,300000.0,650000.0,2.0,-350000.0,-175000.0,True,True,True,True,True,True
1791,Arrendatarios,P5140,250000.0,600000.0,1.0,-350000.0,-350000.0,True,True,True,True,True,True
1792,Arrendatarios,P5140,300000.0,650000.0,2.0,-350000.0,-175000.0,True,True,True,True,True,True
1793,Arrendatarios,P5140,100000.0,450000.0,1.0,-350000.0,-350000.0,True,True,True,True,True,True
1794,Arrendatarios,P5140,100000.0,450000.0,1.0,-350000.0,-350000.0,True,True,True,True,True,True
1795,Arrendatarios,P5140,350000.0,700000.0,1.0,-350000.0,-350000.0,True,True,True,True,True,True
1796,Arrendatarios,P5140,200000.0,550000.0,2.0,-350000.0,-175000.0,True,True,True,True,True,True
1797,Arrendatarios,P5140,50000.0,400000.0,1.0,-350000.0,-350000.0,True,True,True,True,True,True
1798,Arrendatarios,P5140,250000.0,600000.0,1.0,-350000.0,-350000.0,True,True,True,True,True,True
1799,Arrendatarios,P5140,150000.0,500000.0,2.0,-350000.0,-175000.0,True,True,True,True,True,True
1800,Arrendatarios,P5140,500000.0,850000.0,3.0,-350000.0,-116666.66666666667,True,True,True,True,True,True
1801,Arrendatarios,P5140,50000.0,400000.0,4.0,-350000.0,-87500.0,True,True,True,True,True,True
1802,Arrendatarios,P5140,100000.0,450000.0,1.0,-350000.0,-350000.0,True,True,True,True,True,True
1803,Arrendatarios,P5140,300000.0,650000.0,1.0,-350000.0,-350000.0,True,True,True,True,True,True
1804,Arrendatarios,P5140,50000.0,400000.0,1.0,-350000.0,-350000.0,True,True,True,True,True,True
1805,Arrendatarios,P5140,1000000.0,1350000.0,4.0,-350000.0,-87500.0,True,True,True,True,True,True
1806,Arrendatarios,P5140,200000.0,550000.0,2.0,-350000.0,-175000.0,True,True,True,True,True,True
1807,Propietarios que pagan su vivienda,P5100,50000.0,400000.0,1.0,-350000.0,-350000.0,True,True,True,True,True,True
1808,Arrendatarios,P5140,100000.0,450000.0,4.0,-350000.0,-87500.0,True,True,True,True,True,True
1809,Arrendatarios,P5140,250000.0,600000.0,3.0,-350000.0,-116666.66666666667,True,True,True,True,True,True
1810,Arrendatarios,P5140,300000.0,650000.0,2.0,-350000.0,-175000.0,True,True,True,True,True,True
1811,Arrendatarios,P5140,50000.0,400000.0,3.0,-350000.0,-116666.66666666667,True,True,True,True,True,True
1812,Arrendatarios,P5140,300000.0,650000.0,2.0,-350000.0,-175000.0,True,True,True,True,True,True
1813,Arrendatarios,P5140,450000.0,800000.0,1.0,-350000.0,-350000.0,True,True,True,True,True,True
1814,Arrendatarios,P5140,150000.0,500000.0,3.0,-350000.0,-116666.66666666667,True,True,True,True,True,True
1815,Arrendatarios,P5140,100000.0,450000.0,1.0,-350000.0,-350000.0,True,True,True,True,True,True
1816,Arrendatarios,P5140,200000.0,550000.0,1.0,-350000.0,-350000.0,True,True,True,True,True,True
1817,Arrendatarios,P5140,500000.0,850000.0,1.0,-350000.0,-350000.0,True,True,True,True,True,True
1818,Arrendatarios,P5140,250000.0,600000.0,2.0,-350000.0,-175000.0,True,True,True,True,True,True
1819,Arrendatarios,P5140,300000.0,650000.0,2.0,-350000.0,-175000.0,True,True,True,True,True,True
1820,Arrendatarios,P5140,200000.0,550000.0,3.0,-350000.0,-116666.66666666667,True,True,True,True,True,True
1821,Arrendatarios,P5140,250000.0,600000.0,5.0,-350000.0,-70000.0,True,True,True,True,True,True
1822,Arrendatarios,P5140,250000.0,600000.0,4.0,-350000.0,-87500.0,True,True,True,True,True,True
1823,Arrendatarios,P5140,100000.0,450000.0,4.0,-350000.0,-87500.0,True,True,True,True,True,True
1824,Arrendatarios,P5140,500000.0,850000.0,1.0,-350000.0,-350000.0,True,True,True,True,True,True
1825,Arrendatarios,P5140,150000.0,500000.0,4.0,-350000.0,-87500.0,True,True,True,True,True,True
1826,Arrendatarios,P5140,350000.0,700000.0,2.0,-350000.0,-175000.0,True,True,True,True,True,True
1827,Arrendatarios,P5140,300000.0,650000.0,4.0,-350000.0,-87500.0,True,True,True,True,True,True
1828,Arrendatarios,P5140,50000.0,400000.0,1.0,-350000.0,-350000.0,True,True,True,True,True,True
1829,Arrendatarios,P5140,200000.0,550000.0,2.0,-350000.0,-175000.0,True,True,True,True,True,True
1830,Arrendatarios,P5140,50000.0,400000.0,2.0,-350000.0,-175000.0,True,True,True,True,True,True
1831,Arrendatarios,P5140,100000.0,450000.0,3.0,-350000.0,-116666.66666666667,True,True,True,True,True,True
1832,Arrendatarios,P5140,50000.0,400000.0,3.0,-350000.0,-116666.66666666667,True,True,True,True,True,True
1833,Arrendatarios,P5140,450000.0,800000.0,3.0,-350000.0,-116666.66666666667,True,True,True,True,True,True
1834,Arrendatarios,P5140,200000.0,550000.0,1.0,-350000.0,-350000.0,True,True,True,True,True,True
1835,Arrendatarios,P5140,250000.0,600000.0,3.0,-350000.0,-116666.66666666667,True,True,True,True,True,True
1836,Arrendatarios,P5140,1250000.0,1600000.0,2.0,-350000.0,-175000.0,True,True,True,True,True,True
1837,Arrendatarios,P5140,400000.0,750000.0,2.0,-350000.0,-175000.0,True,True,True,True,True,True
1838,Arrendatarios,P5140,150000.0,500000.0,1.0,-350000.0,-350000.0,True,True,True,True,True,True
1839,Arrendatarios,P5140,250000.0,600000.0,2.0,-350000.0,-175000.0,True,True,True,True,True,True
1840,Arrendatarios,P5140,50000.0,400000.0,1.0,-350000.0,-350000.0,True,True,True,True,True,True
1841,Arrendatarios,P5140,1300000.0,1650000.0,2.0,-350000.0,-175000.0,True,True,True,True,True,True
1842,Arrendatarios,P5140,50000.0,400000.0,2.0,-350000.0,-175000.0,True,True,True,True,True,True
1843,Arrendatarios,P5140,250000.0,600000.0,2.0,-350000.0,-175000.0,True,True,True,True,True,True
1844,Arrendatarios,P5140,250000.0,600000.0,1.0,-350000.0,-350000.0,True,True,True,True,True,True
1845,Arrendatarios,P5140,300000.0,650000.0,1.0,-350000.0,-350000.0,True,True,True,True,True,True
1846,Arrendatarios,P5140,80000.0,430000.0,3.0,-350000.0,-116666.66666666667,True,True,True,True,True,True
1847,Arrendatarios,P5140,500000.0,850000.0,1.0,-350000.0,-350000.0,True,True,True,True,True,True
1848,Arrendatarios,P5140,300000.0,650000.0,3.0,-350000.0,-116666.66666666667,True,True,True,True,True,True
1849,Arrendatarios,P5140,250000.0,600000.0,3.0,-350000.0,-116666.66666666667,True,True,True,True,True,True
1850,Arrendatarios,P5140,300000.0,650000.0,2.0,-350000.0,-175000.0,True,True,True,True,True,True
1851,Arrendatarios,P5140,50000.0,400000.0,1.0,-350000.0,-350000.0,True,True,True,True,True,True
1852,Arrendatarios,P5140,250000.0,600000.0,1.0,-350000.0,-350000.0,True,True,True,True,True,True
1853,Propietarios que pagan su vivienda,P5100,50000.0,400000.0,2.0,-350000.0,-175000.0,True,True,True,True,True,True
1854,Arrendatarios,P5140,250000.0,600000.0,3.0,-350000.0,-116666.66666666667,True,True,True,True,True,True
1855,Arrendatarios,P5140,100000.0,450000.0,1.0,-350000.0,-350000.0,True,True,True,True,True,True
1856,Arrendatarios,P5140,200000.0,550000.0,1.0,-350000.0,-350000.0,True,True,True,True,True,True
1857,Arrendatarios,P5140,200000.0,550000.0,3.0,-350000.0,-116666.66666666667,True,True,True,True,True,True
1858,Arrendatarios,P5140,100000.0,450000.0,1.0,-350000.0,-350000.0,True,True,True,True,True,True
1859,Arrendatarios,P5140,50000.0,400000.0,4.0,-350000.0,-87500.0,True,True,True,True,True,True
1860,Arrendatarios,P5140,300000.0,650000.0,3.0,-350000.0,-116666.66666666667,True,True,True,True,True,True
1861,Arrendatarios,P5140,300000.0,650000.0,1.0,-350000.0,-350000.0,True,True,True,True,True,True
1862,Arrendatarios,P5140,350000.0,700000.0,1.0,-350000.0,-350000.0,True,True,True,True,True,True
1863,Arrendatarios,P5140,300000.0,650000.0,3.0,-350000.0,-116666.66666666667,True,True,True,True,True,True
1864,Arrendatarios,P5140,250000.0,600000.0,1.0,-350000.0,-350000.0,True,True,True,True,True,True
1865,Arrendatarios,P5140,600000.0,950000.0,4.0,-350000.0,-87500.0,True,True,True,True,True,True
1866,Arrendatarios,P5140,200000.0,550000.0,1.0,-350000.0,-350000.0,True,True,True,True,True,True
1867,Arrendatarios,P5140,50000.0,400000.0,1.0,-350000.0,-350000.0,True,True,True,True,True,True
1868,Arrendatarios,P5140,650000.0,1000000.0,2.0,-350000.0,-175000.0,True,True,True,True,True,True
1869,Arrendatarios,P5140,600000.0,950000.0,4.0,-350000.0,-87500.0,True,True,True,True,True,True
1870,Arrendatarios,P5140,50000.0,400000.0,2.0,-350000.0,-175000.0,True,True,True,True,True,True
1871,Arrendatarios,P5140,250000.0,600000.0,1.0,-350000.0,-350000.0,True,True,True,True,True,True
1872,Arrendatarios,P5140,200000.0,550000.0,3.0,-350000.0,-116666.66666666667,True,True,True,True,True,True
1873,Arrendatarios,P5140,200000.0,550000.0,3.0,-350000.0,-116666.66666666667,True,True,True,True,True,True
1874,Arrendatarios,P5140,600000.0,950000.0,2.0,-350000.0,-175000.0,True,True,True,True,True,True
1875,Arrendatarios,P5140,50000.0,400000.0,2.0,-350000.0,-175000.0,True,True,True,True,True,True
1876,Arrendatarios,P5140,250000.0,600000.0,2.0,-350000.0,-175000.0,True,True,True,True,True,True
1877,Arrendatarios,P5140,250000.0,600000.0,3.0,-350000.0,-116666.66666666667,True,True,True,True,True,True
1878,Arrendatarios,P5140,200000.0,550000.0,2.0,-350000.0,-175000.0,True,True,True,True,True,True
1879,Arrendatarios,P5140,350000.0,700000.0,2.0,-350000.0,-175000.0,True,True,True,True,True,True
1880,Arrendatarios,P5140,50000.0,400000.0,1.0,-350000.0,-350000.0,True,True,True,True,True,True
1881,Arrendatarios,P5140,250000.0,600000.0,1.0,-350000.0,-350000.0,True,True,True,True,True,True
1882,Arrendatarios,P5140,100000.0,450000.0,1.0,-350000.0,-350000.0,True,True,True,True,True,True
1883,Arrendatarios,P5140,150012.0,500000.0,2.0,-349988.0,-174994.0,True,True,True,True,True,True
1884,Arrendatarios,P5140,201666.66666666666,550000.0,2.0,-348333.3333333334,-174166.6666666667,True,True,True,True,True,True
1885,Arrendatarios,P5140,252500.0,600000.0,2.0,-347500.0,-173750.0,True,True,True,True,True,True
1886,Arrendatarios,P5140,52500.0,400000.0,1.0,-347500.0,-347500.0,True,True,True,True,True,True
1887,Arrendatarios,P5140,333333.3333333333,680000.0,4.0,-346666.6666666667,-86666.66666666667,True,True,True,True,True,True
1888,Arrendatarios,P5140,33333.333333333336,380000.0,1.0,-346666.6666666667,-346666.6666666667,True,True,True,True,True,True
1889,Arrendatarios,P5140,583333.3333333334,930000.0,1.0,-346666.6666666666,-346666.6666666666,True,True,True,True,True,True
1890,Arrendatarios,P5140,54166.666666666664,400000.0,2.0,-345833.3333333333,-172916.66666666666,True,True,True,True,True,True
1891,Arrendatarios,P5140,75000.0,420000.0,4.0,-345000.0,-86250.0,True,True,True,True,True,True
1892,Arrendatarios,P5140,35833.333333333336,380000.0,2.0,-344166.6666666667,-172083.33333333334,True,True,True,True,True,True
1893,Arrendatarios,P5140,57500.0,400000.0,3.0,-342500.0,-114166.66666666667,True,True,True,True,True,True
1894,Arrendatarios,P5140,37500.0,380000.0,3.0,-342500.0,-114166.66666666667,True,True,True,True,True,True
1895,Arrendatarios,P5140,7500.0,350000.0,3.0,-342500.0,-114166.66666666667,True,True,True,True,True,True
1896,Arrendatarios,P5140,58333.333333333336,400000.0,2.0,-341666.6666666667,-170833.33333333334,True,True,True,True,True,True
1897,Arrendatarios,P5140,58333.333333333336,400000.0,1.0,-341666.6666666667,-341666.6666666667,True,True,True,True,True,True
1898,Arrendatarios,P5140,58333.333333333336,400000.0,2.0,-341666.6666666667,-170833.33333333334,True,True,True,True,True,True
1899,Arrendatarios,P5140,58333.333333333336,400000.0,3.0,-341666.6666666667,-113888.88888888889,True,True,True,True,True,True
1900,Arrendatarios,P5140,58333.333333333336,400000.0,2.0,-341666.6666666667,-170833.33333333334,True,True,True,True,True,True
1901,Arrendatarios,P5140,58333.33333333333,400000.0,4.0,-341666.6666666667,-85416.66666666667,True,True,True,True,True,True
1902,Arrendatarios,P5140,208333.33333333334,550000.0,3.0,-341666.6666666666,-113888.88888888888,True,True,True,True,True,True
1903,Arrendatarios,P5140,208333.33333333334,550000.0,1.0,-341666.6666666666,-341666.6666666666,True,True,True,True,True,True
1904,Arrendatarios,P5140,258333.33333333334,600000.0,4.0,-341666.6666666666,-85416.66666666666,True,True,True,True,True,True
1905,Arrendatarios,P5140,158333.33333333334,500000.0,1.0,-341666.6666666666,-341666.6666666666,True,True,True,True,True,True
1906,Arrendatarios,P5140,700000.0,1041500.0,1.0,-341500.0,-341500.0,True,True,True,True,True,True
1907,Arrendatarios,P5140,160000.0,500000.0,2.0,-340000.0,-170000.0,True,True,True,True,True,True
1908,Arrendatarios,P5140,260000.0,600000.0,2.0,-340000.0,-170000.0,True,True,True,True,True,True
1909,Propietarios que pagan su vivienda,P5100,200000.0,540000.0,1.0,-340000.0,-340000.0,True,True,True,True,True,True
1910,Arrendatarios,P5140,60000.0,400000.0,5.0,-340000.0,-68000.0,True,True,True,True,True,True
1911,Arrendatarios,P5140,180000.0,520000.0,1.0,-340000.0,-340000.0,True,True,True,True,True,True
1912,Arrendatarios,P5140,60000.0,400000.0,4.0,-340000.0,-85000.0,True,True,True,True,True,True
1913,Arrendatarios,P5140,160000.0,500000.0,1.0,-340000.0,-340000.0,True,True,True,True,True,True
1914,Arrendatarios,P5140,260000.0,600000.0,2.0,-340000.0,-170000.0,True,True,True,True,True,True
1915,Arrendatarios,P5140,60833.333333333336,400000.0,2.0,-339166.6666666667,-169583.33333333334,True,True,True,True,True,True
1916,Arrendatarios,P5140,20833.333333333332,360000.0,2.0,-339166.6666666667,-169583.33333333334,True,True,True,True,True,True
1917,Arrendatarios,P5140,41666.666666666664,380000.0,1.0,-338333.3333333333,-338333.3333333333,True,True,True,True,True,True
1918,Arrendatarios,P5140,12500.0,350000.0,4.0,-337500.0,-84375.0,True,True,True,True,True,True
1919,Arrendatarios,P5140,62500.0,400000.0,2.0,-337500.0,-168750.0,True,True,True,True,True,True
1920,Arrendatarios,P5140,112500.0,450000.0,3.0,-337500.0,-112500.0,True,True,True,True,True,True
1921,Arrendatarios,P5140,62500.0,400000.0,1.0,-337500.0,-337500.0,True,True,True,True,True,True
1922,Arrendatarios,P5140,62500.0,400000.0,3.0,-337500.0,-112500.0,True,True,True,True,True,True
1923,Arrendatarios,P5140,62500.0,400000.0,1.0,-337500.0,-337500.0,True,True,True,True,True,True
1924,Arrendatarios,P5140,13333.333333333334,350000.0,2.0,-336666.6666666667,-168333.33333333334,True,True,True,True,True,True
1925,Arrendatarios,P5140,83333.33333333333,420000.0,1.0,-336666.6666666667,-336666.6666666667,True,True,True,True,True,True
1926,Arrendatarios,P5140,63333.333333333336,400000.0,1.0,-336666.6666666667,-336666.6666666667,True,True,True,True,True,True
1927,Arrendatarios,P5140,163333.3333333333,500000.0,1.0,-336666.6666666667,-336666.6666666667,True,True,True,True,True,True
1928,Propietarios que pagan su vivienda,P5100,300000.0,635000.0,3.0,-335000.0,-111666.66666666667,True,True,True,True,True,True
1929,Propietarios que pagan su vivienda,P5100,366000.0,700000.0,3.0,-334000.0,-111333.33333333333,True,True,True,True,True,True
1930,Propietarios que pagan su vivienda,P5100,166666.66666666666,500000.0,2.0,-333333.3333333334,-166666.6666666667,True,True,True,True,True,True
1931,Arrendatarios,P5140,166666.66666666666,500000.0,3.0,-333333.3333333334,-111111.11111111112,True,True,True,True,True,True
1932,Arrendatarios,P5140,166666.66666666666,500000.0,2.0,-333333.3333333334,-166666.6666666667,True,True,True,True,True,True
1933,Arrendatarios,P5140,166666.66666666666,500000.0,3.0,-333333.3333333334,-111111.11111111112,True,True,True,True,True,True
1934,Arrendatarios,P5140,166666.66666666666,500000.0,1.0,-333333.3333333334,-333333.3333333334,True,True,True,True,True,True
1935,Arrendatarios,P5140,166666.66666666666,500000.0,3.0,-333333.3333333334,-111111.11111111112,True,True,True,True,True,True
1936,Arrendatarios,P5140,166666.66666666666,500000.0,1.0,-333333.3333333334,-333333.3333333334,True,True,True,True,True,True
1937,Arrendatarios,P5140,166666.66666666666,500000.0,2.0,-333333.3333333334,-166666.6666666667,True,True,True,True,True,True
1938,Arrendatarios,P5140,166666.66666666666,500000.0,2.0,-333333.3333333334,-166666.6666666667,True,True,True,True,True,True
1939,Arrendatarios,P5140,166666.66666666666,500000.0,2.0,-333333.3333333334,-166666.6666666667,True,True,True,True,True,True
1940,Arrendatarios,P5140,166666.66666666666,500000.0,2.0,-333333.3333333334,-166666.6666666667,True,True,True,True,True,True
1941,Arrendatarios,P5140,216666.66666666666,550000.0,1.0,-333333.3333333334,-333333.3333333334,True,True,True,True,True,True
1942,Arrendatarios,P5140,166666.66666666666,500000.0,1.0,-333333.3333333334,-333333.3333333334,True,True,True,True,True,True
1943,Arrendatarios,P5140,166666.66666666666,500000.0,1.0,-333333.3333333334,-333333.3333333334,True,True,True,True,True,True
1944,Arrendatarios,P5140,666666.6666666666,1000000.0,1.0,-333333.3333333334,-333333.3333333334,True,True,True,True,True,True
1945,Arrendatarios,P5140,166666.66666666666,500000.0,1.0,-333333.3333333334,-333333.3333333334,True,True,True,True,True,True
1946,Arrendatarios,P5140,166666.66666666666,500000.0,3.0,-333333.3333333334,-111111.11111111112,True,True,True,True,True,True
1947,Arrendatarios,P5140,166666.66666666666,500000.0,3.0,-333333.3333333334,-111111.11111111112,True,True,True,True,True,True
1948,Arrendatarios,P5140,166666.66666666666,500000.0,2.0,-333333.3333333334,-166666.6666666667,True,True,True,True,True,True
1949,Arrendatarios,P5140,166666.66666666666,500000.0,3.0,-333333.3333333334,-111111.11111111112,True,True,True,True,True,True
1950,Arrendatarios,P5140,166666.66666666666,500000.0,4.0,-333333.3333333334,-83333.33333333334,True,True,True,True,True,True
1951,Arrendatarios,P5140,66666.66666666667,400000.0,1.0,-333333.3333333333,-333333.3333333333,True,True,True,True,True,True
1952,Arrendatarios,P5140,66666.66666666667,400000.0,4.0,-333333.3333333333,-83333.33333333333,True,True,True,True,True,True
1953,Arrendatarios,P5140,66666.66666666667,400000.0,1.0,-333333.3333333333,-333333.3333333333,True,True,True,True,True,True
1954,Arrendatarios,P5140,66666.66666666667,400000.0,2.0,-333333.3333333333,-166666.66666666666,True,True,True,True,True,True
1955,Arrendatarios,P5140,416666.6666666667,750000.0,1.0,-333333.3333333333,-333333.3333333333,True,True,True,True,True,True
1956,Arrendatarios,P5140,416666.6666666667,750000.0,4.0,-333333.3333333333,-83333.33333333333,True,True,True,True,True,True
1957,Arrendatarios,P5140,116666.66666666667,450000.0,4.0,-333333.3333333333,-83333.33333333333,True,True,True,True,True,True
1958,Arrendatarios,P5140,66666.66666666667,400000.0,2.0,-333333.3333333333,-166666.66666666666,True,True,True,True,True,True
1959,Arrendatarios,P5140,66666.66666666667,400000.0,1.0,-333333.3333333333,-333333.3333333333,True,True,True,True,True,True
1960,Propietarios que pagan su vivienda,P5100,166666.6666666667,500000.0,2.0,-333333.3333333333,-166666.66666666666,True,True,True,True,True,True
1961,Arrendatarios,P5140,66666.66666666667,400000.0,1.0,-333333.3333333333,-333333.3333333333,True,True,True,True,True,True
1962,Arrendatarios,P5140,266666.6666666667,600000.0,2.0,-333333.3333333333,-166666.66666666666,True,True,True,True,True,True
1963,Arrendatarios,P5140,66666.66666666667,400000.0,2.0,-333333.3333333333,-166666.66666666666,True,True,True,True,True,True
1964,Arrendatarios,P5140,266666.6666666667,600000.0,1.0,-333333.3333333333,-333333.3333333333,True,True,True,True,True,True
1965,Arrendatarios,P5140,66666.66666666667,400000.0,2.0,-333333.3333333333,-166666.66666666666,True,True,True,True,True,True
1966,Arrendatarios,P5140,116666.66666666667,450000.0,2.0,-333333.3333333333,-166666.66666666666,True,True,True,True,True,True
1967,Arrendatarios,P5140,16666.666666666668,350000.0,1.0,-333333.3333333333,-333333.3333333333,True,True,True,True,True,True
1968,Arrendatarios,P5140,66666.66666666667,400000.0,1.0,-333333.3333333333,-333333.3333333333,True,True,True,True,True,True
1969,Arrendatarios,P5140,66666.66666666667,400000.0,2.0,-333333.3333333333,-166666.66666666666,True,True,True,True,True,True
1970,Arrendatarios,P5140,66666.66666666667,400000.0,1.0,-333333.3333333333,-333333.3333333333,True,True,True,True,True,True
1971,Arrendatarios,P5140,266666.6666666667,600000.0,1.0,-333333.3333333333,-333333.3333333333,True,True,True,True,True,True
1972,Arrendatarios,P5140,66666.66666666667,400000.0,1.0,-333333.3333333333,-333333.3333333333,True,True,True,True,True,True
1973,Arrendatarios,P5140,16666.666666666668,350000.0,4.0,-333333.3333333333,-83333.33333333333,True,True,True,True,True,True
1974,Arrendatarios,P5140,316666.6666666667,650000.0,1.0,-333333.3333333333,-333333.3333333333,True,True,True,True,True,True
1975,Arrendatarios,P5140,1166666.6666666667,1500000.0,2.0,-333333.33333333326,-166666.66666666663,True,True,True,True,True,True
1976,Arrendatarios,P5140,218750.0,550000.0,3.0,-331250.0,-110416.66666666667,True,True,True,True,True,True
1977,Arrendatarios,P5140,69166.66666666667,400000.0,3.0,-330833.3333333333,-110277.77777777777,True,True,True,True,True,True
1978,Arrendatarios,P5140,369500.0,700000.0,1.0,-330500.0,-330500.0,True,True,True,True,True,True
1979,Arrendatarios,P5140,250000.0,580000.0,1.0,-330000.0,-330000.0,True,True,True,True,True,True
1980,Arrendatarios,P5140,350000.0,680000.0,1.0,-330000.0,-330000.0,True,True,True,True,True,True
1981,Arrendatarios,P5140,250000.0,580000.0,1.0,-330000.0,-330000.0,True,True,True,True,True,True
1982,Arrendatarios,P5140,200000.0,530000.0,1.0,-330000.0,-330000.0,True,True,True,True,True,True
1983,Arrendatarios,P5140,250000.0,580000.0,3.0,-330000.0,-110000.0,True,True,True,True,True,True
1984,Arrendatarios,P5140,170000.0,500000.0,3.0,-330000.0,-110000.0,True,True,True,True,True,True
1985,Arrendatarios,P5140,370000.0,700000.0,2.0,-330000.0,-165000.0,True,True,True,True,True,True
1986,Arrendatarios,P5140,200000.0,530000.0,1.0,-330000.0,-330000.0,True,True,True,True,True,True
1987,Arrendatarios,P5140,1370000.0,1700000.0,5.0,-330000.0,-66000.0,True,True,True,True,True,True
1988,Arrendatarios,P5140,50000.0,380000.0,1.0,-330000.0,-330000.0,True,True,True,True,True,True
1989,Arrendatarios,P5140,370000.0,700000.0,2.0,-330000.0,-165000.0,True,True,True,True,True,True
1990,Arrendatarios,P5140,70833.33333333333,400000.0,2.0,-329166.6666666667,-164583.33333333334,True,True,True,True,True,True
1991,Arrendatarios,P5140,220833.33333333334,550000.0,2.0,-329166.6666666666,-164583.3333333333,True,True,True,True,True,True
1992,Arrendatarios,P5140,121250.0,450000.0,2.0,-328750.0,-164375.0,True,True,True,True,True,True
1993,Arrendatarios,P5140,21666.666666666668,350000.0,3.0,-328333.3333333333,-109444.44444444444,True,True,True,True,True,True
1994,Arrendatarios,P5140,23333.333333333332,350000.0,4.0,-326666.6666666667,-81666.66666666667,True,True,True,True,True,True
1995,Arrendatarios,P5140,1423500.0,1750000.0,2.0,-326500.0,-163250.0,True,True,True,True,True,True
1996,Arrendatarios,P5140,54166.666666666664,380000.0,2.0,-325833.3333333333,-162916.66666666666,True,True,True,True,True,True
1997,Arrendatarios,P5140,75000.0,400000.0,3.0,-325000.0,-108333.33333333333,True,True,True,True,True,True
1998,Arrendatarios,P5140,625000.0,950000.0,1.0,-325000.0,-325000.0,True,True,True,True,True,True
1999,Arrendatarios,P5140,75000.0,400000.0,1.0,-325000.0,-325000.0,True,True,True,True,True,True
2000,Arrendatarios,P5140,225000.0,550000.0,2.0,-325000.0,-162500.0,True,True,True,True,True,True
2001,Arrendatarios,P5140,75000.0,400000.0,2.0,-325000.0,-162500.0,True,True,True,True,True,True
2002,Arrendatarios,P5140,125000.0,450000.0,3.0,-325000.0,-108333.33333333333,True,True,True,True,True,True
2003,Arrendatarios,P5140,75000.0,400000.0,2.0,-325000.0,-162500.0,True,True,True,True,True,True
2004,Arrendatarios,P5140,125000.0,450000.0,3.0,-325000.0,-108333.33333333333,True,True,True,True,True,True
2005,Arrendatarios,P5140,125000.0,450000.0,3.0,-325000.0,-108333.33333333333,True,True,True,True,True,True
2006,Arrendatarios,P5140,125000.0,450000.0,3.0,-325000.0,-108333.33333333333,True,True,True,True,True,True
2007,Arrendatarios,P5140,525000.0,850000.0,6.0,-325000.0,-54166.666666666664,True,True,True,True,True,True
2008,Arrendatarios,P5140,125000.0,450000.0,1.0,-325000.0,-325000.0,True,True,True,True,True,True
2009,Arrendatarios,P5140,125000.0,450000.0,1.0,-325000.0,-325000.0,True,True,True,True,True,True
2010,Arrendatarios,P5140,375000.0,700000.0,2.0,-325000.0,-162500.0,True,True,True,True,True,True
2011,Arrendatarios,P5140,75000.0,400000.0,7.0,-325000.0,-46428.57142857143,True,True,True,True,True,True
2012,Arrendatarios,P5140,125000.0,450000.0,2.0,-325000.0,-162500.0,True,True,True,True,True,True
2013,Arrendatarios,P5140,225000.0,550000.0,3.0,-325000.0,-108333.33333333333,True,True,True,True,True,True
2014,Arrendatarios,P5140,125000.0,450000.0,4.0,-325000.0,-81250.0,True,True,True,True,True,True
2015,Arrendatarios,P5140,375000.0,700000.0,2.0,-325000.0,-162500.0,True,True,True,True,True,True
2016,Arrendatarios,P5140,125000.0,450000.0,3.0,-325000.0,-108333.33333333333,True,True,True,True,True,True
2017,Arrendatarios,P5140,25000.0,350000.0,1.0,-325000.0,-325000.0,True,True,True,True,True,True
2018,Arrendatarios,P5140,76666.66666666667,400000.0,2.0,-323333.3333333333,-161666.66666666666,True,True,True,True,True,True
2019,Arrendatarios,P5140,277937.5,600000.0,2.0,-322062.5,-161031.25,True,True,True,True,True,True
2020,Arrendatarios,P5140,58333.33333333333,380000.0,1.0,-321666.6666666667,-321666.6666666667,True,True,True,True,True,True
2021,Arrendatarios,P5140,628500.0,950000.0,2.0,-321500.0,-160750.0,True,True,True,True,True,True
2022,Arrendatarios,P5140,229166.66666666666,550000.0,3.0,-320833.3333333334,-106944.44444444445,True,True,True,True,True,True
2023,Arrendatarios,P5140,79166.66666666666,400000.0,3.0,-320833.3333333334,-106944.44444444445,True,True,True,True,True,True
2024,Arrendatarios,P5140,280000.0,600000.0,1.0,-320000.0,-320000.0,True,True,True,True,True,True
2025,Arrendatarios,P5140,280000.0,600000.0,5.0,-320000.0,-64000.0,True,True,True,True,True,True
2026,Arrendatarios,P5140,580000.0,900000.0,2.0,-320000.0,-160000.0,True,True,True,True,True,True
2027,Arrendatarios,P5140,30000.0,350000.0,3.0,-320000.0,-106666.66666666667,True,True,True,True,True,True
2028,Arrendatarios,P5140,80000.0,400000.0,2.0,-320000.0,-160000.0,True,True,True,True,True,True
2029,Arrendatarios,P5140,80000.0,400000.0,1.0,-320000.0,-320000.0,True,True,True,True,True,True
2030,Arrendatarios,P5140,30000.0,350000.0,3.0,-320000.0,-106666.66666666667,True,True,True,True,True,True
2031,Arrendatarios,P5140,100000.0,420000.0,1.0,-320000.0,-320000.0,True,True,True,True,True,True
2032,Arrendatarios,P5140,680000.0,1000000.0,3.0,-320000.0,-106666.66666666667,True,True,True,True,True,True
2033,Arrendatarios,P5140,280000.0,600000.0,2.0,-320000.0,-160000.0,True,True,True,True,True,True
2034,Arrendatarios,P5140,80000.0,400000.0,1.0,-320000.0,-320000.0,True,True,True,True,True,True
2035,Arrendatarios,P5140,160000.0,480000.0,2.0,-320000.0,-160000.0,True,True,True,True,True,True
2036,Arrendatarios,P5140,80000.0,400000.0,1.0,-320000.0,-320000.0,True,True,True,True,True,True
2037,Arrendatarios,P5140,80000.0,400000.0,2.0,-320000.0,-160000.0,True,True,True,True,True,True
2038,Arrendatarios,P5140,80000.0,400000.0,1.0,-320000.0,-320000.0,True,True,True,True,True,True
2039,Arrendatarios,P5140,80000.0,400000.0,3.0,-320000.0,-106666.66666666667,True,True,True,True,True,True
2040,Arrendatarios,P5140,80000.0,400000.0,1.0,-320000.0,-320000.0,True,True,True,True,True,True
2041,Arrendatarios,P5140,300000.0,620000.0,3.0,-320000.0,-106666.66666666667,True,True,True,True,True,True
2042,Arrendatarios,P5140,300000.0,620000.0,2.0,-320000.0,-160000.0,True,True,True,True,True,True
2043,Arrendatarios,P5140,330000.0,650000.0,3.0,-320000.0,-106666.66666666667,True,True,True,True,True,True
2044,Arrendatarios,P5140,100000.0,420000.0,3.0,-320000.0,-106666.66666666667,True,True,True,True,True,True
2045,Arrendatarios,P5140,80000.0,400000.0,2.0,-320000.0,-160000.0,True,True,True,True,True,True
2046,Arrendatarios,P5140,46.0,320000.0,2.0,-319954.0,-159977.0,True,True,True,True,True,True
2047,Arrendatarios,P5140,81666.66666666667,400000.0,1.0,-318333.3333333333,-318333.3333333333,True,True,True,True,True,True
2048,Arrendatarios,P5140,81666.66666666667,400000.0,1.0,-318333.3333333333,-318333.3333333333,True,True,True,True,True,True
2049,Arrendatarios,P5140,41666.666666666664,360000.0,4.0,-318333.3333333333,-79583.33333333333,True,True,True,True,True,True
2050,Arrendatarios,P5140,61666.666666666664,380000.0,3.0,-318333.3333333333,-106111.11111111111,True,True,True,True,True,True
2051,Arrendatarios,P5140,333333.3333333333,650000.0,2.0,-316666.6666666667,-158333.33333333334,True,True,True,True,True,True
2052,Arrendatarios,P5140,333333.3333333333,650000.0,3.0,-316666.6666666667,-105555.55555555556,True,True,True,True,True,True
2053,Arrendatarios,P5140,83333.33333333333,400000.0,2.0,-316666.6666666667,-158333.33333333334,True,True,True,True,True,True
2054,Arrendatarios,P5140,183333.3333333333,500000.0,4.0,-316666.6666666667,-79166.66666666667,True,True,True,True,True,True
2055,Arrendatarios,P5140,83333.33333333333,400000.0,2.0,-316666.6666666667,-158333.33333333334,True,True,True,True,True,True
2056,Arrendatarios,P5140,83333.33333333333,400000.0,3.0,-316666.6666666667,-105555.55555555556,True,True,True,True,True,True
2057,Arrendatarios,P5140,83333.33333333333,400000.0,3.0,-316666.6666666667,-105555.55555555556,True,True,True,True,True,True
2058,Arrendatarios,P5140,83333.33333333333,400000.0,1.0,-316666.6666666667,-316666.6666666667,True,True,True,True,True,True
2059,Arrendatarios,P5140,333333.3333333333,650000.0,1.0,-316666.6666666667,-316666.6666666667,True,True,True,True,True,True
2060,Arrendatarios,P5140,83333.33333333333,400000.0,2.0,-316666.6666666667,-158333.33333333334,True,True,True,True,True,True
2061,Arrendatarios,P5140,333333.3333333333,650000.0,3.0,-316666.6666666667,-105555.55555555556,True,True,True,True,True,True
2062,Arrendatarios,P5140,33333.333333333336,350000.0,1.0,-316666.6666666667,-316666.6666666667,True,True,True,True,True,True
2063,Arrendatarios,P5140,333333.3333333333,650000.0,1.0,-316666.6666666667,-316666.6666666667,True,True,True,True,True,True
2064,Arrendatarios,P5140,33333.333333333336,350000.0,3.0,-316666.6666666667,-105555.55555555556,True,True,True,True,True,True
2065,Arrendatarios,P5140,33333.333333333336,350000.0,1.0,-316666.6666666667,-316666.6666666667,True,True,True,True,True,True
2066,Arrendatarios,P5140,83333.33333333333,400000.0,2.0,-316666.6666666667,-158333.33333333334,True,True,True,True,True,True
2067,Arrendatarios,P5140,83333.33333333333,400000.0,2.0,-316666.6666666667,-158333.33333333334,True,True,True,True,True,True
2068,Arrendatarios,P5140,83333.33333333333,400000.0,1.0,-316666.6666666667,-316666.6666666667,True,True,True,True,True,True
2069,Arrendatarios,P5140,233333.3333333333,550000.0,3.0,-316666.6666666667,-105555.55555555556,True,True,True,True,True,True
2070,Arrendatarios,P5140,183333.3333333333,500000.0,4.0,-316666.6666666667,-79166.66666666667,True,True,True,True,True,True
2071,Arrendatarios,P5140,83333.33333333333,400000.0,3.0,-316666.6666666667,-105555.55555555556,True,True,True,True,True,True
2072,Arrendatarios,P5140,383333.3333333333,700000.0,1.0,-316666.6666666667,-316666.6666666667,True,True,True,True,True,True
2073,Arrendatarios,P5140,83333.33333333333,400000.0,1.0,-316666.6666666667,-316666.6666666667,True,True,True,True,True,True
2074,Arrendatarios,P5140,83333.33333333333,400000.0,1.0,-316666.6666666667,-316666.6666666667,True,True,True,True,True,True
2075,Arrendatarios,P5140,333333.3333333333,650000.0,4.0,-316666.6666666667,-79166.66666666667,True,True,True,True,True,True
2076,Propietarios que pagan su vivienda,P5100,333333.3333333333,650000.0,3.0,-316666.6666666667,-105555.55555555556,True,True,True,True,True,True
2077,Arrendatarios,P5140,83333.33333333333,400000.0,2.0,-316666.6666666667,-158333.33333333334,True,True,True,True,True,True
2078,Arrendatarios,P5140,83333.33333333333,400000.0,4.0,-316666.6666666667,-79166.66666666667,True,True,True,True,True,True
2079,Arrendatarios,P5140,83333.33333333333,400000.0,4.0,-316666.6666666667,-79166.66666666667,True,True,True,True,True,True
2080,Arrendatarios,P5140,83333.33333333333,400000.0,1.0,-316666.6666666667,-316666.6666666667,True,True,True,True,True,True
2081,Arrendatarios,P5140,83333.33333333333,400000.0,1.0,-316666.6666666667,-316666.6666666667,True,True,True,True,True,True
2082,Arrendatarios,P5140,283333.3333333334,600000.0,4.0,-316666.6666666666,-79166.66666666666,True,True,True,True,True,True
2083,Arrendatarios,P5140,283333.3333333334,600000.0,2.0,-316666.6666666666,-158333.3333333333,True,True,True,True,True,True
2084,Arrendatarios,P5140,583333.3333333334,900000.0,1.0,-316666.6666666666,-316666.6666666666,True,True,True,True,True,True
2085,Arrendatarios,P5140,233333.33333333334,550000.0,2.0,-316666.6666666666,-158333.3333333333,True,True,True,True,True,True
2086,Arrendatarios,P5140,583333.3333333334,900000.0,1.0,-316666.6666666666,-316666.6666666666,True,True,True,True,True,True
2087,Propietarios que pagan su vivienda,P5100,683333.3333333334,1000000.0,2.0,-316666.6666666666,-158333.3333333333,True,True,True,True,True,True
2088,Arrendatarios,P5140,133333.33333333334,450000.0,2.0,-316666.6666666666,-158333.3333333333,True,True,True,True,True,True
2089,Propietarios que pagan su vivienda,P5100,1423500.0,1740000.0,2.0,-316500.0,-158250.0,True,True,True,True,True,True
2090,Arrendatarios,P5140,235000.0,550000.0,2.0,-315000.0,-157500.0,True,True,True,True,True,True
2091,Arrendatarios,P5140,35000.0,350000.0,1.0,-315000.0,-315000.0,True,True,True,True,True,True
2092,Arrendatarios,P5140,66666.66666666667,380000.0,1.0,-313333.3333333333,-313333.3333333333,True,True,True,True,True,True
2093,Arrendatarios,P5140,37500.0,350000.0,1.0,-312500.0,-312500.0,True,True,True,True,True,True
2094,Arrendatarios,P5140,187500.0,500000.0,4.0,-312500.0,-78125.0,True,True,True,True,True,True
2095,Arrendatarios,P5140,187500.0,500000.0,2.0,-312500.0,-156250.0,True,True,True,True,True,True
2096,Arrendatarios,P5140,288333.3333333334,600000.0,2.0,-311666.6666666666,-155833.3333333333,True,True,True,True,True,True
2097,Arrendatarios,P5140,140000.0,450000.0,5.0,-310000.0,-62000.0,True,True,True,True,True,True
2098,Arrendatarios,P5140,100000.0,410000.0,1.0,-310000.0,-310000.0,True,True,True,True,True,True
2099,Arrendatarios,P5140,140000.0,450000.0,1.0,-310000.0,-310000.0,True,True,True,True,True,True
2100,Arrendatarios,P5140,50000.0,360000.0,1.0,-310000.0,-310000.0,True,True,True,True,True,True
2101,Arrendatarios,P5140,150000.0,460000.0,1.0,-310000.0,-310000.0,True,True,True,True,True,True
2102,Propietarios que pagan su vivienda,P5100,90000.0,400000.0,4.0,-310000.0,-77500.0,True,True,True,True,True,True
2103,Arrendatarios,P5140,240000.0,550000.0,2.0,-310000.0,-155000.0,True,True,True,True,True,True
2104,Arrendatarios,P5140,190000.0,500000.0,2.0,-310000.0,-155000.0,True,True,True,True,True,True
2105,Arrendatarios,P5140,40000.0,350000.0,2.0,-310000.0,-155000.0,True,True,True,True,True,True
2106,Arrendatarios,P5140,541666.6666666666,850000.0,2.0,-308333.3333333334,-154166.6666666667,True,True,True,True,True,True
2107,Arrendatarios,P5140,291666.6666666666,600000.0,2.0,-308333.3333333334,-154166.6666666667,True,True,True,True,True,True
2108,Arrendatarios,P5140,791666.6666666666,1100000.0,1.0,-308333.3333333334,-308333.3333333334,True,True,True,True,True,True
2109,Arrendatarios,P5140,41666.666666666664,350000.0,2.0,-308333.3333333333,-154166.66666666666,True,True,True,True,True,True
2110,Arrendatarios,P5140,41666.666666666664,350000.0,3.0,-308333.3333333333,-102777.77777777777,True,True,True,True,True,True
2111,Arrendatarios,P5140,91666.66666666667,400000.0,4.0,-308333.3333333333,-77083.33333333333,True,True,True,True,True,True
2112,Arrendatarios,P5140,91666.66666666667,400000.0,1.0,-308333.3333333333,-308333.3333333333,True,True,True,True,True,True
2113,Arrendatarios,P5140,291666.6666666667,600000.0,2.0,-308333.3333333333,-154166.66666666666,True,True,True,True,True,True
2114,Arrendatarios,P5140,41666.666666666664,350000.0,5.0,-308333.3333333333,-61666.666666666664,True,True,True,True,True,True
2115,Arrendatarios,P5140,41666.666666666664,350000.0,1.0,-308333.3333333333,-308333.3333333333,True,True,True,True,True,True
2116,Arrendatarios,P5140,41666.666666666664,350000.0,3.0,-308333.3333333333,-102777.77777777777,True,True,True,True,True,True
2117,Arrendatarios,P5140,125000.0,430000.0,2.0,-305000.0,-152500.0,True,True,True,True,True,True
2118,Propietarios que pagan su vivienda,P5100,16666.666666666668,320000.0,3.0,-303333.3333333333,-101111.11111111111,True,True,True,True,True,True
2119,Arrendatarios,P5140,66666.66666666667,370000.0,1.0,-303333.3333333333,-303333.3333333333,True,True,True,True,True,True
2120,Arrendatarios,P5140,146666.6666666667,450000.0,1.0,-303333.3333333333,-303333.3333333333,True,True,True,True,True,True
2121,Arrendatarios,P5140,96666.66666666667,400000.0,3.0,-303333.3333333333,-101111.11111111111,True,True,True,True,True,True
2122,Arrendatarios,P5140,208333.33333333334,510000.0,1.0,-301666.6666666666,-301666.6666666666,True,True,True,True,True,True
2123,Arrendatarios,P5140,500000.0,800000.0,1.0,-300000.0,-300000.0,True,True,True,True,True,True
2124,Arrendatarios,P5140,100000.0,400000.0,4.0,-300000.0,-75000.0,True,True,True,True,True,True
2125,Arrendatarios,P5140,480000.0,780000.0,2.0,-300000.0,-150000.0,True,True,True,True,True,True
2126,Arrendatarios,P5140,600000.0,900000.0,2.0,-300000.0,-150000.0,True,True,True,True,True,True
2127,Propietarios que pagan su vivienda,P5100,150000.0,450000.0,1.0,-300000.0,-300000.0,True,True,True,True,True,True
2128,Arrendatarios,P5140,400000.0,700000.0,5.0,-300000.0,-60000.0,True,True,True,True,True,True
2129,Arrendatarios,P5140,200000.0,500000.0,3.0,-300000.0,-100000.0,True,True,True,True,True,True
2130,Arrendatarios,P5140,350000.0,650000.0,3.0,-300000.0,-100000.0,True,True,True,True,True,True
2131,Arrendatarios,P5140,700000.0,1000000.0,3.0,-300000.0,-100000.0,True,True,True,True,True,True
2132,Arrendatarios,P5140,150000.0,450000.0,1.0,-300000.0,-300000.0,True,True,True,True,True,True
2133,Arrendatarios,P5140,100000.0,400000.0,1.0,-300000.0,-300000.0,True,True,True,True,True,True
2134,Arrendatarios,P5140,200000.0,500000.0,4.0,-300000.0,-75000.0,True,True,True,True,True,True
2135,Arrendatarios,P5140,200000.0,500000.0,1.0,-300000.0,-300000.0,True,True,True,True,True,True
2136,Propietarios que pagan su vivienda,P5100,5100000.0,5400000.0,2.0,-300000.0,-150000.0,True,True,True,True,True,True
2137,Arrendatarios,P5140,450000.0,750000.0,1.0,-300000.0,-300000.0,True,True,True,True,True,True
2138,Arrendatarios,P5140,400000.0,700000.0,2.0,-300000.0,-150000.0,True,True,True,True,True,True
2139,Arrendatarios,P5140,900000.0,1200000.0,3.0,-300000.0,-100000.0,True,True,True,True,True,True
2140,Arrendatarios,P5140,200000.0,500000.0,2.0,-300000.0,-150000.0,True,True,True,True,True,True
2141,Arrendatarios,P5140,50000.0,350000.0,2.0,-300000.0,-150000.0,True,True,True,True,True,True
2142,Arrendatarios,P5140,100000.0,400000.0,2.0,-300000.0,-150000.0,True,True,True,True,True,True
2143,Arrendatarios,P5140,2000000.0,2300000.0,3.0,-300000.0,-100000.0,True,True,True,True,True,True
2144,Arrendatarios,P5140,200000.0,500000.0,5.0,-300000.0,-60000.0,True,True,True,True,True,True
2145,Arrendatarios,P5140,1000000.0,1300000.0,3.0,-300000.0,-100000.0,True,True,True,True,True,True
2146,Arrendatarios,P5140,200000.0,500000.0,3.0,-300000.0,-100000.0,True,True,True,True,True,True
2147,Arrendatarios,P5140,50000.0,350000.0,2.0,-300000.0,-150000.0,True,True,True,True,True,True
2148,Arrendatarios,P5140,400000.0,700000.0,3.0,-300000.0,-100000.0,True,True,True,True,True,True
2149,Arrendatarios,P5140,200000.0,500000.0,1.0,-300000.0,-300000.0,True,True,True,True,True,True
2150,Arrendatarios,P5140,400000.0,700000.0,2.0,-300000.0,-150000.0,True,True,True,True,True,True
2151,Arrendatarios,P5140,300000.0,600000.0,2.0,-300000.0,-150000.0,True,True,True,True,True,True
2152,Arrendatarios,P5140,200000.0,500000.0,3.0,-300000.0,-100000.0,True,True,True,True,True,True
2153,Arrendatarios,P5140,200000.0,500000.0,3.0,-300000.0,-100000.0,True,True,True,True,True,True
2154,Arrendatarios,P5140,500000.0,800000.0,2.0,-300000.0,-150000.0,True,True,True,True,True,True
2155,Arrendatarios,P5140,500000.0,800000.0,2.0,-300000.0,-150000.0,True,True,True,True,True,True
2156,Arrendatarios,P5140,200000.0,500000.0,1.0,-300000.0,-300000.0,True,True,True,True,True,True
2157,Arrendatarios,P5140,150000.0,450000.0,1.0,-300000.0,-300000.0,True,True,True,True,True,True
2158,Propietarios que pagan su vivienda,P5100,700000.0,1000000.0,3.0,-300000.0,-100000.0,True,True,True,True,True,True
2159,Arrendatarios,P5140,150000.0,450000.0,2.0,-300000.0,-150000.0,True,True,True,True,True,True
2160,Arrendatarios,P5140,500000.0,800000.0,1.0,-300000.0,-300000.0,True,True,True,True,True,True
2161,Arrendatarios,P5140,200000.0,500000.0,3.0,-300000.0,-100000.0,True,True,True,True,True,True
2162,Propietarios que pagan su vivienda,P5100,400000.0,700000.0,3.0,-300000.0,-100000.0,True,True,True,True,True,True
2163,Arrendatarios,P5140,200000.0,500000.0,3.0,-300000.0,-100000.0,True,True,True,True,True,True
2164,Arrendatarios,P5140,300000.0,600000.0,1.0,-300000.0,-300000.0,True,True,True,True,True,True
2165,Arrendatarios,P5140,500000.0,800000.0,3.0,-300000.0,-100000.0,True,True,True,True,True,True
2166,Arrendatarios,P5140,100000.0,400000.0,2.0,-300000.0,-150000.0,True,True,True,True,True,True
2167,Arrendatarios,P5140,500000.0,800000.0,1.0,-300000.0,-300000.0,True,True,True,True,True,True
2168,Arrendatarios,P5140,300000.0,600000.0,2.0,-300000.0,-150000.0,True,True,True,True,True,True
2169,Arrendatarios,P5140,300000.0,600000.0,4.0,-300000.0,-75000.0,True,True,True,True,True,True
2170,Arrendatarios,P5140,200000.0,500000.0,2.0,-300000.0,-150000.0,True,True,True,True,True,True
2171,Arrendatarios,P5140,300000.0,600000.0,1.0,-300000.0,-300000.0,True,True,True,True,True,True
2172,Arrendatarios,P5140,300000.0,600000.0,1.0,-300000.0,-300000.0,True,True,True,True,True,True
2173,Arrendatarios,P5140,250000.0,550000.0,3.0,-300000.0,-100000.0,True,True,True,True,True,True
2174,Arrendatarios,P5140,300000.0,600000.0,3.0,-300000.0,-100000.0,True,True,True,True,True,True
2175,Arrendatarios,P5140,100000.0,400000.0,1.0,-300000.0,-300000.0,True,True,True,True,True,True
2176,Arrendatarios,P5140,250000.0,550000.0,2.0,-300000.0,-150000.0,True,True,True,True,True,True
2177,Arrendatarios,P5140,200000.0,500000.0,1.0,-300000.0,-300000.0,True,True,True,True,True,True
2178,Arrendatarios,P5140,1400000.0,1700000.0,4.0,-300000.0,-75000.0,True,True,True,True,True,True
2179,Arrendatarios,P5140,300000.0,600000.0,2.0,-300000.0,-150000.0,True,True,True,True,True,True
2180,Arrendatarios,P5140,700000.0,1000000.0,2.0,-300000.0,-150000.0,True,True,True,True,True,True
2181,Arrendatarios,P5140,900000.0,1200000.0,1.0,-300000.0,-300000.0,True,True,True,True,True,True
2182,Arrendatarios,P5140,400000.0,700000.0,4.0,-300000.0,-75000.0,True,True,True,True,True,True
2183,Arrendatarios,P5140,200000.0,500000.0,4.0,-300000.0,-75000.0,True,True,True,True,True,True
2184,Arrendatarios,P5140,300000.0,600000.0,2.0,-300000.0,-150000.0,True,True,True,True,True,True
2185,Arrendatarios,P5140,300000.0,600000.0,2.0,-300000.0,-150000.0,True,True,True,True,True,True
2186,Arrendatarios,P5140,300000.0,600000.0,2.0,-300000.0,-150000.0,True,True,True,True,True,True
2187,Arrendatarios,P5140,150000.0,450000.0,1.0,-300000.0,-300000.0,True,True,True,True,True,True
2188,Arrendatarios,P5140,100000.0,400000.0,3.0,-300000.0,-100000.0,True,True,True,True,True,True
2189,Arrendatarios,P5140,1000000.0,1300000.0,1.0,-300000.0,-300000.0,True,True,True,True,True,True
2190,Arrendatarios,P5140,300000.0,600000.0,2.0,-300000.0,-150000.0,True,True,True,True,True,True
2191,Arrendatarios,P5140,200000.0,500000.0,1.0,-300000.0,-300000.0,True,True,True,True,True,True
2192,Arrendatarios,P5140,200000.0,500000.0,1.0,-300000.0,-300000.0,True,True,True,True,True,True
2193,Arrendatarios,P5140,100000.0,400000.0,6.0,-300000.0,-50000.0,True,True,True,True,True,True
2194,Arrendatarios,P5140,100000.0,400000.0,1.0,-300000.0,-300000.0,True,True,True,True,True,True
2195,Arrendatarios,P5140,600000.0,900000.0,4.0,-300000.0,-75000.0,True,True,True,True,True,True
2196,Arrendatarios,P5140,900000.0,1200000.0,1.0,-300000.0,-300000.0,True,True,True,True,True,True
2197,Arrendatarios,P5140,200000.0,500000.0,2.0,-300000.0,-150000.0,True,True,True,True,True,True
2198,Arrendatarios,P5140,400000.0,700000.0,2.0,-300000.0,-150000.0,True,True,True,True,True,True
2199,Arrendatarios,P5140,50000.0,350000.0,3.0,-300000.0,-100000.0,True,True,True,True,True,True
2200,Arrendatarios,P5140,300000.0,600000.0,2.0,-300000.0,-150000.0,True,True,True,True,True,True
2201,Arrendatarios,P5140,150000.0,450000.0,1.0,-300000.0,-300000.0,True,True,True,True,True,True
2202,Arrendatarios,P5140,50000.0,350000.0,3.0,-300000.0,-100000.0,True,True,True,True,True,True
2203,Arrendatarios,P5140,200000.0,500000.0,2.0,-300000.0,-150000.0,True,True,True,True,True,True
2204,Arrendatarios,P5140,1200000.0,1500000.0,2.0,-300000.0,-150000.0,True,True,True,True,True,True
2205,Arrendatarios,P5140,300000.0,600000.0,1.0,-300000.0,-300000.0,True,True,True,True,True,True
2206,Arrendatarios,P5140,300000.0,600000.0,2.0,-300000.0,-150000.0,True,True,True,True,True,True
2207,Arrendatarios,P5140,400000.0,700000.0,1.0,-300000.0,-300000.0,True,True,True,True,True,True
2208,Arrendatarios,P5140,300000.0,600000.0,1.0,-300000.0,-300000.0,True,True,True,True,True,True
2209,Arrendatarios,P5140,250000.0,550000.0,2.0,-300000.0,-150000.0,True,True,True,True,True,True
2210,Arrendatarios,P5140,400000.0,700000.0,2.0,-300000.0,-150000.0,True,True,True,True,True,True
2211,Arrendatarios,P5140,100000.0,400000.0,1.0,-300000.0,-300000.0,True,True,True,True,True,True
2212,Arrendatarios,P5140,100000.0,400000.0,2.0,-300000.0,-150000.0,True,True,True,True,True,True
2213,Arrendatarios,P5140,300000.0,600000.0,1.0,-300000.0,-300000.0,True,True,True,True,True,True
2214,Arrendatarios,P5140,300000.0,600000.0,3.0,-300000.0,-100000.0,True,True,True,True,True,True
2215,Arrendatarios,P5140,300000.0,600000.0,3.0,-300000.0,-100000.0,True,True,True,True,True,True
2216,Arrendatarios,P5140,50000.0,350000.0,3.0,-300000.0,-100000.0,True,True,True,True,True,True
2217,Arrendatarios,P5140,50000.0,350000.0,1.0,-300000.0,-300000.0,True,True,True,True,True,True
2218,Arrendatarios,P5140,100000.0,400000.0,2.0,-300000.0,-150000.0,True,True,True,True,True,True
2219,Arrendatarios,P5140,450000.0,750000.0,3.0,-300000.0,-100000.0,True,True,True,True,True,True
2220,Arrendatarios,P5140,500000.0,800000.0,1.0,-300000.0,-300000.0,True,True,True,True,True,True
2221,Arrendatarios,P5140,150000.0,450000.0,2.0,-300000.0,-150000.0,True,True,True,True,True,True
2222,Arrendatarios,P5140,100000.0,400000.0,2.0,-300000.0,-150000.0,True,True,True,True,True,True
2223,Arrendatarios,P5140,400000.0,700000.0,1.0,-300000.0,-300000.0,True,True,True,True,True,True
2224,Arrendatarios,P5140,300000.0,600000.0,3.0,-300000.0,-100000.0,True,True,True,True,True,True
2225,Arrendatarios,P5140,100000.0,400000.0,3.0,-300000.0,-100000.0,True,True,True,True,True,True
2226,Arrendatarios,P5140,170000.0,470000.0,3.0,-300000.0,-100000.0,True,True,True,True,True,True
2227,Arrendatarios,P5140,350000.0,650000.0,5.0,-300000.0,-60000.0,True,True,True,True,True,True
2228,Arrendatarios,P5140,1000000.0,1300000.0,3.0,-300000.0,-100000.0,True,True,True,True,True,True
2229,Propietarios que pagan su vivienda,P5100,100000.0,400000.0,2.0,-300000.0,-150000.0,True,True,True,True,True,True
2230,Arrendatarios,P5140,500000.0,800000.0,3.0,-300000.0,-100000.0,True,True,True,True,True,True
2231,Arrendatarios,P5140,650000.0,950000.0,2.0,-300000.0,-150000.0,True,True,True,True,True,True
2232,Arrendatarios,P5140,400000.0,700000.0,2.0,-300000.0,-150000.0,True,True,True,True,True,True
2233,Arrendatarios,P5140,400000.0,700000.0,3.0,-300000.0,-100000.0,True,True,True,True,True,True
2234,Arrendatarios,P5140,100000.0,400000.0,5.0,-300000.0,-60000.0,True,True,True,True,True,True
2235,Arrendatarios,P5140,200000.0,500000.0,5.0,-300000.0,-60000.0,True,True,True,True,True,True
2236,Arrendatarios,P5140,400000.0,700000.0,1.0,-300000.0,-300000.0,True,True,True,True,True,True
2237,Arrendatarios,P5140,500000.0,800000.0,1.0,-300000.0,-300000.0,True,True,True,True,True,True
2238,Propietarios que pagan su vivienda,P5100,900000.0,1200000.0,3.0,-300000.0,-100000.0,True,True,True,True,True,True
2239,Arrendatarios,P5140,200000.0,500000.0,2.0,-300000.0,-150000.0,True,True,True,True,True,True
2240,Arrendatarios,P5140,500000.0,800000.0,3.0,-300000.0,-100000.0,True,True,True,True,True,True
2241,Arrendatarios,P5140,1000000.0,1300000.0,1.0,-300000.0,-300000.0,True,True,True,True,True,True
2242,Arrendatarios,P5140,400000.0,700000.0,1.0,-300000.0,-300000.0,True,True,True,True,True,True
2243,Arrendatarios,P5140,500000.0,800000.0,1.0,-300000.0,-300000.0,True,True,True,True,True,True
2244,Arrendatarios,P5140,100000.0,400000.0,2.0,-300000.0,-150000.0,True,True,True,True,True,True
2245,Arrendatarios,P5140,200000.0,500000.0,1.0,-300000.0,-300000.0,True,True,True,True,True,True
2246,Arrendatarios,P5140,1900000.0,2200000.0,2.0,-300000.0,-150000.0,True,True,True,True,True,True
2247,Arrendatarios,P5140,200000.0,500000.0,2.0,-300000.0,-150000.0,True,True,True,True,True,True
2248,Arrendatarios,P5140,500000.0,800000.0,3.0,-300000.0,-100000.0,True,True,True,True,True,True
2249,Arrendatarios,P5140,200000.0,500000.0,4.0,-300000.0,-75000.0,True,True,True,True,True,True
2250,Arrendatarios,P5140,1200000.0,1500000.0,3.0,-300000.0,-100000.0,True,True,True,True,True,True
2251,Arrendatarios,P5140,100000.0,400000.0,1.0,-300000.0,-300000.0,True,True,True,True,True,True
2252,Arrendatarios,P5140,200000.0,500000.0,2.0,-300000.0,-150000.0,True,True,True,True,True,True
2253,Arrendatarios,P5140,500000.0,800000.0,2.0,-300000.0,-150000.0,True,True,True,True,True,True
2254,Arrendatarios,P5140,200000.0,500000.0,3.0,-300000.0,-100000.0,True,True,True,True,True,True
2255,Arrendatarios,P5140,300000.0,600000.0,1.0,-300000.0,-300000.0,True,True,True,True,True,True
2256,Arrendatarios,P5140,300000.0,600000.0,3.0,-300000.0,-100000.0,True,True,True,True,True,True
2257,Arrendatarios,P5140,200000.0,500000.0,3.0,-300000.0,-100000.0,True,True,True,True,True,True
2258,Arrendatarios,P5140,500000.0,800000.0,2.0,-300000.0,-150000.0,True,True,True,True,True,True
2259,Arrendatarios,P5140,200000.0,500000.0,2.0,-300000.0,-150000.0,True,True,True,True,True,True
2260,Arrendatarios,P5140,1000000.0,1300000.0,1.0,-300000.0,-300000.0,True,True,True,True,True,True
2261,Propietarios que pagan su vivienda,P5100,1200000.0,1500000.0,1.0,-300000.0,-300000.0,True,True,True,True,True,True
2262,Arrendatarios,P5140,200000.0,500000.0,1.0,-300000.0,-300000.0,True,True,True,True,True,True
2263,Arrendatarios,P5140,1000000.0,1300000.0,2.0,-300000.0,-150000.0,True,True,True,True,True,True
2264,Arrendatarios,P5140,350000.0,650000.0,4.0,-300000.0,-75000.0,True,True,True,True,True,True
2265,Arrendatarios,P5140,100000.0,400000.0,4.0,-300000.0,-75000.0,True,True,True,True,True,True
2266,Arrendatarios,P5140,1250000.0,1550000.0,2.0,-300000.0,-150000.0,True,True,True,True,True,True
2267,Arrendatarios,P5140,500000.0,800000.0,2.0,-300000.0,-150000.0,True,True,True,True,True,True
2268,Arrendatarios,P5140,50000.0,350000.0,2.0,-300000.0,-150000.0,True,True,True,True,True,True
2269,Arrendatarios,P5140,50000.0,350000.0,1.0,-300000.0,-300000.0,True,True,True,True,True,True
2270,Arrendatarios,P5140,100000.0,400000.0,2.0,-300000.0,-150000.0,True,True,True,True,True,True
2271,Arrendatarios,P5140,150000.0,450000.0,2.0,-300000.0,-150000.0,True,True,True,True,True,True
2272,Arrendatarios,P5140,400000.0,700000.0,2.0,-300000.0,-150000.0,True,True,True,True,True,True
2273,Arrendatarios,P5140,100000.0,400000.0,1.0,-300000.0,-300000.0,True,True,True,True,True,True
2274,Arrendatarios,P5140,800000.0,1100000.0,3.0,-300000.0,-100000.0,True,True,True,True,True,True
2275,Arrendatarios,P5140,200000.0,500000.0,1.0,-300000.0,-300000.0,True,True,True,True,True,True
2276,Arrendatarios,P5140,300000.0,600000.0,2.0,-300000.0,-150000.0,True,True,True,True,True,True
2277,Arrendatarios,P5140,1000000.0,1300000.0,1.0,-300000.0,-300000.0,True,True,True,True,True,True
2278,Arrendatarios,P5140,500000.0,800000.0,2.0,-300000.0,-150000.0,True,True,True,True,True,True
2279,Arrendatarios,P5140,150000.0,450000.0,3.0,-300000.0,-100000.0,True,True,True,True,True,True
2280,Propietarios que pagan su vivienda,P5100,400000.0,700000.0,1.0,-300000.0,-300000.0,True,True,True,True,True,True
2281,Arrendatarios,P5140,500000.0,800000.0,1.0,-300000.0,-300000.0,True,True,True,True,True,True
2282,Arrendatarios,P5140,50000.0,350000.0,1.0,-300000.0,-300000.0,True,True,True,True,True,True
2283,Arrendatarios,P5140,400000.0,700000.0,2.0,-300000.0,-150000.0,True,True,True,True,True,True
2284,Propietarios que pagan su vivienda,P5100,700000.0,1000000.0,3.0,-300000.0,-100000.0,True,True,True,True,True,True
2285,Arrendatarios,P5140,200000.0,500000.0,2.0,-300000.0,-150000.0,True,True,True,True,True,True
2286,Arrendatarios,P5140,50000.0,350000.0,1.0,-300000.0,-300000.0,True,True,True,True,True,True
2287,Arrendatarios,P5140,300000.0,600000.0,2.0,-300000.0,-150000.0,True,True,True,True,True,True
2288,Arrendatarios,P5140,200000.0,500000.0,3.0,-300000.0,-100000.0,True,True,True,True,True,True
2289,Arrendatarios,P5140,500000.0,800000.0,4.0,-300000.0,-75000.0,True,True,True,True,True,True
2290,Arrendatarios,P5140,750000.0,1050000.0,2.0,-300000.0,-150000.0,True,True,True,True,True,True
2291,Arrendatarios,P5140,550000.0,850000.0,3.0,-300000.0,-100000.0,True,True,True,True,True,True
2292,Arrendatarios,P5140,500000.0,800000.0,5.0,-300000.0,-60000.0,True,True,True,True,True,True
2293,Arrendatarios,P5140,500000.0,800000.0,1.0,-300000.0,-300000.0,True,True,True,True,True,True
2294,Arrendatarios,P5140,300000.0,600000.0,1.0,-300000.0,-300000.0,True,True,True,True,True,True
2295,Arrendatarios,P5140,200000.0,500000.0,1.0,-300000.0,-300000.0,True,True,True,True,True,True
2296,Arrendatarios,P5140,250000.0,550000.0,3.0,-300000.0,-100000.0,True,True,True,True,True,True
2297,Arrendatarios,P5140,400000.0,700000.0,1.0,-300000.0,-300000.0,True,True,True,True,True,True
2298,Arrendatarios,P5140,600000.0,900000.0,1.0,-300000.0,-300000.0,True,True,True,True,True,True
2299,Arrendatarios,P5140,400042.0,700000.0,3.0,-299958.0,-99986.0,True,True,True,True,True,True
2300,Arrendatarios,P5140,101000.0,400000.0,5.0,-299000.0,-59800.0,True,True,True,True,True,True
2301,Arrendatarios,P5140,83333.33333333333,380000.0,2.0,-296666.6666666667,-148333.33333333334,True,True,True,True,True,True
2302,Arrendatarios,P5140,333333.3333333333,630000.0,2.0,-296666.6666666667,-148333.33333333334,True,True,True,True,True,True
2303,Arrendatarios,P5140,83333.33333333333,380000.0,1.0,-296666.6666666667,-296666.6666666667,True,True,True,True,True,True
2304,Arrendatarios,P5140,83333.33333333333,380000.0,3.0,-296666.6666666667,-98888.88888888889,True,True,True,True,True,True
2305,Arrendatarios,P5140,133333.33333333334,430000.0,1.0,-296666.6666666666,-296666.6666666666,True,True,True,True,True,True
2306,Arrendatarios,P5140,54166.666666666664,350000.0,2.0,-295833.3333333333,-147916.66666666666,True,True,True,True,True,True
2307,Arrendatarios,P5140,155000.0,450000.0,1.0,-295000.0,-295000.0,True,True,True,True,True,True
2308,Arrendatarios,P5140,405000.0,700000.0,5.0,-295000.0,-59000.0,True,True,True,True,True,True
2309,Arrendatarios,P5140,505000.0,800000.0,2.0,-295000.0,-147500.0,True,True,True,True,True,True
2310,Arrendatarios,P5140,105000.0,400000.0,6.0,-295000.0,-49166.666666666664,True,True,True,True,True,True
2311,Arrendatarios,P5140,256940.0,550000.0,1.0,-293060.0,-293060.0,True,True,True,True,True,True
2312,Arrendatarios,P5140,108333.33333333333,400000.0,1.0,-291666.6666666667,-291666.6666666667,True,True,True,True,True,True
2313,Arrendatarios,P5140,108333.33333333333,400000.0,3.0,-291666.6666666667,-97222.22222222223,True,True,True,True,True,True
2314,Arrendatarios,P5140,58333.333333333336,350000.0,1.0,-291666.6666666667,-291666.6666666667,True,True,True,True,True,True
2315,Arrendatarios,P5140,108333.33333333333,400000.0,3.0,-291666.6666666667,-97222.22222222223,True,True,True,True,True,True
2316,Arrendatarios,P5140,208333.3333333333,500000.0,4.0,-291666.6666666667,-72916.66666666667,True,True,True,True,True,True
2317,Arrendatarios,P5140,58333.333333333336,350000.0,3.0,-291666.6666666667,-97222.22222222223,True,True,True,True,True,True
2318,Propietarios que pagan su vivienda,P5100,58333.333333333336,350000.0,1.0,-291666.6666666667,-291666.6666666667,True,True,True,True,True,True
2319,Arrendatarios,P5140,108333.33333333333,400000.0,3.0,-291666.6666666667,-97222.22222222223,True,True,True,True,True,True
2320,Arrendatarios,P5140,8333.333333333334,300000.0,2.0,-291666.6666666667,-145833.33333333334,True,True,True,True,True,True
2321,Arrendatarios,P5140,58333.333333333336,350000.0,2.0,-291666.6666666667,-145833.33333333334,True,True,True,True,True,True
2322,Arrendatarios,P5140,108333.33333333334,400000.0,3.0,-291666.6666666666,-97222.2222222222,True,True,True,True,True,True
2323,Arrendatarios,P5140,208333.33333333334,500000.0,3.0,-291666.6666666666,-97222.2222222222,True,True,True,True,True,True
2324,Arrendatarios,P5140,208333.33333333334,500000.0,3.0,-291666.6666666666,-97222.2222222222,True,True,True,True,True,True
2325,Arrendatarios,P5140,208333.33333333334,500000.0,1.0,-291666.6666666666,-291666.6666666666,True,True,True,True,True,True
2326,Arrendatarios,P5140,208333.33333333334,500000.0,3.0,-291666.6666666666,-97222.2222222222,True,True,True,True,True,True
2327,Arrendatarios,P5140,158333.33333333334,450000.0,1.0,-291666.6666666666,-291666.6666666666,True,True,True,True,True,True
2328,Arrendatarios,P5140,158333.33333333334,450000.0,3.0,-291666.6666666666,-97222.2222222222,True,True,True,True,True,True
2329,Arrendatarios,P5140,308333.3333333334,600000.0,2.0,-291666.6666666666,-145833.3333333333,True,True,True,True,True,True
2330,Arrendatarios,P5140,208333.33333333334,500000.0,1.0,-291666.6666666666,-291666.6666666666,True,True,True,True,True,True
2331,Arrendatarios,P5140,208333.33333333334,500000.0,1.0,-291666.6666666666,-291666.6666666666,True,True,True,True,True,True
2332,Arrendatarios,P5140,158333.33333333334,450000.0,2.0,-291666.6666666666,-145833.3333333333,True,True,True,True,True,True
2333,Arrendatarios,P5140,208333.33333333334,500000.0,3.0,-291666.6666666666,-97222.2222222222,True,True,True,True,True,True
2334,Arrendatarios,P5140,658333.3333333334,950000.0,2.0,-291666.6666666666,-145833.3333333333,True,True,True,True,True,True
2335,Arrendatarios,P5140,159166.6666666667,450000.0,3.0,-290833.3333333333,-96944.44444444444,True,True,True,True,True,True
2336,Arrendatarios,P5140,110000.0,400000.0,2.0,-290000.0,-145000.0,True,True,True,True,True,True
2337,Arrendatarios,P5140,80000.0,370000.0,1.0,-290000.0,-290000.0,True,True,True,True,True,True
2338,Arrendatarios,P5140,310000.0,600000.0,4.0,-290000.0,-72500.0,True,True,True,True,True,True
2339,Arrendatarios,P5140,110000.0,400000.0,3.0,-290000.0,-96666.66666666667,True,True,True,True,True,True
2340,Propietarios que pagan su vivienda,P5100,410000.0,700000.0,5.0,-290000.0,-58000.0,True,True,True,True,True,True
2341,Arrendatarios,P5140,160000.0,450000.0,3.0,-290000.0,-96666.66666666667,True,True,True,True,True,True
2342,Arrendatarios,P5140,50000.0,340000.0,3.0,-290000.0,-96666.66666666667,True,True,True,True,True,True
2343,Arrendatarios,P5140,160000.0,450000.0,2.0,-290000.0,-145000.0,True,True,True,True,True,True
2344,Arrendatarios,P5140,160000.0,450000.0,1.0,-290000.0,-290000.0,True,True,True,True,True,True
2345,Arrendatarios,P5140,191666.66666666666,480000.0,6.0,-288333.3333333334,-48055.55555555556,True,True,True,True,True,True
2346,Arrendatarios,P5140,262500.0,550000.0,3.0,-287500.0,-95833.33333333333,True,True,True,True,True,True
2347,Arrendatarios,P5140,62500.0,350000.0,1.0,-287500.0,-287500.0,True,True,True,True,True,True
2348,Arrendatarios,P5140,562500.0,850000.0,2.0,-287500.0,-143750.0,True,True,True,True,True,True
2349,Arrendatarios,P5140,143333.3333333333,430000.0,3.0,-286666.6666666667,-95555.55555555556,True,True,True,True,True,True
2350,Arrendatarios,P5140,83333.33333333333,370000.0,2.0,-286666.6666666667,-143333.33333333334,True,True,True,True,True,True
2351,Arrendatarios,P5140,473333.3333333333,760000.0,4.0,-286666.6666666667,-71666.66666666667,True,True,True,True,True,True
2352,Arrendatarios,P5140,113333.33333333334,400000.0,2.0,-286666.6666666666,-143333.3333333333,True,True,True,True,True,True
2353,Arrendatarios,P5140,415000.0,700000.0,3.0,-285000.0,-95000.0,True,True,True,True,True,True
2354,Arrendatarios,P5140,65000.0,350000.0,1.0,-285000.0,-285000.0,True,True,True,True,True,True
2355,Arrendatarios,P5140,2916666.6666666665,3200000.0,4.0,-283333.3333333335,-70833.33333333337,True,True,True,True,True,True
2356,Arrendatarios,P5140,66666.66666666666,350000.0,5.0,-283333.3333333334,-56666.66666666667,True,True,True,True,True,True
2357,Arrendatarios,P5140,166666.66666666666,450000.0,2.0,-283333.3333333334,-141666.6666666667,True,True,True,True,True,True
2358,Arrendatarios,P5140,166666.66666666666,450000.0,1.0,-283333.3333333334,-283333.3333333334,True,True,True,True,True,True
2359,Arrendatarios,P5140,666666.6666666666,950000.0,2.0,-283333.3333333334,-141666.6666666667,True,True,True,True,True,True
2360,Arrendatarios,P5140,166666.66666666666,450000.0,1.0,-283333.3333333334,-283333.3333333334,True,True,True,True,True,True
2361,Arrendatarios,P5140,716666.6666666666,1000000.0,3.0,-283333.3333333334,-94444.44444444445,True,True,True,True,True,True
2362,Arrendatarios,P5140,66666.66666666666,350000.0,2.0,-283333.3333333334,-141666.6666666667,True,True,True,True,True,True
2363,Arrendatarios,P5140,216666.66666666666,500000.0,3.0,-283333.3333333334,-94444.44444444445,True,True,True,True,True,True
2364,Arrendatarios,P5140,616666.6666666666,900000.0,2.0,-283333.3333333334,-141666.6666666667,True,True,True,True,True,True
2365,Arrendatarios,P5140,166666.66666666666,450000.0,2.0,-283333.3333333334,-141666.6666666667,True,True,True,True,True,True
2366,Arrendatarios,P5140,566666.6666666666,850000.0,1.0,-283333.3333333334,-283333.3333333334,True,True,True,True,True,True
2367,Arrendatarios,P5140,66666.66666666667,350000.0,1.0,-283333.3333333333,-283333.3333333333,True,True,True,True,True,True
2368,Propietarios que pagan su vivienda,P5100,416666.6666666667,700000.0,2.0,-283333.3333333333,-141666.66666666666,True,True,True,True,True,True
2369,Arrendatarios,P5140,66666.66666666667,350000.0,1.0,-283333.3333333333,-283333.3333333333,True,True,True,True,True,True
2370,Arrendatarios,P5140,66666.66666666667,350000.0,1.0,-283333.3333333333,-283333.3333333333,True,True,True,True,True,True
2371,Arrendatarios,P5140,116666.66666666667,400000.0,3.0,-283333.3333333333,-94444.44444444444,True,True,True,True,True,True
2372,Arrendatarios,P5140,166666.6666666667,450000.0,2.0,-283333.3333333333,-141666.66666666666,True,True,True,True,True,True
2373,Arrendatarios,P5140,416666.6666666667,700000.0,4.0,-283333.3333333333,-70833.33333333333,True,True,True,True,True,True
2374,Arrendatarios,P5140,96666.66666666667,380000.0,1.0,-283333.3333333333,-283333.3333333333,True,True,True,True,True,True
2375,Arrendatarios,P5140,66666.66666666667,350000.0,2.0,-283333.3333333333,-141666.66666666666,True,True,True,True,True,True
2376,Arrendatarios,P5140,16666.666666666668,300000.0,1.0,-283333.3333333333,-283333.3333333333,True,True,True,True,True,True
2377,Arrendatarios,P5140,66666.66666666667,350000.0,2.0,-283333.3333333333,-141666.66666666666,True,True,True,True,True,True
2378,Arrendatarios,P5140,66666.66666666667,350000.0,3.0,-283333.3333333333,-94444.44444444444,True,True,True,True,True,True
2379,Arrendatarios,P5140,66666.66666666667,350000.0,2.0,-283333.3333333333,-141666.66666666666,True,True,True,True,True,True
2380,Arrendatarios,P5140,416666.6666666667,700000.0,2.0,-283333.3333333333,-141666.66666666666,True,True,True,True,True,True
2381,Arrendatarios,P5140,416666.6666666667,700000.0,1.0,-283333.3333333333,-283333.3333333333,True,True,True,True,True,True
2382,Arrendatarios,P5140,416666.6666666667,700000.0,1.0,-283333.3333333333,-283333.3333333333,True,True,True,True,True,True
2383,Arrendatarios,P5140,16666.666666666668,300000.0,1.0,-283333.3333333333,-283333.3333333333,True,True,True,True,True,True
2384,Arrendatarios,P5140,316666.6666666667,600000.0,2.0,-283333.3333333333,-141666.66666666666,True,True,True,True,True,True
2385,Arrendatarios,P5140,416666.6666666667,700000.0,1.0,-283333.3333333333,-283333.3333333333,True,True,True,True,True,True
2386,Arrendatarios,P5140,116666.66666666667,400000.0,5.0,-283333.3333333333,-56666.666666666664,True,True,True,True,True,True
2387,Arrendatarios,P5140,316666.6666666667,600000.0,2.0,-283333.3333333333,-141666.66666666666,True,True,True,True,True,True
2388,Arrendatarios,P5140,66666.66666666667,350000.0,1.0,-283333.3333333333,-283333.3333333333,True,True,True,True,True,True
2389,Arrendatarios,P5140,66666.66666666667,350000.0,3.0,-283333.3333333333,-94444.44444444444,True,True,True,True,True,True
2390,Arrendatarios,P5140,116666.66666666667,400000.0,3.0,-283333.3333333333,-94444.44444444444,True,True,True,True,True,True
2391,Arrendatarios,P5140,16666.666666666668,300000.0,3.0,-283333.3333333333,-94444.44444444444,True,True,True,True,True,True
2392,Arrendatarios,P5140,237500.0,520000.0,2.0,-282500.0,-141250.0,True,True,True,True,True,True
2393,Arrendatarios,P5140,18333.333333333332,300000.0,1.0,-281666.6666666667,-281666.6666666667,True,True,True,True,True,True
2394,Arrendatarios,P5140,318750.0,600000.0,2.0,-281250.0,-140625.0,True,True,True,True,True,True
2395,Arrendatarios,P5140,69166.66666666667,350000.0,1.0,-280833.3333333333,-280833.3333333333,True,True,True,True,True,True
2396,Arrendatarios,P5140,120000.0,400000.0,1.0,-280000.0,-280000.0,True,True,True,True,True,True
2397,Arrendatarios,P5140,100000.0,380000.0,4.0,-280000.0,-70000.0,True,True,True,True,True,True
2398,Arrendatarios,P5140,100000.0,380000.0,1.0,-280000.0,-280000.0,True,True,True,True,True,True
2399,Arrendatarios,P5140,500000.0,780000.0,3.0,-280000.0,-93333.33333333333,True,True,True,True,True,True
2400,Arrendatarios,P5140,350000.0,630000.0,5.0,-280000.0,-56000.0,True,True,True,True,True,True
2401,Arrendatarios,P5140,200000.0,480000.0,2.0,-280000.0,-140000.0,True,True,True,True,True,True
2402,Arrendatarios,P5140,370000.0,650000.0,3.0,-280000.0,-93333.33333333333,True,True,True,True,True,True
2403,Arrendatarios,P5140,200000.0,480000.0,3.0,-280000.0,-93333.33333333333,True,True,True,True,True,True
2404,Arrendatarios,P5140,250000.0,530000.0,1.0,-280000.0,-280000.0,True,True,True,True,True,True
2405,Arrendatarios,P5140,200000.0,480000.0,3.0,-280000.0,-93333.33333333333,True,True,True,True,True,True
2406,Arrendatarios,P5140,100000.0,380000.0,1.0,-280000.0,-280000.0,True,True,True,True,True,True
2407,Arrendatarios,P5140,120000.0,400000.0,1.0,-280000.0,-280000.0,True,True,True,True,True,True
2408,Arrendatarios,P5140,420000.0,700000.0,2.0,-280000.0,-140000.0,True,True,True,True,True,True
2409,Arrendatarios,P5140,120000.0,400000.0,2.0,-280000.0,-140000.0,True,True,True,True,True,True
2410,Arrendatarios,P5140,220000.0,500000.0,5.0,-280000.0,-56000.0,True,True,True,True,True,True
2411,Arrendatarios,P5140,200000.0,480000.0,4.0,-280000.0,-70000.0,True,True,True,True,True,True
2412,Arrendatarios,P5140,100000.0,380000.0,1.0,-280000.0,-280000.0,True,True,True,True,True,True
2413,Arrendatarios,P5140,100000.0,380000.0,2.0,-280000.0,-140000.0,True,True,True,True,True,True
2414,Propietarios que pagan su vivienda,P5100,400000.0,680000.0,1.0,-280000.0,-280000.0,True,True,True,True,True,True
2415,Arrendatarios,P5140,400000.0,680000.0,3.0,-280000.0,-93333.33333333333,True,True,True,True,True,True
2416,Arrendatarios,P5140,70000.0,350000.0,1.0,-280000.0,-280000.0,True,True,True,True,True,True
2417,Arrendatarios,P5140,20833.333333333332,300000.0,4.0,-279166.6666666667,-69791.66666666667,True,True,True,True,True,True
2418,Arrendatarios,P5140,70833.33333333333,350000.0,2.0,-279166.6666666667,-139583.33333333334,True,True,True,True,True,True
2419,Arrendatarios,P5140,220833.33333333334,500000.0,1.0,-279166.6666666666,-279166.6666666666,True,True,True,True,True,True
2420,Arrendatarios,P5140,321666.6666666667,600000.0,3.0,-278333.3333333333,-92777.77777777777,True,True,True,True,True,True
2421,Arrendatarios,P5140,41666.666666666664,320000.0,3.0,-278333.3333333333,-92777.77777777777,True,True,True,True,True,True
2422,Propietarios que pagan su vivienda,P5100,200000.0,477000.0,2.0,-277000.0,-138500.0,True,True,True,True,True,True
2423,Arrendatarios,P5140,123333.33333333333,400000.0,1.0,-276666.6666666667,-276666.6666666667,True,True,True,True,True,True
2424,Arrendatarios,P5140,223333.33333333334,500000.0,3.0,-276666.6666666666,-92222.2222222222,True,True,True,True,True,True
2425,Propietarios que pagan su vivienda,P5100,1423500.0,1700000.0,1.0,-276500.0,-276500.0,True,True,True,True,True,True
2426,Arrendatarios,P5140,1423500.0,1700000.0,1.0,-276500.0,-276500.0,True,True,True,True,True,True
2427,Arrendatarios,P5140,54166.666666666664,330000.0,1.0,-275833.3333333333,-275833.3333333333,True,True,True,True,True,True
2428,Arrendatarios,P5140,325000.0,600000.0,4.0,-275000.0,-68750.0,True,True,True,True,True,True
2429,Arrendatarios,P5140,125000.0,400000.0,2.0,-275000.0,-137500.0,True,True,True,True,True,True
2430,Arrendatarios,P5140,25000.0,300000.0,2.0,-275000.0,-137500.0,True,True,True,True,True,True
2431,Arrendatarios,P5140,400000.0,675000.0,4.0,-275000.0,-68750.0,True,True,True,True,True,True
2432,Arrendatarios,P5140,25000.0,300000.0,1.0,-275000.0,-275000.0,True,True,True,True,True,True
2433,Arrendatarios,P5140,105000.0,380000.0,1.0,-275000.0,-275000.0,True,True,True,True,True,True
2434,Arrendatarios,P5140,125000.0,400000.0,4.0,-275000.0,-68750.0,True,True,True,True,True,True
2435,Arrendatarios,P5140,175000.0,450000.0,3.0,-275000.0,-91666.66666666667,True,True,True,True,True,True
2436,Arrendatarios,P5140,475000.0,750000.0,4.0,-275000.0,-68750.0,True,True,True,True,True,True
2437,Arrendatarios,P5140,225000.0,500000.0,4.0,-275000.0,-68750.0,True,True,True,True,True,True
2438,Arrendatarios,P5140,25000.0,300000.0,1.0,-275000.0,-275000.0,True,True,True,True,True,True
2439,Arrendatarios,P5140,75000.0,350000.0,2.0,-275000.0,-137500.0,True,True,True,True,True,True
2440,Arrendatarios,P5140,125000.0,400000.0,2.0,-275000.0,-137500.0,True,True,True,True,True,True
2441,Arrendatarios,P5140,325000.0,600000.0,1.0,-275000.0,-275000.0,True,True,True,True,True,True
2442,Arrendatarios,P5140,125000.0,400000.0,1.0,-275000.0,-275000.0,True,True,True,True,True,True
2443,Arrendatarios,P5140,125000.0,400000.0,2.0,-275000.0,-137500.0,True,True,True,True,True,True
2444,Arrendatarios,P5140,125000.0,400000.0,2.0,-275000.0,-137500.0,True,True,True,True,True,True
2445,Arrendatarios,P5140,125000.0,400000.0,2.0,-275000.0,-137500.0,True,True,True,True,True,True
2446,Arrendatarios,P5140,225000.0,500000.0,1.0,-275000.0,-275000.0,True,True,True,True,True,True
2447,Arrendatarios,P5140,125000.0,400000.0,3.0,-275000.0,-91666.66666666667,True,True,True,True,True,True
2448,Arrendatarios,P5140,75000.0,350000.0,1.0,-275000.0,-275000.0,True,True,True,True,True,True
2449,Arrendatarios,P5140,875000.0,1150000.0,5.0,-275000.0,-55000.0,True,True,True,True,True,True
2450,Arrendatarios,P5140,25000.0,300000.0,5.0,-275000.0,-55000.0,True,True,True,True,True,True
2451,Arrendatarios,P5140,125000.0,400000.0,1.0,-275000.0,-275000.0,True,True,True,True,True,True
2452,Arrendatarios,P5140,166666.66666666666,440000.0,1.0,-273333.3333333334,-273333.3333333334,True,True,True,True,True,True
2453,Arrendatarios,P5140,76666.66666666667,350000.0,2.0,-273333.3333333333,-136666.66666666666,True,True,True,True,True,True
2454,Arrendatarios,P5140,108333.33333333333,380000.0,3.0,-271666.6666666667,-90555.55555555556,True,True,True,True,True,True
2455,Arrendatarios,P5140,158333.3333333333,430000.0,2.0,-271666.6666666667,-135833.33333333334,True,True,True,True,True,True
2456,Arrendatarios,P5140,429166.6666666666,700000.0,4.0,-270833.3333333334,-67708.33333333334,True,True,True,True,True,True
2457,Arrendatarios,P5140,79166.66666666667,350000.0,1.0,-270833.3333333333,-270833.3333333333,True,True,True,True,True,True
2458,Arrendatarios,P5140,29166.666666666668,300000.0,1.0,-270833.3333333333,-270833.3333333333,True,True,True,True,True,True
2459,Arrendatarios,P5140,380000.0,650000.0,2.0,-270000.0,-135000.0,True,True,True,True,True,True
2460,Arrendatarios,P5140,100000.0,370000.0,1.0,-270000.0,-270000.0,True,True,True,True,True,True
2461,Arrendatarios,P5140,130000.0,400000.0,3.0,-270000.0,-90000.0,True,True,True,True,True,True
2462,Arrendatarios,P5140,1080000.0,1350000.0,3.0,-270000.0,-90000.0,True,True,True,True,True,True
2463,Propietarios que pagan su vivienda,P5100,1230000.0,1500000.0,2.0,-270000.0,-135000.0,True,True,True,True,True,True
2464,Arrendatarios,P5140,80000.0,350000.0,5.0,-270000.0,-54000.0,True,True,True,True,True,True
2465,Arrendatarios,P5140,180000.0,450000.0,2.0,-270000.0,-135000.0,True,True,True,True,True,True
2466,Arrendatarios,P5140,350000.0,620000.0,2.0,-270000.0,-135000.0,True,True,True,True,True,True
2467,Arrendatarios,P5140,80000.0,350000.0,1.0,-270000.0,-270000.0,True,True,True,True,True,True
2468,Arrendatarios,P5140,180000.0,450000.0,3.0,-270000.0,-90000.0,True,True,True,True,True,True
2469,Arrendatarios,P5140,330000.0,600000.0,2.0,-270000.0,-135000.0,True,True,True,True,True,True
2470,Arrendatarios,P5140,380000.0,650000.0,1.0,-270000.0,-270000.0,True,True,True,True,True,True
2471,Arrendatarios,P5140,80000.0,350000.0,1.0,-270000.0,-270000.0,True,True,True,True,True,True
2472,Arrendatarios,P5140,80000.0,350000.0,3.0,-270000.0,-90000.0,True,True,True,True,True,True
2473,Arrendatarios,P5140,180000.0,450000.0,1.0,-270000.0,-270000.0,True,True,True,True,True,True
2474,Arrendatarios,P5140,231666.66666666666,500000.0,1.0,-268333.3333333334,-268333.3333333334,True,True,True,True,True,True
2475,Arrendatarios,P5140,31666.666666666668,300000.0,2.0,-268333.3333333333,-134166.66666666666,True,True,True,True,True,True
2476,Arrendatarios,P5140,81666.66666666667,350000.0,4.0,-268333.3333333333,-67083.33333333333,True,True,True,True,True,True
2477,Arrendatarios,P5140,12500.0,280000.0,2.0,-267500.0,-133750.0,True,True,True,True,True,True
2478,Arrendatarios,P5140,1333333.3333333333,1600000.0,2.0,-266666.66666666674,-133333.33333333337,True,True,True,True,True,True
2479,Arrendatarios,P5140,1083333.3333333333,1350000.0,2.0,-266666.66666666674,-133333.33333333337,True,True,True,True,True,True
2480,Arrendatarios,P5140,533333.3333333333,800000.0,2.0,-266666.66666666674,-133333.33333333337,True,True,True,True,True,True
2481,Arrendatarios,P5140,183333.3333333333,450000.0,4.0,-266666.6666666667,-66666.66666666667,True,True,True,True,True,True
2482,Arrendatarios,P5140,83333.33333333333,350000.0,2.0,-266666.6666666667,-133333.33333333334,True,True,True,True,True,True
2483,Arrendatarios,P5140,83333.33333333333,350000.0,1.0,-266666.6666666667,-266666.6666666667,True,True,True,True,True,True
2484,Arrendatarios,P5140,83333.33333333333,350000.0,5.0,-266666.6666666667,-53333.333333333336,True,True,True,True,True,True
2485,Arrendatarios,P5140,333333.3333333333,600000.0,2.0,-266666.6666666667,-133333.33333333334,True,True,True,True,True,True
2486,Arrendatarios,P5140,33333.333333333336,300000.0,1.0,-266666.6666666667,-266666.6666666667,True,True,True,True,True,True
2487,Arrendatarios,P5140,333333.3333333333,600000.0,3.0,-266666.6666666667,-88888.88888888889,True,True,True,True,True,True
2488,Arrendatarios,P5140,333333.3333333333,600000.0,2.0,-266666.6666666667,-133333.33333333334,True,True,True,True,True,True
2489,Arrendatarios,P5140,83333.33333333333,350000.0,4.0,-266666.6666666667,-66666.66666666667,True,True,True,True,True,True
2490,Arrendatarios,P5140,333333.3333333333,600000.0,1.0,-266666.6666666667,-266666.6666666667,True,True,True,True,True,True
2491,Arrendatarios,P5140,83333.33333333333,350000.0,2.0,-266666.6666666667,-133333.33333333334,True,True,True,True,True,True
2492,Arrendatarios,P5140,83333.33333333333,350000.0,1.0,-266666.6666666667,-266666.6666666667,True,True,True,True,True,True
2493,Arrendatarios,P5140,333333.3333333333,600000.0,1.0,-266666.6666666667,-266666.6666666667,True,True,True,True,True,True
2494,Arrendatarios,P5140,333333.3333333333,600000.0,3.0,-266666.6666666667,-88888.88888888889,True,True,True,True,True,True
2495,Arrendatarios,P5140,83333.33333333333,350000.0,2.0,-266666.6666666667,-133333.33333333334,True,True,True,True,True,True
2496,Arrendatarios,P5140,333333.3333333333,600000.0,1.0,-266666.6666666667,-266666.6666666667,True,True,True,True,True,True
2497,Arrendatarios,P5140,83333.33333333333,350000.0,1.0,-266666.6666666667,-266666.6666666667,True,True,True,True,True,True
2498,Arrendatarios,P5140,33333.333333333336,300000.0,3.0,-266666.6666666667,-88888.88888888889,True,True,True,True,True,True
2499,Arrendatarios,P5140,433333.3333333333,700000.0,5.0,-266666.6666666667,-53333.333333333336,True,True,True,True,True,True
2500,Arrendatarios,P5140,333333.3333333333,600000.0,2.0,-266666.6666666667,-133333.33333333334,True,True,True,True,True,True
2501,Arrendatarios,P5140,83333.33333333333,350000.0,2.0,-266666.6666666667,-133333.33333333334,True,True,True,True,True,True
2502,Arrendatarios,P5140,333333.3333333333,600000.0,2.0,-266666.6666666667,-133333.33333333334,True,True,True,True,True,True
2503,Arrendatarios,P5140,83333.33333333333,350000.0,3.0,-266666.6666666667,-88888.88888888889,True,True,True,True,True,True
2504,Arrendatarios,P5140,33333.333333333336,300000.0,1.0,-266666.6666666667,-266666.6666666667,True,True,True,True,True,True
2505,Arrendatarios,P5140,83333.33333333333,350000.0,1.0,-266666.6666666667,-266666.6666666667,True,True,True,True,True,True
2506,Arrendatarios,P5140,33333.333333333336,300000.0,3.0,-266666.6666666667,-88888.88888888889,True,True,True,True,True,True
2507,Arrendatarios,P5140,333333.3333333333,600000.0,2.0,-266666.6666666667,-133333.33333333334,True,True,True,True,True,True
2508,Arrendatarios,P5140,333333.3333333333,600000.0,4.0,-266666.6666666667,-66666.66666666667,True,True,True,True,True,True
2509,Arrendatarios,P5140,33333.333333333336,300000.0,2.0,-266666.6666666667,-133333.33333333334,True,True,True,True,True,True
2510,Arrendatarios,P5140,33333.333333333336,300000.0,3.0,-266666.6666666667,-88888.88888888889,True,True,True,True,True,True
2511,Propietarios que pagan su vivienda,P5100,333333.3333333333,600000.0,1.0,-266666.6666666667,-266666.6666666667,True,True,True,True,True,True
2512,Arrendatarios,P5140,33333.333333333336,300000.0,1.0,-266666.6666666667,-266666.6666666667,True,True,True,True,True,True
2513,Arrendatarios,P5140,333333.3333333333,600000.0,2.0,-266666.6666666667,-133333.33333333334,True,True,True,True,True,True
2514,Arrendatarios,P5140,83333.33333333333,350000.0,2.0,-266666.6666666667,-133333.33333333334,True,True,True,True,True,True
2515,Arrendatarios,P5140,533333.3333333334,800000.0,1.0,-266666.6666666666,-266666.6666666666,True,True,True,True,True,True
2516,Propietarios que pagan su vivienda,P5100,833333.3333333334,1100000.0,2.0,-266666.6666666666,-133333.3333333333,True,True,True,True,True,True
2517,Arrendatarios,P5140,233333.33333333334,500000.0,2.0,-266666.6666666666,-133333.3333333333,True,True,True,True,True,True
2518,Arrendatarios,P5140,233333.33333333334,500000.0,3.0,-266666.6666666666,-88888.88888888888,True,True,True,True,True,True
2519,Arrendatarios,P5140,133333.33333333334,400000.0,2.0,-266666.6666666666,-133333.3333333333,True,True,True,True,True,True
2520,Arrendatarios,P5140,133333.33333333334,400000.0,2.0,-266666.6666666666,-133333.3333333333,True,True,True,True,True,True
2521,Arrendatarios,P5140,83333.33333333334,350000.0,2.0,-266666.6666666666,-133333.3333333333,True,True,True,True,True,True
2522,Arrendatarios,P5140,583333.3333333334,850000.0,1.0,-266666.6666666666,-266666.6666666666,True,True,True,True,True,True
2523,Arrendatarios,P5140,133333.33333333334,400000.0,2.0,-266666.6666666666,-133333.3333333333,True,True,True,True,True,True
2524,Arrendatarios,P5140,533333.3333333334,800000.0,2.0,-266666.6666666666,-133333.3333333333,True,True,True,True,True,True
2525,Arrendatarios,P5140,233333.33333333334,500000.0,3.0,-266666.6666666666,-88888.88888888888,True,True,True,True,True,True
2526,Arrendatarios,P5140,183333.33333333334,450000.0,4.0,-266666.6666666666,-66666.66666666666,True,True,True,True,True,True
2527,Arrendatarios,P5140,233333.33333333334,500000.0,4.0,-266666.6666666666,-66666.66666666666,True,True,True,True,True,True
2528,Arrendatarios,P5140,54166.666666666664,320000.0,1.0,-265833.3333333333,-265833.3333333333,True,True,True,True,True,True
2529,Arrendatarios,P5140,296666.6666666667,560000.0,4.0,-263333.3333333333,-65833.33333333333,True,True,True,True,True,True
2530,Arrendatarios,P5140,87500.0,350000.0,1.0,-262500.0,-262500.0,True,True,True,True,True,True
2531,Arrendatarios,P5140,137500.0,400000.0,3.0,-262500.0,-87500.0,True,True,True,True,True,True
2532,Arrendatarios,P5140,37500.0,300000.0,3.0,-262500.0,-87500.0,True,True,True,True,True,True
2533,Arrendatarios,P5140,38333.333333333336,300000.0,2.0,-261666.66666666666,-130833.33333333333,True,True,True,True,True,True
2534,Arrendatarios,P5140,188333.33333333334,450000.0,2.0,-261666.66666666666,-130833.33333333333,True,True,True,True,True,True
2535,Arrendatarios,P5140,138333.33333333334,400000.0,1.0,-261666.66666666666,-261666.66666666666,True,True,True,True,True,True
2536,Arrendatarios,P5140,538333.3333333334,800000.0,3.0,-261666.66666666663,-87222.2222222222,True,True,True,True,True,True
2537,Arrendatarios,P5140,190000.0,450000.0,1.0,-260000.0,-260000.0,True,True,True,True,True,True
2538,Arrendatarios,P5140,1000000.0,1260000.0,1.0,-260000.0,-260000.0,True,True,True,True,True,True
2539,Arrendatarios,P5140,100000.0,360000.0,1.0,-260000.0,-260000.0,True,True,True,True,True,True
2540,Arrendatarios,P5140,260000.0,520000.0,2.0,-260000.0,-130000.0,True,True,True,True,True,True
2541,Arrendatarios,P5140,100000.0,360000.0,3.0,-260000.0,-86666.66666666667,True,True,True,True,True,True
2542,Arrendatarios,P5140,160000.0,420000.0,1.0,-260000.0,-260000.0,True,True,True,True,True,True
2543,Arrendatarios,P5140,220000.0,480000.0,3.0,-260000.0,-86666.66666666667,True,True,True,True,True,True
2544,Arrendatarios,P5140,190000.0,450000.0,3.0,-260000.0,-86666.66666666667,True,True,True,True,True,True
2545,Arrendatarios,P5140,941666.6666666666,1200000.0,1.0,-258333.33333333337,-258333.33333333337,True,True,True,True,True,True
2546,Arrendatarios,P5140,541666.6666666666,800000.0,2.0,-258333.33333333337,-129166.66666666669,True,True,True,True,True,True
2547,Arrendatarios,P5140,291666.6666666666,550000.0,4.0,-258333.33333333337,-64583.33333333334,True,True,True,True,True,True
2548,Arrendatarios,P5140,541666.6666666666,800000.0,2.0,-258333.33333333337,-129166.66666666669,True,True,True,True,True,True
2549,Arrendatarios,P5140,641666.6666666666,900000.0,2.0,-258333.33333333337,-129166.66666666669,True,True,True,True,True,True
2550,Arrendatarios,P5140,41666.666666666664,300000.0,1.0,-258333.33333333334,-258333.33333333334,True,True,True,True,True,True
2551,Arrendatarios,P5140,41666.666666666664,300000.0,4.0,-258333.33333333334,-64583.333333333336,True,True,True,True,True,True
2552,Arrendatarios,P5140,41666.666666666664,300000.0,3.0,-258333.33333333334,-86111.11111111111,True,True,True,True,True,True
2553,Arrendatarios,P5140,41666.666666666664,300000.0,1.0,-258333.33333333334,-258333.33333333334,True,True,True,True,True,True
2554,Arrendatarios,P5140,241666.66666666666,500000.0,1.0,-258333.33333333334,-258333.33333333334,True,True,True,True,True,True
2555,Arrendatarios,P5140,41666.666666666664,300000.0,3.0,-258333.33333333334,-86111.11111111111,True,True,True,True,True,True
2556,Arrendatarios,P5140,41666.666666666664,300000.0,1.0,-258333.33333333334,-258333.33333333334,True,True,True,True,True,True
2557,Arrendatarios,P5140,41666.666666666664,300000.0,4.0,-258333.33333333334,-64583.333333333336,True,True,True,True,True,True
2558,Arrendatarios,P5140,241666.66666666666,500000.0,4.0,-258333.33333333334,-64583.333333333336,True,True,True,True,True,True
2559,Arrendatarios,P5140,41666.666666666664,300000.0,2.0,-258333.33333333334,-129166.66666666667,True,True,True,True,True,True
2560,Arrendatarios,P5140,241666.66666666666,500000.0,5.0,-258333.33333333334,-51666.66666666667,True,True,True,True,True,True
2561,Arrendatarios,P5140,91666.66666666666,350000.0,5.0,-258333.33333333334,-51666.66666666667,True,True,True,True,True,True
2562,Arrendatarios,P5140,241666.66666666666,500000.0,3.0,-258333.33333333334,-86111.11111111111,True,True,True,True,True,True
2563,Arrendatarios,P5140,41666.666666666664,300000.0,4.0,-258333.33333333334,-64583.333333333336,True,True,True,True,True,True
2564,Arrendatarios,P5140,241666.66666666666,500000.0,1.0,-258333.33333333334,-258333.33333333334,True,True,True,True,True,True
2565,Arrendatarios,P5140,41666.666666666664,300000.0,1.0,-258333.33333333334,-258333.33333333334,True,True,True,True,True,True
2566,Arrendatarios,P5140,41666.666666666664,300000.0,1.0,-258333.33333333334,-258333.33333333334,True,True,True,True,True,True
2567,Arrendatarios,P5140,41666.666666666664,300000.0,1.0,-258333.33333333334,-258333.33333333334,True,True,True,True,True,True
2568,Arrendatarios,P5140,41666.666666666664,300000.0,1.0,-258333.33333333334,-258333.33333333334,True,True,True,True,True,True
2569,Arrendatarios,P5140,41666.666666666664,300000.0,4.0,-258333.33333333334,-64583.333333333336,True,True,True,True,True,True
2570,Arrendatarios,P5140,41666.666666666664,300000.0,1.0,-258333.33333333334,-258333.33333333334,True,True,True,True,True,True
2571,Arrendatarios,P5140,41666.666666666664,300000.0,1.0,-258333.33333333334,-258333.33333333334,True,True,True,True,True,True
2572,Arrendatarios,P5140,341666.6666666667,600000.0,2.0,-258333.3333333333,-129166.66666666666,True,True,True,True,True,True
2573,Arrendatarios,P5140,391666.6666666667,650000.0,1.0,-258333.3333333333,-258333.3333333333,True,True,True,True,True,True
2574,Arrendatarios,P5140,341666.6666666667,600000.0,5.0,-258333.3333333333,-51666.666666666664,True,True,True,True,True,True
2575,Arrendatarios,P5140,541666.6666666667,800000.0,2.0,-258333.33333333326,-129166.66666666663,True,True,True,True,True,True
2576,Arrendatarios,P5140,1143333.3333333333,1400000.0,3.0,-256666.66666666674,-85555.55555555558,True,True,True,True,True,True
2577,Arrendatarios,P5140,133333.33333333334,390000.0,3.0,-256666.66666666666,-85555.55555555555,True,True,True,True,True,True
2578,Arrendatarios,P5140,800000.0,1056000.0,1.0,-256000.0,-256000.0,True,True,True,True,True,True
2579,Arrendatarios,P5140,745000.0,1000000.0,2.0,-255000.0,-127500.0,True,True,True,True,True,True
2580,Arrendatarios,P5140,45833.333333333336,300000.0,3.0,-254166.66666666666,-84722.22222222222,True,True,True,True,True,True
2581,Arrendatarios,P5140,176666.66666666666,430000.0,2.0,-253333.33333333334,-126666.66666666667,True,True,True,True,True,True
2582,Arrendatarios,P5140,166666.66666666666,420000.0,2.0,-253333.33333333334,-126666.66666666667,True,True,True,True,True,True
2583,Arrendatarios,P5140,216666.66666666666,470000.0,1.0,-253333.33333333334,-253333.33333333334,True,True,True,True,True,True
2584,Arrendatarios,P5140,66666.66666666667,320000.0,1.0,-253333.3333333333,-253333.3333333333,True,True,True,True,True,True
2585,Arrendatarios,P5140,208333.33333333334,460000.0,1.0,-251666.66666666666,-251666.66666666666,True,True,True,True,True,True
2586,Arrendatarios,P5140,79166.66666666667,330000.0,1.0,-250833.3333333333,-250833.3333333333,True,True,True,True,True,True
2587,Arrendatarios,P5140,449999.99999999994,700000.0,3.0,-250000.00000000006,-83333.33333333336,True,True,True,True,True,True
2588,Arrendatarios,P5140,300000.0,550000.0,2.0,-250000.0,-125000.0,True,True,True,True,True,True
2589,Arrendatarios,P5140,400000.0,650000.0,1.0,-250000.0,-250000.0,True,True,True,True,True,True
2590,Arrendatarios,P5140,200000.0,450000.0,2.0,-250000.0,-125000.0,True,True,True,True,True,True
2591,Arrendatarios,P5140,100000.0,350000.0,1.0,-250000.0,-250000.0,True,True,True,True,True,True
2592,Arrendatarios,P5140,300000.0,550000.0,3.0,-250000.0,-83333.33333333333,True,True,True,True,True,True
2593,Arrendatarios,P5140,50000.0,300000.0,3.0,-250000.0,-83333.33333333333,True,True,True,True,True,True
2594,Arrendatarios,P5140,200000.0,450000.0,1.0,-250000.0,-250000.0,True,True,True,True,True,True
2595,Arrendatarios,P5140,50000.0,300000.0,1.0,-250000.0,-250000.0,True,True,True,True,True,True
2596,Arrendatarios,P5140,150000.0,400000.0,2.0,-250000.0,-125000.0,True,True,True,True,True,True
2597,Arrendatarios,P5140,750000.0,1000000.0,3.0,-250000.0,-83333.33333333333,True,True,True,True,True,True
2598,Arrendatarios,P5140,250000.0,500000.0,1.0,-250000.0,-250000.0,True,True,True,True,True,True
2599,Arrendatarios,P5140,100000.0,350000.0,3.0,-250000.0,-83333.33333333333,True,True,True,True,True,True
2600,Arrendatarios,P5140,200000.0,450000.0,1.0,-250000.0,-250000.0,True,True,True,True,True,True
2601,Arrendatarios,P5140,450000.0,700000.0,3.0,-250000.0,-83333.33333333333,True,True,True,True,True,True
2602,Arrendatarios,P5140,350000.0,600000.0,1.0,-250000.0,-250000.0,True,True,True,True,True,True
2603,Arrendatarios,P5140,500000.0,750000.0,1.0,-250000.0,-250000.0,True,True,True,True,True,True
2604,Arrendatarios,P5140,1750000.0,2000000.0,7.0,-250000.0,-35714.28571428572,True,True,True,True,True,True
2605,Arrendatarios,P5140,50000.0,300000.0,3.0,-250000.0,-83333.33333333333,True,True,True,True,True,True
2606,Arrendatarios,P5140,200000.0,450000.0,1.0,-250000.0,-250000.0,True,True,True,True,True,True
2607,Arrendatarios,P5140,350000.0,600000.0,3.0,-250000.0,-83333.33333333333,True,True,True,True,True,True
2608,Arrendatarios,P5140,250000.0,500000.0,1.0,-250000.0,-250000.0,True,True,True,True,True,True
2609,Arrendatarios,P5140,300000.0,550000.0,3.0,-250000.0,-83333.33333333333,True,True,True,True,True,True
2610,Arrendatarios,P5140,1250000.0,1500000.0,1.0,-250000.0,-250000.0,True,True,True,True,True,True
2611,Arrendatarios,P5140,50000.0,300000.0,2.0,-250000.0,-125000.0,True,True,True,True,True,True
2612,Arrendatarios,P5140,50000.0,300000.0,1.0,-250000.0,-250000.0,True,True,True,True,True,True
2613,Arrendatarios,P5140,380000.0,630000.0,3.0,-250000.0,-83333.33333333333,True,True,True,True,True,True
2614,Arrendatarios,P5140,200000.0,450000.0,2.0,-250000.0,-125000.0,True,True,True,True,True,True
2615,Arrendatarios,P5140,550000.0,800000.0,4.0,-250000.0,-62500.0,True,True,True,True,True,True
2616,Arrendatarios,P5140,50000.0,300000.0,1.0,-250000.0,-250000.0,True,True,True,True,True,True
2617,Arrendatarios,P5140,550000.0,800000.0,2.0,-250000.0,-125000.0,True,True,True,True,True,True
2618,Arrendatarios,P5140,250000.0,500000.0,3.0,-250000.0,-83333.33333333333,True,True,True,True,True,True
2619,Arrendatarios,P5140,350000.0,600000.0,3.0,-250000.0,-83333.33333333333,True,True,True,True,True,True
2620,Arrendatarios,P5140,100000.0,350000.0,1.0,-250000.0,-250000.0,True,True,True,True,True,True
2621,Arrendatarios,P5140,300000.0,550000.0,2.0,-250000.0,-125000.0,True,True,True,True,True,True
2622,Arrendatarios,P5140,350000.0,600000.0,3.0,-250000.0,-83333.33333333333,True,True,True,True,True,True
2623,Arrendatarios,P5140,100000.0,350000.0,1.0,-250000.0,-250000.0,True,True,True,True,True,True
2624,Arrendatarios,P5140,500000.0,750000.0,2.0,-250000.0,-125000.0,True,True,True,True,True,True
2625,Arrendatarios,P5140,500000.0,750000.0,1.0,-250000.0,-250000.0,True,True,True,True,True,True
2626,Arrendatarios,P5140,50000.0,300000.0,1.0,-250000.0,-250000.0,True,True,True,True,True,True
2627,Arrendatarios,P5140,400000.0,650000.0,4.0,-250000.0,-62500.0,True,True,True,True,True,True
2628,Arrendatarios,P5140,250000.0,500000.0,1.0,-250000.0,-250000.0,True,True,True,True,True,True
2629,Arrendatarios,P5140,350000.0,600000.0,1.0,-250000.0,-250000.0,True,True,True,True,True,True
2630,Arrendatarios,P5140,300000.0,550000.0,2.0,-250000.0,-125000.0,True,True,True,True,True,True
2631,Arrendatarios,P5140,100000.0,350000.0,1.0,-250000.0,-250000.0,True,True,True,True,True,True
2632,Arrendatarios,P5140,300000.0,550000.0,2.0,-250000.0,-125000.0,True,True,True,True,True,True
2633,Arrendatarios,P5140,500000.0,750000.0,2.0,-250000.0,-125000.0,True,True,True,True,True,True
2634,Arrendatarios,P5140,250000.0,500000.0,1.0,-250000.0,-250000.0,True,True,True,True,True,True
2635,Arrendatarios,P5140,250000.0,500000.0,4.0,-250000.0,-62500.0,True,True,True,True,True,True
2636,Arrendatarios,P5140,50000.0,300000.0,1.0,-250000.0,-250000.0,True,True,True,True,True,True
2637,Arrendatarios,P5140,50000.0,300000.0,3.0,-250000.0,-83333.33333333333,True,True,True,True,True,True
2638,Arrendatarios,P5140,300000.0,550000.0,1.0,-250000.0,-250000.0,True,True,True,True,True,True
2639,Arrendatarios,P5140,100000.0,350000.0,1.0,-250000.0,-250000.0,True,True,True,True,True,True
2640,Arrendatarios,P5140,700000.0,950000.0,4.0,-250000.0,-62500.0,True,True,True,True,True,True
2641,Arrendatarios,P5140,500000.0,750000.0,1.0,-250000.0,-250000.0,True,True,True,True,True,True
2642,Arrendatarios,P5140,400000.0,650000.0,4.0,-250000.0,-62500.0,True,True,True,True,True,True
2643,Arrendatarios,P5140,50000.0,300000.0,1.0,-250000.0,-250000.0,True,True,True,True,True,True
2644,Arrendatarios,P5140,400000.0,650000.0,2.0,-250000.0,-125000.0,True,True,True,True,True,True
2645,Arrendatarios,P5140,150000.0,400000.0,2.0,-250000.0,-125000.0,True,True,True,True,True,True
2646,Arrendatarios,P5140,350000.0,600000.0,3.0,-250000.0,-83333.33333333333,True,True,True,True,True,True
2647,Arrendatarios,P5140,50000.0,300000.0,3.0,-250000.0,-83333.33333333333,True,True,True,True,True,True
2648,Arrendatarios,P5140,50000.0,300000.0,1.0,-250000.0,-250000.0,True,True,True,True,True,True
2649,Arrendatarios,P5140,50000.0,300000.0,2.0,-250000.0,-125000.0,True,True,True,True,True,True
2650,Arrendatarios,P5140,350000.0,600000.0,1.0,-250000.0,-250000.0,True,True,True,True,True,True
2651,Arrendatarios,P5140,500000.0,750000.0,4.0,-250000.0,-62500.0,True,True,True,True,True,True
2652,Arrendatarios,P5140,500000.0,750000.0,1.0,-250000.0,-250000.0,True,True,True,True,True,True
2653,Arrendatarios,P5140,420000.0,670000.0,3.0,-250000.0,-83333.33333333333,True,True,True,True,True,True
2654,Arrendatarios,P5140,150000.0,400000.0,3.0,-250000.0,-83333.33333333333,True,True,True,True,True,True
2655,Arrendatarios,P5140,750000.0,1000000.0,2.0,-250000.0,-125000.0,True,True,True,True,True,True
2656,Arrendatarios,P5140,200000.0,450000.0,4.0,-250000.0,-62500.0,True,True,True,True,True,True
2657,Arrendatarios,P5140,250000.0,500000.0,3.0,-250000.0,-83333.33333333333,True,True,True,True,True,True
2658,Arrendatarios,P5140,600000.0,850000.0,6.0,-250000.0,-41666.666666666664,True,True,True,True,True,True
2659,Arrendatarios,P5140,200000.0,450000.0,4.0,-250000.0,-62500.0,True,True,True,True,True,True
2660,Arrendatarios,P5140,250000.0,500000.0,2.0,-250000.0,-125000.0,True,True,True,True,True,True
2661,Arrendatarios,P5140,250000.0,500000.0,1.0,-250000.0,-250000.0,True,True,True,True,True,True
2662,Arrendatarios,P5140,200000.0,450000.0,1.0,-250000.0,-250000.0,True,True,True,True,True,True
2663,Arrendatarios,P5140,250000.0,500000.0,4.0,-250000.0,-62500.0,True,True,True,True,True,True
2664,Arrendatarios,P5140,500000.0,750000.0,6.0,-250000.0,-41666.666666666664,True,True,True,True,True,True
2665,Arrendatarios,P5140,250000.0,500000.0,2.0,-250000.0,-125000.0,True,True,True,True,True,True
2666,Arrendatarios,P5140,350000.0,600000.0,3.0,-250000.0,-83333.33333333333,True,True,True,True,True,True
2667,Arrendatarios,P5140,250000.0,500000.0,3.0,-250000.0,-83333.33333333333,True,True,True,True,True,True
2668,Arrendatarios,P5140,50000.0,300000.0,3.0,-250000.0,-83333.33333333333,True,True,True,True,True,True
2669,Arrendatarios,P5140,250000.0,500000.0,1.0,-250000.0,-250000.0,True,True,True,True,True,True
2670,Arrendatarios,P5140,400000.0,650000.0,2.0,-250000.0,-125000.0,True,True,True,True,True,True
2671,Arrendatarios,P5140,250000.0,500000.0,3.0,-250000.0,-83333.33333333333,True,True,True,True,True,True
2672,Arrendatarios,P5140,500000.0,750000.0,5.0,-250000.0,-50000.0,True,True,True,True,True,True
2673,Arrendatarios,P5140,100000.0,350000.0,1.0,-250000.0,-250000.0,True,True,True,True,True,True
2674,Arrendatarios,P5140,500000.0,750000.0,2.0,-250000.0,-125000.0,True,True,True,True,True,True
2675,Arrendatarios,P5140,100000.0,350000.0,4.0,-250000.0,-62500.0,True,True,True,True,True,True
2676,Arrendatarios,P5140,150000.0,400000.0,2.0,-250000.0,-125000.0,True,True,True,True,True,True
2677,Arrendatarios,P5140,100000.0,350000.0,1.0,-250000.0,-250000.0,True,True,True,True,True,True
2678,Arrendatarios,P5140,450000.0,700000.0,6.0,-250000.0,-41666.666666666664,True,True,True,True,True,True
2679,Arrendatarios,P5140,250000.0,500000.0,2.0,-250000.0,-125000.0,True,True,True,True,True,True
2680,Arrendatarios,P5140,300000.0,550000.0,1.0,-250000.0,-250000.0,True,True,True,True,True,True
2681,Arrendatarios,P5140,250000.0,500000.0,2.0,-250000.0,-125000.0,True,True,True,True,True,True
2682,Arrendatarios,P5140,1100000.0,1350000.0,2.0,-250000.0,-125000.0,True,True,True,True,True,True
2683,Arrendatarios,P5140,50000.0,300000.0,2.0,-250000.0,-125000.0,True,True,True,True,True,True
2684,Arrendatarios,P5140,50000.0,300000.0,1.0,-250000.0,-250000.0,True,True,True,True,True,True
2685,Arrendatarios,P5140,100000.0,350000.0,1.0,-250000.0,-250000.0,True,True,True,True,True,True
2686,Arrendatarios,P5140,250000.0,500000.0,1.0,-250000.0,-250000.0,True,True,True,True,True,True
2687,Arrendatarios,P5140,400000.0,650000.0,3.0,-250000.0,-83333.33333333333,True,True,True,True,True,True
2688,Arrendatarios,P5140,150000.0,400000.0,1.0,-250000.0,-250000.0,True,True,True,True,True,True
2689,Arrendatarios,P5140,100000.0,350000.0,3.0,-250000.0,-83333.33333333333,True,True,True,True,True,True
2690,Arrendatarios,P5140,700000.0,950000.0,1.0,-250000.0,-250000.0,True,True,True,True,True,True
2691,Arrendatarios,P5140,350000.0,600000.0,2.0,-250000.0,-125000.0,True,True,True,True,True,True
2692,Arrendatarios,P5140,750000.0,1000000.0,4.0,-250000.0,-62500.0,True,True,True,True,True,True
2693,Arrendatarios,P5140,50000.0,300000.0,3.0,-250000.0,-83333.33333333333,True,True,True,True,True,True
2694,Arrendatarios,P5140,500000.0,750000.0,2.0,-250000.0,-125000.0,True,True,True,True,True,True
2695,Arrendatarios,P5140,250000.0,500000.0,2.0,-250000.0,-125000.0,True,True,True,True,True,True
2696,Arrendatarios,P5140,300000.0,550000.0,3.0,-250000.0,-83333.33333333333,True,True,True,True,True,True
2697,Arrendatarios,P5140,400000.0,650000.0,2.0,-250000.0,-125000.0,True,True,True,True,True,True
2698,Propietarios que pagan su vivienda,P5100,550000.0,800000.0,3.0,-250000.0,-83333.33333333333,True,True,True,True,True,True
2699,Arrendatarios,P5140,250000.0,500000.0,1.0,-250000.0,-250000.0,True,True,True,True,True,True
2700,Arrendatarios,P5140,100000.0,350000.0,4.0,-250000.0,-62500.0,True,True,True,True,True,True
2701,Arrendatarios,P5140,400000.0,650000.0,3.0,-250000.0,-83333.33333333333,True,True,True,True,True,True
2702,Arrendatarios,P5140,300000.0,550000.0,4.0,-250000.0,-62500.0,True,True,True,True,True,True
2703,Arrendatarios,P5140,400000.0,650000.0,4.0,-250000.0,-62500.0,True,True,True,True,True,True
2704,Arrendatarios,P5140,300000.0,550000.0,1.0,-250000.0,-250000.0,True,True,True,True,True,True
2705,Arrendatarios,P5140,200000.0,450000.0,3.0,-250000.0,-83333.33333333333,True,True,True,True,True,True
2706,Arrendatarios,P5140,100000.0,350000.0,3.0,-250000.0,-83333.33333333333,True,True,True,True,True,True
2707,Arrendatarios,P5140,250000.0,500000.0,3.0,-250000.0,-83333.33333333333,True,True,True,True,True,True
2708,Arrendatarios,P5140,350000.0,600000.0,1.0,-250000.0,-250000.0,True,True,True,True,True,True
2709,Arrendatarios,P5140,300000.0,550000.0,1.0,-250000.0,-250000.0,True,True,True,True,True,True
2710,Arrendatarios,P5140,150000.0,400000.0,2.0,-250000.0,-125000.0,True,True,True,True,True,True
2711,Arrendatarios,P5140,1000000.0,1250000.0,1.0,-250000.0,-250000.0,True,True,True,True,True,True
2712,Arrendatarios,P5140,200000.0,450000.0,3.0,-250000.0,-83333.33333333333,True,True,True,True,True,True
2713,Arrendatarios,P5140,200000.0,450000.0,3.0,-250000.0,-83333.33333333333,True,True,True,True,True,True
2714,Arrendatarios,P5140,200000.0,450000.0,3.0,-250000.0,-83333.33333333333,True,True,True,True,True,True
2715,Arrendatarios,P5140,150000.0,400000.0,4.0,-250000.0,-62500.0,True,True,True,True,True,True
2716,Arrendatarios,P5140,400000.0,650000.0,5.0,-250000.0,-50000.0,True,True,True,True,True,True
2717,Arrendatarios,P5140,100000.0,350000.0,2.0,-250000.0,-125000.0,True,True,True,True,True,True
2718,Arrendatarios,P5140,350000.0,600000.0,2.0,-250000.0,-125000.0,True,True,True,True,True,True
2719,Arrendatarios,P5140,700000.0,950000.0,2.0,-250000.0,-125000.0,True,True,True,True,True,True
2720,Arrendatarios,P5140,250000.0,500000.0,4.0,-250000.0,-62500.0,True,True,True,True,True,True
2721,Arrendatarios,P5140,150000.0,400000.0,2.0,-250000.0,-125000.0,True,True,True,True,True,True
2722,Arrendatarios,P5140,100000.0,350000.0,4.0,-250000.0,-62500.0,True,True,True,True,True,True
2723,Arrendatarios,P5140,200000.0,450000.0,2.0,-250000.0,-125000.0,True,True,True,True,True,True
2724,Arrendatarios,P5140,100000.0,350000.0,2.0,-250000.0,-125000.0,True,True,True,True,True,True
2725,Arrendatarios,P5140,400000.0,650000.0,1.0,-250000.0,-250000.0,True,True,True,True,True,True
2726,Arrendatarios,P5140,100000.0,350000.0,3.0,-250000.0,-83333.33333333333,True,True,True,True,True,True
2727,Arrendatarios,P5140,400000.0,650000.0,4.0,-250000.0,-62500.0,True,True,True,True,True,True
2728,Arrendatarios,P5140,200000.0,450000.0,3.0,-250000.0,-83333.33333333333,True,True,True,True,True,True
2729,Arrendatarios,P5140,200000.0,450000.0,2.0,-250000.0,-125000.0,True,True,True,True,True,True
2730,Arrendatarios,P5140,250000.0,500000.0,1.0,-250000.0,-250000.0,True,True,True,True,True,True
2731,Arrendatarios,P5140,250000.0,500000.0,1.0,-250000.0,-250000.0,True,True,True,True,True,True
2732,Arrendatarios,P5140,350000.0,600000.0,1.0,-250000.0,-250000.0,True,True,True,True,True,True
2733,Propietarios que pagan su vivienda,P5100,250000.0,500000.0,5.0,-250000.0,-50000.0,True,True,True,True,True,True
2734,Arrendatarios,P5140,500000.0,750000.0,2.0,-250000.0,-125000.0,True,True,True,True,True,True
2735,Arrendatarios,P5140,150000.0,400000.0,4.0,-250000.0,-62500.0,True,True,True,True,True,True
2736,Arrendatarios,P5140,40.0,250000.0,3.0,-249960.0,-83320.0,True,True,True,True,True,True
2737,Arrendatarios,P5140,70833.33333333333,320000.0,1.0,-249166.6666666667,-249166.6666666667,True,True,True,True,True,True
2738,Arrendatarios,P5140,121666.66666666666,370000.0,1.0,-248333.33333333334,-248333.33333333334,True,True,True,True,True,True
2739,Arrendatarios,P5140,31666.666666666668,280000.0,2.0,-248333.33333333334,-124166.66666666667,True,True,True,True,True,True
2740,Arrendatarios,P5140,51666.666666666664,300000.0,2.0,-248333.33333333334,-124166.66666666667,True,True,True,True,True,True
2741,Arrendatarios,P5140,501666.6666666667,750000.0,4.0,-248333.3333333333,-62083.33333333333,True,True,True,True,True,True
2742,Arrendatarios,P5140,853333.3333333333,1100000.0,3.0,-246666.66666666674,-82222.22222222225,True,True,True,True,True,True
2743,Arrendatarios,P5140,253333.3333333333,500000.0,2.0,-246666.6666666667,-123333.33333333334,True,True,True,True,True,True
2744,Arrendatarios,P5140,253333.33333333334,500000.0,3.0,-246666.66666666666,-82222.22222222222,True,True,True,True,True,True
2745,Arrendatarios,P5140,54166.666666666664,300000.0,3.0,-245833.33333333334,-81944.44444444445,True,True,True,True,True,True
2746,Arrendatarios,P5140,475000.0,720000.0,3.0,-245000.0,-81666.66666666667,True,True,True,True,True,True
2747,Arrendatarios,P5140,156666.6666666667,400000.0,2.0,-243333.3333333333,-121666.66666666666,True,True,True,True,True,True
2748,Arrendatarios,P5140,416666.6666666667,660000.0,1.0,-243333.3333333333,-243333.3333333333,True,True,True,True,True,True
2749,Arrendatarios,P5140,358333.3333333333,600000.0,1.0,-241666.6666666667,-241666.6666666667,True,True,True,True,True,True
2750,Arrendatarios,P5140,58333.33333333333,300000.0,2.0,-241666.6666666667,-120833.33333333334,True,True,True,True,True,True
2751,Arrendatarios,P5140,58333.33333333333,300000.0,5.0,-241666.6666666667,-48333.333333333336,True,True,True,True,True,True
2752,Arrendatarios,P5140,208333.3333333333,450000.0,3.0,-241666.6666666667,-80555.55555555556,True,True,True,True,True,True
2753,Arrendatarios,P5140,458333.3333333333,700000.0,1.0,-241666.6666666667,-241666.6666666667,True,True,True,True,True,True
2754,Arrendatarios,P5140,208333.33333333334,450000.0,5.0,-241666.66666666666,-48333.33333333333,True,True,True,True,True,True
2755,Arrendatarios,P5140,108333.33333333334,350000.0,1.0,-241666.66666666666,-241666.66666666666,True,True,True,True,True,True
2756,Arrendatarios,P5140,208333.33333333334,450000.0,1.0,-241666.66666666666,-241666.66666666666,True,True,True,True,True,True
2757,Arrendatarios,P5140,208333.33333333334,450000.0,2.0,-241666.66666666666,-120833.33333333333,True,True,True,True,True,True
2758,Arrendatarios,P5140,208333.33333333334,450000.0,2.0,-241666.66666666666,-120833.33333333333,True,True,True,True,True,True
2759,Arrendatarios,P5140,58333.333333333336,300000.0,1.0,-241666.66666666666,-241666.66666666666,True,True,True,True,True,True
2760,Arrendatarios,P5140,208333.33333333334,450000.0,1.0,-241666.66666666666,-241666.66666666666,True,True,True,True,True,True
2761,Arrendatarios,P5140,58333.333333333336,300000.0,2.0,-241666.66666666666,-120833.33333333333,True,True,True,True,True,True
2762,Arrendatarios,P5140,208333.33333333334,450000.0,3.0,-241666.66666666666,-80555.55555555555,True,True,True,True,True,True
2763,Arrendatarios,P5140,258333.33333333337,500000.0,4.0,-241666.66666666663,-60416.66666666666,True,True,True,True,True,True
2764,Arrendatarios,P5140,109166.66666666667,350000.0,5.0,-240833.3333333333,-48166.666666666664,True,True,True,True,True,True
2765,Arrendatarios,P5140,60000.0,300000.0,3.0,-240000.0,-80000.0,True,True,True,True,True,True
2766,Arrendatarios,P5140,300000.0,540000.0,1.0,-240000.0,-240000.0,True,True,True,True,True,True
2767,Arrendatarios,P5140,210000.0,450000.0,2.0,-240000.0,-120000.0,True,True,True,True,True,True
2768,Arrendatarios,P5140,320000.0,560000.0,1.0,-240000.0,-240000.0,True,True,True,True,True,True
2769,Arrendatarios,P5140,240000.0,480000.0,2.0,-240000.0,-120000.0,True,True,True,True,True,True
2770,Arrendatarios,P5140,411000.0,650000.0,3.0,-239000.0,-79666.66666666667,True,True,True,True,True,True
2771,Arrendatarios,P5140,41666.666666666664,280000.0,2.0,-238333.33333333334,-119166.66666666667,True,True,True,True,True,True
2772,Propietarios que pagan su vivienda,P5100,41666.666666666664,280000.0,1.0,-238333.33333333334,-238333.33333333334,True,True,True,True,True,True
2773,Arrendatarios,P5140,461666.6666666667,700000.0,3.0,-238333.3333333333,-79444.44444444444,True,True,True,True,True,True
2774,Arrendatarios,P5140,62500.0,300000.0,1.0,-237500.0,-237500.0,True,True,True,True,True,True
2775,Arrendatarios,P5140,83333.33333333333,320000.0,2.0,-236666.6666666667,-118333.33333333334,True,True,True,True,True,True
2776,Arrendatarios,P5140,163333.3333333333,400000.0,1.0,-236666.6666666667,-236666.6666666667,True,True,True,True,True,True
2777,Arrendatarios,P5140,163333.3333333333,400000.0,2.0,-236666.6666666667,-118333.33333333334,True,True,True,True,True,True
2778,Arrendatarios,P5140,83333.33333333333,320000.0,1.0,-236666.6666666667,-236666.6666666667,True,True,True,True,True,True
2779,Arrendatarios,P5140,133333.33333333334,370000.0,1.0,-236666.66666666666,-236666.66666666666,True,True,True,True,True,True
2780,Propietarios que pagan su vivienda,P5100,50000.0,286000.0,1.0,-236000.0,-236000.0,True,True,True,True,True,True
2781,Arrendatarios,P5140,500000.0,736000.0,1.0,-236000.0,-236000.0,True,True,True,True,True,True
2782,Arrendatarios,P5140,104166.66666666667,340000.0,2.0,-235833.3333333333,-117916.66666666666,True,True,True,True,True,True
2783,Arrendatarios,P5140,125000.0,360000.0,2.0,-235000.0,-117500.0,True,True,True,True,True,True
2784,Arrendatarios,P5140,65000.0,300000.0,1.0,-235000.0,-235000.0,True,True,True,True,True,True
2785,Arrendatarios,P5140,916666.6666666666,1150000.0,1.0,-233333.33333333337,-233333.33333333337,True,True,True,True,True,True
2786,Arrendatarios,P5140,366666.6666666666,600000.0,4.0,-233333.33333333337,-58333.33333333334,True,True,True,True,True,True
2787,Arrendatarios,P5140,666666.6666666666,900000.0,1.0,-233333.33333333337,-233333.33333333337,True,True,True,True,True,True
2788,Arrendatarios,P5140,416666.6666666666,650000.0,1.0,-233333.33333333337,-233333.33333333337,True,True,True,True,True,True
2789,Arrendatarios,P5140,566666.6666666666,800000.0,3.0,-233333.33333333337,-77777.7777777778,True,True,True,True,True,True
2790,Arrendatarios,P5140,316666.6666666666,550000.0,2.0,-233333.33333333337,-116666.66666666669,True,True,True,True,True,True
2791,Arrendatarios,P5140,16666.666666666668,250000.0,1.0,-233333.33333333334,-233333.33333333334,True,True,True,True,True,True
2792,Arrendatarios,P5140,166666.66666666666,400000.0,1.0,-233333.33333333334,-233333.33333333334,True,True,True,True,True,True
2793,Arrendatarios,P5140,166666.66666666666,400000.0,1.0,-233333.33333333334,-233333.33333333334,True,True,True,True,True,True
2794,Arrendatarios,P5140,166666.66666666666,400000.0,1.0,-233333.33333333334,-233333.33333333334,True,True,True,True,True,True
2795,Arrendatarios,P5140,166666.66666666666,400000.0,3.0,-233333.33333333334,-77777.77777777778,True,True,True,True,True,True
2796,Arrendatarios,P5140,166666.66666666666,400000.0,2.0,-233333.33333333334,-116666.66666666667,True,True,True,True,True,True
2797,Arrendatarios,P5140,166666.66666666666,400000.0,2.0,-233333.33333333334,-116666.66666666667,True,True,True,True,True,True
2798,Arrendatarios,P5140,166666.66666666666,400000.0,1.0,-233333.33333333334,-233333.33333333334,True,True,True,True,True,True
2799,Arrendatarios,P5140,166666.66666666666,400000.0,3.0,-233333.33333333334,-77777.77777777778,True,True,True,True,True,True
2800,Arrendatarios,P5140,166666.66666666666,400000.0,3.0,-233333.33333333334,-77777.77777777778,True,True,True,True,True,True
2801,Arrendatarios,P5140,16666.666666666668,250000.0,1.0,-233333.33333333334,-233333.33333333334,True,True,True,True,True,True
2802,Arrendatarios,P5140,166666.66666666666,400000.0,2.0,-233333.33333333334,-116666.66666666667,True,True,True,True,True,True
2803,Arrendatarios,P5140,166666.66666666666,400000.0,2.0,-233333.33333333334,-116666.66666666667,True,True,True,True,True,True
2804,Arrendatarios,P5140,16666.666666666668,250000.0,1.0,-233333.33333333334,-233333.33333333334,True,True,True,True,True,True
2805,Arrendatarios,P5140,166666.66666666666,400000.0,1.0,-233333.33333333334,-233333.33333333334,True,True,True,True,True,True
2806,Arrendatarios,P5140,16666.666666666668,250000.0,4.0,-233333.33333333334,-58333.333333333336,True,True,True,True,True,True
2807,Arrendatarios,P5140,66666.66666666666,300000.0,4.0,-233333.33333333334,-58333.333333333336,True,True,True,True,True,True
2808,Arrendatarios,P5140,216666.66666666666,450000.0,6.0,-233333.33333333334,-38888.88888888889,True,True,True,True,True,True
2809,Arrendatarios,P5140,166666.66666666666,400000.0,2.0,-233333.33333333334,-116666.66666666667,True,True,True,True,True,True
2810,Arrendatarios,P5140,366666.6666666667,600000.0,4.0,-233333.3333333333,-58333.33333333333,True,True,True,True,True,True
2811,Arrendatarios,P5140,116666.66666666667,350000.0,2.0,-233333.3333333333,-116666.66666666666,True,True,True,True,True,True
2812,Arrendatarios,P5140,316666.6666666667,550000.0,1.0,-233333.3333333333,-233333.3333333333,True,True,True,True,True,True
2813,Arrendatarios,P5140,216666.6666666667,450000.0,1.0,-233333.3333333333,-233333.3333333333,True,True,True,True,True,True
2814,Arrendatarios,P5140,166666.6666666667,400000.0,1.0,-233333.3333333333,-233333.3333333333,True,True,True,True,True,True
2815,Arrendatarios,P5140,66666.66666666667,300000.0,1.0,-233333.3333333333,-233333.3333333333,True,True,True,True,True,True
2816,Arrendatarios,P5140,416666.6666666667,650000.0,1.0,-233333.3333333333,-233333.3333333333,True,True,True,True,True,True
2817,Arrendatarios,P5140,66666.66666666667,300000.0,4.0,-233333.3333333333,-58333.33333333333,True,True,True,True,True,True
2818,Arrendatarios,P5140,66666.66666666667,300000.0,1.0,-233333.3333333333,-233333.3333333333,True,True,True,True,True,True
2819,Arrendatarios,P5140,66666.66666666667,300000.0,4.0,-233333.3333333333,-58333.33333333333,True,True,True,True,True,True
2820,Arrendatarios,P5140,66666.66666666667,300000.0,3.0,-233333.3333333333,-77777.77777777777,True,True,True,True,True,True
2821,Arrendatarios,P5140,416666.6666666667,650000.0,2.0,-233333.3333333333,-116666.66666666666,True,True,True,True,True,True
2822,Arrendatarios,P5140,416666.6666666667,650000.0,2.0,-233333.3333333333,-116666.66666666666,True,True,True,True,True,True
2823,Arrendatarios,P5140,500000.0,730000.0,1.0,-230000.0,-230000.0,True,True,True,True,True,True
2824,Arrendatarios,P5140,670000.0,900000.0,2.0,-230000.0,-115000.0,True,True,True,True,True,True
2825,Arrendatarios,P5140,500000.0,730000.0,2.0,-230000.0,-115000.0,True,True,True,True,True,True
2826,Arrendatarios,P5140,300000.0,530000.0,3.0,-230000.0,-76666.66666666667,True,True,True,True,True,True
2827,Arrendatarios,P5140,150000.0,380000.0,1.0,-230000.0,-230000.0,True,True,True,True,True,True
2828,Arrendatarios,P5140,270000.0,500000.0,1.0,-230000.0,-230000.0,True,True,True,True,True,True
2829,Arrendatarios,P5140,200000.0,430000.0,1.0,-230000.0,-230000.0,True,True,True,True,True,True
2830,Arrendatarios,P5140,220000.0,450000.0,3.0,-230000.0,-76666.66666666667,True,True,True,True,True,True
2831,Arrendatarios,P5140,70000.0,300000.0,3.0,-230000.0,-76666.66666666667,True,True,True,True,True,True
2832,Arrendatarios,P5140,220000.0,450000.0,1.0,-230000.0,-230000.0,True,True,True,True,True,True
2833,Arrendatarios,P5140,220000.0,450000.0,1.0,-230000.0,-230000.0,True,True,True,True,True,True
2834,Arrendatarios,P5140,50000.0,280000.0,3.0,-230000.0,-76666.66666666667,True,True,True,True,True,True
2835,Arrendatarios,P5140,350000.0,580000.0,1.0,-230000.0,-230000.0,True,True,True,True,True,True
2836,Arrendatarios,P5140,270000.0,500000.0,3.0,-230000.0,-76666.66666666667,True,True,True,True,True,True
2837,Arrendatarios,P5140,250000.0,480000.0,1.0,-230000.0,-230000.0,True,True,True,True,True,True
2838,Propietarios que pagan su vivienda,P5100,200000.0,430000.0,4.0,-230000.0,-57500.0,True,True,True,True,True,True
2839,Arrendatarios,P5140,250000.0,480000.0,3.0,-230000.0,-76666.66666666667,True,True,True,True,True,True
2840,Arrendatarios,P5140,20833.333333333332,250000.0,1.0,-229166.66666666666,-229166.66666666666,True,True,True,True,True,True
2841,Arrendatarios,P5140,20833.333333333332,250000.0,1.0,-229166.66666666666,-229166.66666666666,True,True,True,True,True,True
2842,Arrendatarios,P5140,90833.33333333334,320000.0,2.0,-229166.66666666666,-114583.33333333333,True,True,True,True,True,True
2843,Arrendatarios,P5140,371666.6666666666,600000.0,3.0,-228333.33333333337,-76111.11111111112,True,True,True,True,True,True
2844,Arrendatarios,P5140,371666.6666666666,600000.0,3.0,-228333.33333333337,-76111.11111111112,True,True,True,True,True,True
2845,Arrendatarios,P5140,52500.0,280000.0,2.0,-227500.0,-113750.0,True,True,True,True,True,True
2846,Arrendatarios,P5140,316666.6666666666,542000.0,1.0,-225333.33333333337,-225333.33333333337,True,True,True,True,True,True
2847,Propietarios que pagan su vivienda,P5100,375000.0,600000.0,2.0,-225000.0,-112500.0,True,True,True,True,True,True
2848,Arrendatarios,P5140,125000.0,350000.0,3.0,-225000.0,-75000.0,True,True,True,True,True,True
2849,Arrendatarios,P5140,125000.0,350000.0,1.0,-225000.0,-225000.0,True,True,True,True,True,True
2850,Arrendatarios,P5140,325000.0,550000.0,3.0,-225000.0,-75000.0,True,True,True,True,True,True
2851,Arrendatarios,P5140,275000.0,500000.0,1.0,-225000.0,-225000.0,True,True,True,True,True,True
2852,Arrendatarios,P5140,375000.0,600000.0,1.0,-225000.0,-225000.0,True,True,True,True,True,True
2853,Arrendatarios,P5140,75000.0,300000.0,1.0,-225000.0,-225000.0,True,True,True,True,True,True
2854,Arrendatarios,P5140,375000.0,600000.0,3.0,-225000.0,-75000.0,True,True,True,True,True,True
2855,Arrendatarios,P5140,1075000.0,1300000.0,1.0,-225000.0,-225000.0,True,True,True,True,True,True
2856,Arrendatarios,P5140,175000.0,400000.0,4.0,-225000.0,-56250.0,True,True,True,True,True,True
2857,Arrendatarios,P5140,75000.0,300000.0,3.0,-225000.0,-75000.0,True,True,True,True,True,True
2858,Arrendatarios,P5140,125000.0,350000.0,2.0,-225000.0,-112500.0,True,True,True,True,True,True
2859,Arrendatarios,P5140,1125000.0,1350000.0,3.0,-225000.0,-75000.0,True,True,True,True,True,True
2860,Arrendatarios,P5140,75000.0,300000.0,1.0,-225000.0,-225000.0,True,True,True,True,True,True
2861,Arrendatarios,P5140,175000.0,400000.0,2.0,-225000.0,-112500.0,True,True,True,True,True,True
2862,Arrendatarios,P5140,125000.0,350000.0,2.0,-225000.0,-112500.0,True,True,True,True,True,True
2863,Arrendatarios,P5140,25000.0,250000.0,2.0,-225000.0,-112500.0,True,True,True,True,True,True
2864,Arrendatarios,P5140,375000.0,600000.0,1.0,-225000.0,-225000.0,True,True,True,True,True,True
2865,Arrendatarios,P5140,25000.0,250000.0,1.0,-225000.0,-225000.0,True,True,True,True,True,True
2866,Arrendatarios,P5140,75000.0,300000.0,1.0,-225000.0,-225000.0,True,True,True,True,True,True
2867,Arrendatarios,P5140,25000.0,250000.0,1.0,-225000.0,-225000.0,True,True,True,True,True,True
2868,Arrendatarios,P5140,275000.0,500000.0,3.0,-225000.0,-75000.0,True,True,True,True,True,True
2869,Arrendatarios,P5140,25000.0,250000.0,3.0,-225000.0,-75000.0,True,True,True,True,True,True
2870,Arrendatarios,P5140,75000.0,300000.0,2.0,-225000.0,-112500.0,True,True,True,True,True,True
2871,Arrendatarios,P5140,325000.0,550000.0,3.0,-225000.0,-75000.0,True,True,True,True,True,True
2872,Arrendatarios,P5140,75000.0,300000.0,1.0,-225000.0,-225000.0,True,True,True,True,True,True
2873,Arrendatarios,P5140,375000.0,600000.0,2.0,-225000.0,-112500.0,True,True,True,True,True,True
2874,Arrendatarios,P5140,125000.0,350000.0,1.0,-225000.0,-225000.0,True,True,True,True,True,True
2875,Arrendatarios,P5140,75000.0,300000.0,1.0,-225000.0,-225000.0,True,True,True,True,True,True
2876,Arrendatarios,P5140,26666.666666666668,250000.0,1.0,-223333.33333333334,-223333.33333333334,True,True,True,True,True,True
2877,Arrendatarios,P5140,26666.666666666668,250000.0,1.0,-223333.33333333334,-223333.33333333334,True,True,True,True,True,True
2878,Propietarios que pagan su vivienda,P5100,1500000.0,1723000.0,2.0,-223000.0,-111500.0,True,True,True,True,True,True
2879,Arrendatarios,P5140,58333.333333333336,280000.0,2.0,-221666.66666666666,-110833.33333333333,True,True,True,True,True,True
2880,Arrendatarios,P5140,29166.666666666668,250000.0,4.0,-220833.33333333334,-55208.333333333336,True,True,True,True,True,True
2881,Arrendatarios,P5140,379166.6666666667,600000.0,2.0,-220833.3333333333,-110416.66666666666,True,True,True,True,True,True
2882,Arrendatarios,P5140,79166.66666666667,300000.0,2.0,-220833.3333333333,-110416.66666666666,True,True,True,True,True,True
2883,Arrendatarios,P5140,79166.66666666667,300000.0,1.0,-220833.3333333333,-220833.3333333333,True,True,True,True,True,True
2884,Arrendatarios,P5140,230000.0,450000.0,2.0,-220000.0,-110000.0,True,True,True,True,True,True
2885,Arrendatarios,P5140,480000.0,700000.0,2.0,-220000.0,-110000.0,True,True,True,True,True,True
2886,Arrendatarios,P5140,480000.0,700000.0,4.0,-220000.0,-55000.0,True,True,True,True,True,True
2887,Arrendatarios,P5140,280000.0,500000.0,3.0,-220000.0,-73333.33333333333,True,True,True,True,True,True
2888,Arrendatarios,P5140,80000.0,300000.0,3.0,-220000.0,-73333.33333333333,True,True,True,True,True,True
2889,Propietarios que pagan su vivienda,P5100,205000.0,425000.0,2.0,-220000.0,-110000.0,True,True,True,True,True,True
2890,Arrendatarios,P5140,80000.0,300000.0,1.0,-220000.0,-220000.0,True,True,True,True,True,True
2891,Arrendatarios,P5140,480000.0,700000.0,5.0,-220000.0,-44000.0,True,True,True,True,True,True
2892,Arrendatarios,P5140,500000.0,720000.0,1.0,-220000.0,-220000.0,True,True,True,True,True,True
2893,Arrendatarios,P5140,230000.0,450000.0,3.0,-220000.0,-73333.33333333333,True,True,True,True,True,True
2894,Arrendatarios,P5140,180000.0,400000.0,1.0,-220000.0,-220000.0,True,True,True,True,True,True
2895,Arrendatarios,P5140,350000.0,570000.0,1.0,-220000.0,-220000.0,True,True,True,True,True,True
2896,Arrendatarios,P5140,980000.0,1200000.0,3.0,-220000.0,-73333.33333333333,True,True,True,True,True,True
2897,Arrendatarios,P5140,300000.0,520000.0,2.0,-220000.0,-110000.0,True,True,True,True,True,True
2898,Arrendatarios,P5140,180000.0,400000.0,3.0,-220000.0,-73333.33333333333,True,True,True,True,True,True
2899,Arrendatarios,P5140,80000.0,300000.0,1.0,-220000.0,-220000.0,True,True,True,True,True,True
2900,Arrendatarios,P5140,280000.0,500000.0,2.0,-220000.0,-110000.0,True,True,True,True,True,True
2901,Arrendatarios,P5140,180000.0,400000.0,6.0,-220000.0,-36666.666666666664,True,True,True,True,True,True
2902,Arrendatarios,P5140,80000.0,300000.0,1.0,-220000.0,-220000.0,True,True,True,True,True,True
2903,Arrendatarios,P5140,50000.0,270000.0,3.0,-220000.0,-73333.33333333333,True,True,True,True,True,True
2904,Arrendatarios,P5140,130000.0,350000.0,1.0,-220000.0,-220000.0,True,True,True,True,True,True
2905,Arrendatarios,P5140,80000.0,300000.0,1.0,-220000.0,-220000.0,True,True,True,True,True,True
2906,Arrendatarios,P5140,100000.0,320000.0,3.0,-220000.0,-73333.33333333333,True,True,True,True,True,True
2907,Arrendatarios,P5140,180000.0,400000.0,2.0,-220000.0,-110000.0,True,True,True,True,True,True
2908,Propietarios que pagan su vivienda,P5100,400000.0,620000.0,4.0,-220000.0,-55000.0,True,True,True,True,True,True
2909,Arrendatarios,P5140,600000.0,820000.0,4.0,-220000.0,-55000.0,True,True,True,True,True,True
2910,Arrendatarios,P5140,80000.0,300000.0,1.0,-220000.0,-220000.0,True,True,True,True,True,True
2911,Arrendatarios,P5140,1080000.0,1300000.0,4.0,-220000.0,-55000.0,True,True,True,True,True,True
2912,Arrendatarios,P5140,100000.0,320000.0,1.0,-220000.0,-220000.0,True,True,True,True,True,True
2913,Arrendatarios,P5140,30000.0,250000.0,1.0,-220000.0,-220000.0,True,True,True,True,True,True
2914,Arrendatarios,P5140,280000.0,500000.0,3.0,-220000.0,-73333.33333333333,True,True,True,True,True,True
2915,Arrendatarios,P5140,80000.0,300000.0,2.0,-220000.0,-110000.0,True,True,True,True,True,True
2916,Propietarios que pagan su vivienda,P5100,600000.0,820000.0,1.0,-220000.0,-220000.0,True,True,True,True,True,True
2917,Arrendatarios,P5140,480000.0,700000.0,2.0,-220000.0,-110000.0,True,True,True,True,True,True
2918,Arrendatarios,P5140,60833.333333333336,280000.0,1.0,-219166.66666666666,-219166.66666666666,True,True,True,True,True,True
2919,Arrendatarios,P5140,60833.333333333336,280000.0,1.0,-219166.66666666666,-219166.66666666666,True,True,True,True,True,True
2920,Arrendatarios,P5140,31666.666666666668,250000.0,2.0,-218333.33333333334,-109166.66666666667,True,True,True,True,True,True
2921,Arrendatarios,P5140,81666.66666666666,300000.0,4.0,-218333.33333333334,-54583.333333333336,True,True,True,True,True,True
2922,Arrendatarios,P5140,101666.66666666667,320000.0,1.0,-218333.3333333333,-218333.3333333333,True,True,True,True,True,True
2923,Arrendatarios,P5140,32500.0,250000.0,2.0,-217500.0,-108750.0,True,True,True,True,True,True
2924,Arrendatarios,P5140,162500.0,380000.0,2.0,-217500.0,-108750.0,True,True,True,True,True,True
2925,Arrendatarios,P5140,1583333.3333333333,1800000.0,3.0,-216666.66666666674,-72222.22222222225,True,True,True,True,True,True
2926,Arrendatarios,P5140,83333.33333333333,300000.0,1.0,-216666.6666666667,-216666.6666666667,True,True,True,True,True,True
2927,Arrendatarios,P5140,83333.33333333333,300000.0,4.0,-216666.6666666667,-54166.66666666667,True,True,True,True,True,True
2928,Arrendatarios,P5140,283333.3333333333,500000.0,4.0,-216666.6666666667,-54166.66666666667,True,True,True,True,True,True
2929,Arrendatarios,P5140,83333.33333333333,300000.0,3.0,-216666.6666666667,-72222.22222222223,True,True,True,True,True,True
2930,Arrendatarios,P5140,83333.33333333333,300000.0,1.0,-216666.6666666667,-216666.6666666667,True,True,True,True,True,True
2931,Arrendatarios,P5140,83333.33333333333,300000.0,2.0,-216666.6666666667,-108333.33333333334,True,True,True,True,True,True
2932,Arrendatarios,P5140,83333.33333333333,300000.0,1.0,-216666.6666666667,-216666.6666666667,True,True,True,True,True,True
2933,Arrendatarios,P5140,333333.3333333333,550000.0,4.0,-216666.6666666667,-54166.66666666667,True,True,True,True,True,True
2934,Arrendatarios,P5140,183333.3333333333,400000.0,2.0,-216666.6666666667,-108333.33333333334,True,True,True,True,True,True
2935,Arrendatarios,P5140,83333.33333333333,300000.0,1.0,-216666.6666666667,-216666.6666666667,True,True,True,True,True,True
2936,Arrendatarios,P5140,83333.33333333333,300000.0,1.0,-216666.6666666667,-216666.6666666667,True,True,True,True,True,True
2937,Arrendatarios,P5140,83333.33333333333,300000.0,1.0,-216666.6666666667,-216666.6666666667,True,True,True,True,True,True
2938,Arrendatarios,P5140,83333.33333333333,300000.0,3.0,-216666.6666666667,-72222.22222222223,True,True,True,True,True,True
2939,Arrendatarios,P5140,83333.33333333333,300000.0,1.0,-216666.6666666667,-216666.6666666667,True,True,True,True,True,True
2940,Arrendatarios,P5140,83333.33333333333,300000.0,1.0,-216666.6666666667,-216666.6666666667,True,True,True,True,True,True
2941,Arrendatarios,P5140,83333.33333333333,300000.0,1.0,-216666.6666666667,-216666.6666666667,True,True,True,True,True,True
2942,Arrendatarios,P5140,183333.3333333333,400000.0,2.0,-216666.6666666667,-108333.33333333334,True,True,True,True,True,True
2943,Arrendatarios,P5140,83333.33333333333,300000.0,1.0,-216666.6666666667,-216666.6666666667,True,True,True,True,True,True
2944,Arrendatarios,P5140,83333.33333333333,300000.0,2.0,-216666.6666666667,-108333.33333333334,True,True,True,True,True,True
2945,Arrendatarios,P5140,83333.33333333333,300000.0,2.0,-216666.6666666667,-108333.33333333334,True,True,True,True,True,True
2946,Arrendatarios,P5140,83333.33333333333,300000.0,1.0,-216666.6666666667,-216666.6666666667,True,True,True,True,True,True
2947,Arrendatarios,P5140,83333.33333333333,300000.0,3.0,-216666.6666666667,-72222.22222222223,True,True,True,True,True,True
2948,Arrendatarios,P5140,83333.33333333333,300000.0,6.0,-216666.6666666667,-36111.11111111112,True,True,True,True,True,True
2949,Arrendatarios,P5140,333333.3333333333,550000.0,4.0,-216666.6666666667,-54166.66666666667,True,True,True,True,True,True
2950,Arrendatarios,P5140,183333.33333333334,400000.0,2.0,-216666.66666666666,-108333.33333333333,True,True,True,True,True,True
2951,Arrendatarios,P5140,33333.333333333336,250000.0,1.0,-216666.66666666666,-216666.66666666666,True,True,True,True,True,True
2952,Arrendatarios,P5140,233333.33333333334,450000.0,1.0,-216666.66666666666,-216666.66666666666,True,True,True,True,True,True
2953,Arrendatarios,P5140,133333.33333333334,350000.0,3.0,-216666.66666666666,-72222.22222222222,True,True,True,True,True,True
2954,Arrendatarios,P5140,83333.33333333334,300000.0,2.0,-216666.66666666666,-108333.33333333333,True,True,True,True,True,True
2955,Arrendatarios,P5140,233333.33333333334,450000.0,1.0,-216666.66666666666,-216666.66666666666,True,True,True,True,True,True
2956,Arrendatarios,P5140,583333.3333333334,800000.0,1.0,-216666.66666666663,-216666.66666666663,True,True,True,True,True,True
2957,Arrendatarios,P5140,583333.3333333334,800000.0,2.0,-216666.66666666663,-108333.33333333331,True,True,True,True,True,True
2958,Arrendatarios,P5140,583333.3333333334,800000.0,5.0,-216666.66666666663,-43333.33333333333,True,True,True,True,True,True
2959,Arrendatarios,P5140,583333.3333333334,800000.0,2.0,-216666.66666666663,-108333.33333333331,True,True,True,True,True,True
2960,Arrendatarios,P5140,583333.3333333334,800000.0,1.0,-216666.66666666663,-216666.66666666663,True,True,True,True,True,True
2961,Arrendatarios,P5140,370000.0,586000.0,3.0,-216000.0,-72000.0,True,True,True,True,True,True
2962,Arrendatarios,P5140,25000.0,240000.0,1.0,-215000.0,-215000.0,True,True,True,True,True,True
2963,Arrendatarios,P5140,265000.0,480000.0,3.0,-215000.0,-71666.66666666667,True,True,True,True,True,True
2964,Arrendatarios,P5140,135000.0,350000.0,1.0,-215000.0,-215000.0,True,True,True,True,True,True
2965,Arrendatarios,P5140,185000.0,400000.0,2.0,-215000.0,-107500.0,True,True,True,True,True,True
2966,Arrendatarios,P5140,266666.6666666666,480000.0,1.0,-213333.33333333337,-213333.33333333337,True,True,True,True,True,True
2967,Arrendatarios,P5140,86666.66666666667,300000.0,2.0,-213333.3333333333,-106666.66666666666,True,True,True,True,True,True
2968,Arrendatarios,P5140,416666.6666666667,630000.0,1.0,-213333.3333333333,-213333.3333333333,True,True,True,True,True,True
2969,Arrendatarios,P5140,66666.66666666667,280000.0,1.0,-213333.3333333333,-213333.3333333333,True,True,True,True,True,True
2970,Arrendatarios,P5140,416666.6666666667,630000.0,1.0,-213333.3333333333,-213333.3333333333,True,True,True,True,True,True
2971,Arrendatarios,P5140,366666.6666666667,580000.0,1.0,-213333.3333333333,-213333.3333333333,True,True,True,True,True,True
2972,Arrendatarios,P5140,286666.6666666667,500000.0,1.0,-213333.3333333333,-213333.3333333333,True,True,True,True,True,True
2973,Arrendatarios,P5140,236666.6666666667,450000.0,3.0,-213333.3333333333,-71111.11111111111,True,True,True,True,True,True
2974,Arrendatarios,P5140,187500.0,400000.0,2.0,-212500.0,-106250.0,True,True,True,True,True,True
2975,Arrendatarios,P5140,268000.0,480000.0,2.0,-212000.0,-106000.0,True,True,True,True,True,True
2976,Arrendatarios,P5140,58333.333333333336,270000.0,5.0,-211666.66666666666,-42333.33333333333,True,True,True,True,True,True
2977,Arrendatarios,P5140,89166.66666666667,300000.0,4.0,-210833.3333333333,-52708.33333333333,True,True,True,True,True,True
2978,Arrendatarios,P5140,90000.0,300000.0,2.0,-210000.0,-105000.0,True,True,True,True,True,True
2979,Arrendatarios,P5140,140000.0,350000.0,3.0,-210000.0,-70000.0,True,True,True,True,True,True
2980,Arrendatarios,P5140,440000.0,650000.0,3.0,-210000.0,-70000.0,True,True,True,True,True,True
2981,Arrendatarios,P5140,300000.0,510000.0,1.0,-210000.0,-210000.0,True,True,True,True,True,True
2982,Arrendatarios,P5140,290000.0,500000.0,1.0,-210000.0,-210000.0,True,True,True,True,True,True
2983,Arrendatarios,P5140,1390000.0,1600000.0,3.0,-210000.0,-70000.0,True,True,True,True,True,True
2984,Propietarios que pagan su vivienda,P5100,290000.0,500000.0,5.0,-210000.0,-42000.0,True,True,True,True,True,True
2985,Arrendatarios,P5140,240000.0,450000.0,2.0,-210000.0,-105000.0,True,True,True,True,True,True
2986,Arrendatarios,P5140,70833.33333333333,280000.0,1.0,-209166.6666666667,-209166.6666666667,True,True,True,True,True,True
2987,Propietarios que pagan su vivienda,P5100,70833.33333333333,280000.0,1.0,-209166.6666666667,-209166.6666666667,True,True,True,True,True,True
2988,Arrendatarios,P5140,291666.6666666666,500000.0,2.0,-208333.33333333337,-104166.66666666669,True,True,True,True,True,True
2989,Arrendatarios,P5140,41666.666666666664,250000.0,1.0,-208333.33333333334,-208333.33333333334,True,True,True,True,True,True
2990,Arrendatarios,P5140,41666.666666666664,250000.0,1.0,-208333.33333333334,-208333.33333333334,True,True,True,True,True,True
2991,Arrendatarios,P5140,41666.666666666664,250000.0,1.0,-208333.33333333334,-208333.33333333334,True,True,True,True,True,True
2992,Arrendatarios,P5140,141666.66666666666,350000.0,1.0,-208333.33333333334,-208333.33333333334,True,True,True,True,True,True
2993,Arrendatarios,P5140,141666.66666666666,350000.0,3.0,-208333.33333333334,-69444.44444444445,True,True,True,True,True,True
2994,Arrendatarios,P5140,191666.66666666666,400000.0,2.0,-208333.33333333334,-104166.66666666667,True,True,True,True,True,True
2995,Arrendatarios,P5140,141666.66666666666,350000.0,2.0,-208333.33333333334,-104166.66666666667,True,True,True,True,True,True
2996,Arrendatarios,P5140,41666.666666666664,250000.0,2.0,-208333.33333333334,-104166.66666666667,True,True,True,True,True,True
2997,Arrendatarios,P5140,291666.6666666667,500000.0,1.0,-208333.3333333333,-208333.3333333333,True,True,True,True,True,True
2998,Arrendatarios,P5140,291666.6666666667,500000.0,1.0,-208333.3333333333,-208333.3333333333,True,True,True,True,True,True
2999,Arrendatarios,P5140,392500.0,600000.0,2.0,-207500.0,-103750.0,True,True,True,True,True,True
3000,Arrendatarios,P5140,493333.3333333333,700000.0,2.0,-206666.6666666667,-103333.33333333334,True,True,True,True,True,True
3001,Arrendatarios,P5140,83333.33333333333,290000.0,3.0,-206666.6666666667,-68888.88888888889,True,True,True,True,True,True
3002,Arrendatarios,P5140,194999.99999999997,400000.0,4.0,-205000.00000000003,-51250.00000000001,True,True,True,True,True,True
3003,Arrendatarios,P5140,95000.0,300000.0,1.0,-205000.0,-205000.0,True,True,True,True,True,True
3004,Arrendatarios,P5140,225000.0,430000.0,3.0,-205000.0,-68333.33333333333,True,True,True,True,True,True
3005,Arrendatarios,P5140,145000.0,350000.0,4.0,-205000.0,-51250.0,True,True,True,True,True,True
3006,Arrendatarios,P5140,195000.0,400000.0,1.0,-205000.0,-205000.0,True,True,True,True,True,True
3007,Arrendatarios,P5140,295833.3333333333,500000.0,2.0,-204166.6666666667,-102083.33333333334,True,True,True,True,True,True
3008,Arrendatarios,P5140,446666.6666666666,650000.0,3.0,-203333.33333333337,-67777.7777777778,True,True,True,True,True,True
3009,Arrendatarios,P5140,116666.66666666666,320000.0,1.0,-203333.33333333334,-203333.33333333334,True,True,True,True,True,True
3010,Arrendatarios,P5140,16666.666666666668,220000.0,5.0,-203333.33333333334,-40666.66666666667,True,True,True,True,True,True
3011,Arrendatarios,P5140,166666.66666666666,370000.0,4.0,-203333.33333333334,-50833.333333333336,True,True,True,True,True,True
3012,Arrendatarios,P5140,498333.3333333333,700000.0,4.0,-201666.6666666667,-50416.66666666667,True,True,True,True,True,True
3013,Arrendatarios,P5140,78333.33333333334,280000.0,3.0,-201666.66666666666,-67222.22222222222,True,True,True,True,True,True
3014,Arrendatarios,P5140,148333.33333333334,350000.0,3.0,-201666.66666666666,-67222.22222222222,True,True,True,True,True,True
3015,Arrendatarios,P5140,79166.66666666667,280000.0,1.0,-200833.3333333333,-200833.3333333333,True,True,True,True,True,True
3016,Arrendatarios,P5140,79166.66666666667,280000.0,1.0,-200833.3333333333,-200833.3333333333,True,True,True,True,True,True
3017,Arrendatarios,P5140,249999.99999999997,450000.0,3.0,-200000.00000000003,-66666.66666666667,True,True,True,True,True,True
3018,Arrendatarios,P5140,400000.0,600000.0,2.0,-200000.0,-100000.0,True,True,True,True,True,True
3019,Arrendatarios,P5140,400000.0,600000.0,4.0,-200000.0,-50000.0,True,True,True,True,True,True
3020,Arrendatarios,P5140,300000.0,500000.0,4.0,-200000.0,-50000.0,True,True,True,True,True,True
3021,Arrendatarios,P5140,300000.0,500000.0,2.0,-200000.0,-100000.0,True,True,True,True,True,True
3022,Arrendatarios,P5140,300000.0,500000.0,1.0,-200000.0,-200000.0,True,True,True,True,True,True
3023,Arrendatarios,P5140,50000.0,250000.0,3.0,-200000.0,-66666.66666666667,True,True,True,True,True,True
3024,Arrendatarios,P5140,300000.0,500000.0,1.0,-200000.0,-200000.0,True,True,True,True,True,True
3025,Arrendatarios,P5140,300000.0,500000.0,2.0,-200000.0,-100000.0,True,True,True,True,True,True
3026,Arrendatarios,P5140,300000.0,500000.0,4.0,-200000.0,-50000.0,True,True,True,True,True,True
3027,Arrendatarios,P5140,400000.0,600000.0,3.0,-200000.0,-66666.66666666667,True,True,True,True,True,True
3028,Arrendatarios,P5140,100000.0,300000.0,2.0,-200000.0,-100000.0,True,True,True,True,True,True
3029,Arrendatarios,P5140,100000.0,300000.0,4.0,-200000.0,-50000.0,True,True,True,True,True,True
3030,Arrendatarios,P5140,1800000.0,2000000.0,3.0,-200000.0,-66666.66666666667,True,True,True,True,True,True
3031,Arrendatarios,P5140,4800000.0,5000000.0,1.0,-200000.0,-200000.0,True,True,True,True,True,True
3032,Arrendatarios,P5140,500000.0,700000.0,3.0,-200000.0,-66666.66666666667,True,True,True,True,True,True
3033,Arrendatarios,P5140,250000.0,450000.0,1.0,-200000.0,-200000.0,True,True,True,True,True,True
3034,Arrendatarios,P5140,200000.0,400000.0,1.0,-200000.0,-200000.0,True,True,True,True,True,True
3035,Arrendatarios,P5140,600000.0,800000.0,3.0,-200000.0,-66666.66666666667,True,True,True,True,True,True
3036,Arrendatarios,P5140,50000.0,250000.0,4.0,-200000.0,-50000.0,True,True,True,True,True,True
3037,Arrendatarios,P5140,250000.0,450000.0,3.0,-200000.0,-66666.66666666667,True,True,True,True,True,True
3038,Arrendatarios,P5140,500000.0,700000.0,3.0,-200000.0,-66666.66666666667,True,True,True,True,True,True
3039,Arrendatarios,P5140,400000.0,600000.0,1.0,-200000.0,-200000.0,True,True,True,True,True,True
3040,Arrendatarios,P5140,50000.0,250000.0,2.0,-200000.0,-100000.0,True,True,True,True,True,True
3041,Arrendatarios,P5140,250000.0,450000.0,1.0,-200000.0,-200000.0,True,True,True,True,True,True
3042,Arrendatarios,P5140,400000.0,600000.0,2.0,-200000.0,-100000.0,True,True,True,True,True,True
3043,Arrendatarios,P5140,300000.0,500000.0,3.0,-200000.0,-66666.66666666667,True,True,True,True,True,True
3044,Arrendatarios,P5140,1000000.0,1200000.0,2.0,-200000.0,-100000.0,True,True,True,True,True,True
3045,Arrendatarios,P5140,400000.0,600000.0,1.0,-200000.0,-200000.0,True,True,True,True,True,True
3046,Arrendatarios,P5140,400000.0,600000.0,5.0,-200000.0,-40000.0,True,True,True,True,True,True
3047,Arrendatarios,P5140,200000.0,400000.0,1.0,-200000.0,-200000.0,True,True,True,True,True,True
3048,Arrendatarios,P5140,100000.0,300000.0,2.0,-200000.0,-100000.0,True,True,True,True,True,True
3049,Arrendatarios,P5140,200000.0,400000.0,2.0,-200000.0,-100000.0,True,True,True,True,True,True
3050,Arrendatarios,P5140,200000.0,400000.0,1.0,-200000.0,-200000.0,True,True,True,True,True,True
3051,Arrendatarios,P5140,1600000.0,1800000.0,1.0,-200000.0,-200000.0,True,True,True,True,True,True
3052,Arrendatarios,P5140,300000.0,500000.0,2.0,-200000.0,-100000.0,True,True,True,True,True,True
3053,Arrendatarios,P5140,600000.0,800000.0,2.0,-200000.0,-100000.0,True,True,True,True,True,True
3054,Arrendatarios,P5140,300000.0,500000.0,3.0,-200000.0,-66666.66666666667,True,True,True,True,True,True
3055,Arrendatarios,P5140,500000.0,700000.0,2.0,-200000.0,-100000.0,True,True,True,True,True,True
3056,Arrendatarios,P5140,200000.0,400000.0,2.0,-200000.0,-100000.0,True,True,True,True,True,True
3057,Arrendatarios,P5140,300000.0,500000.0,1.0,-200000.0,-200000.0,True,True,True,True,True,True
3058,Arrendatarios,P5140,50000.0,250000.0,2.0,-200000.0,-100000.0,True,True,True,True,True,True
3059,Arrendatarios,P5140,200000.0,400000.0,4.0,-200000.0,-50000.0,True,True,True,True,True,True
3060,Arrendatarios,P5140,600000.0,800000.0,3.0,-200000.0,-66666.66666666667,True,True,True,True,True,True
3061,Arrendatarios,P5140,700000.0,900000.0,4.0,-200000.0,-50000.0,True,True,True,True,True,True
3062,Arrendatarios,P5140,400000.0,600000.0,1.0,-200000.0,-200000.0,True,True,True,True,True,True
3063,Arrendatarios,P5140,200000.0,400000.0,1.0,-200000.0,-200000.0,True,True,True,True,True,True
3064,Arrendatarios,P5140,500000.0,700000.0,1.0,-200000.0,-200000.0,True,True,True,True,True,True
3065,Arrendatarios,P5140,300000.0,500000.0,2.0,-200000.0,-100000.0,True,True,True,True,True,True
3066,Arrendatarios,P5140,200000.0,400000.0,1.0,-200000.0,-200000.0,True,True,True,True,True,True
3067,Arrendatarios,P5140,300000.0,500000.0,5.0,-200000.0,-40000.0,True,True,True,True,True,True
3068,Arrendatarios,P5140,600000.0,800000.0,4.0,-200000.0,-50000.0,True,True,True,True,True,True
3069,Arrendatarios,P5140,600000.0,800000.0,1.0,-200000.0,-200000.0,True,True,True,True,True,True
3070,Arrendatarios,P5140,450000.0,650000.0,4.0,-200000.0,-50000.0,True,True,True,True,True,True
3071,Arrendatarios,P5140,1000000.0,1200000.0,2.0,-200000.0,-100000.0,True,True,True,True,True,True
3072,Propietarios que pagan su vivienda,P5100,400000.0,600000.0,1.0,-200000.0,-200000.0,True,True,True,True,True,True
3073,Arrendatarios,P5140,500000.0,700000.0,3.0,-200000.0,-66666.66666666667,True,True,True,True,True,True
3074,Arrendatarios,P5140,1000000.0,1200000.0,2.0,-200000.0,-100000.0,True,True,True,True,True,True
3075,Arrendatarios,P5140,500000.0,700000.0,1.0,-200000.0,-200000.0,True,True,True,True,True,True
3076,Arrendatarios,P5140,1000000.0,1200000.0,3.0,-200000.0,-66666.66666666667,True,True,True,True,True,True
3077,Arrendatarios,P5140,200000.0,400000.0,2.0,-200000.0,-100000.0,True,True,True,True,True,True
3078,Arrendatarios,P5140,300000.0,500000.0,5.0,-200000.0,-40000.0,True,True,True,True,True,True
3079,Arrendatarios,P5140,300000.0,500000.0,2.0,-200000.0,-100000.0,True,True,True,True,True,True
3080,Arrendatarios,P5140,400000.0,600000.0,1.0,-200000.0,-200000.0,True,True,True,True,True,True
3081,Arrendatarios,P5140,150000.0,350000.0,6.0,-200000.0,-33333.333333333336,True,True,True,True,True,True
3082,Arrendatarios,P5140,300000.0,500000.0,1.0,-200000.0,-200000.0,True,True,True,True,True,True
3083,Propietarios que pagan su vivienda,P5100,600000.0,800000.0,2.0,-200000.0,-100000.0,True,True,True,True,True,True
3084,Arrendatarios,P5140,150000.0,350000.0,1.0,-200000.0,-200000.0,True,True,True,True,True,True
3085,Arrendatarios,P5140,500000.0,700000.0,3.0,-200000.0,-66666.66666666667,True,True,True,True,True,True
3086,Arrendatarios,P5140,500000.0,700000.0,1.0,-200000.0,-200000.0,True,True,True,True,True,True
3087,Arrendatarios,P5140,400000.0,600000.0,1.0,-200000.0,-200000.0,True,True,True,True,True,True
3088,Arrendatarios,P5140,800000.0,1000000.0,3.0,-200000.0,-66666.66666666667,True,True,True,True,True,True
3089,Arrendatarios,P5140,200000.0,400000.0,3.0,-200000.0,-66666.66666666667,True,True,True,True,True,True
3090,Arrendatarios,P5140,700000.0,900000.0,2.0,-200000.0,-100000.0,True,True,True,True,True,True
3091,Arrendatarios,P5140,1300000.0,1500000.0,3.0,-200000.0,-66666.66666666667,True,True,True,True,True,True
3092,Arrendatarios,P5140,800000.0,1000000.0,2.0,-200000.0,-100000.0,True,True,True,True,True,True
3093,Arrendatarios,P5140,400000.0,600000.0,3.0,-200000.0,-66666.66666666667,True,True,True,True,True,True
3094,Arrendatarios,P5140,200000.0,400000.0,3.0,-200000.0,-66666.66666666667,True,True,True,True,True,True
3095,Arrendatarios,P5140,50000.0,250000.0,1.0,-200000.0,-200000.0,True,True,True,True,True,True
3096,Arrendatarios,P5140,50000.0,250000.0,2.0,-200000.0,-100000.0,True,True,True,True,True,True
3097,Arrendatarios,P5140,300000.0,500000.0,1.0,-200000.0,-200000.0,True,True,True,True,True,True
3098,Arrendatarios,P5140,200000.0,400000.0,1.0,-200000.0,-200000.0,True,True,True,True,True,True
3099,Arrendatarios,P5140,300000.0,500000.0,1.0,-200000.0,-200000.0,True,True,True,True,True,True
3100,Arrendatarios,P5140,300000.0,500000.0,2.0,-200000.0,-100000.0,True,True,True,True,True,True
3101,Propietarios que pagan su vivienda,P5100,500000.0,700000.0,2.0,-200000.0,-100000.0,True,True,True,True,True,True
3102,Arrendatarios,P5140,300000.0,500000.0,2.0,-200000.0,-100000.0,True,True,True,True,True,True
3103,Arrendatarios,P5140,600000.0,800000.0,1.0,-200000.0,-200000.0,True,True,True,True,True,True
3104,Arrendatarios,P5140,400000.0,600000.0,1.0,-200000.0,-200000.0,True,True,True,True,True,True
3105,Arrendatarios,P5140,600000.0,800000.0,1.0,-200000.0,-200000.0,True,True,True,True,True,True
3106,Arrendatarios,P5140,500000.0,700000.0,1.0,-200000.0,-200000.0,True,True,True,True,True,True
3107,Arrendatarios,P5140,800000.0,1000000.0,1.0,-200000.0,-200000.0,True,True,True,True,True,True
3108,Arrendatarios,P5140,800000.0,1000000.0,1.0,-200000.0,-200000.0,True,True,True,True,True,True
3109,Arrendatarios,P5140,200000.0,400000.0,3.0,-200000.0,-66666.66666666667,True,True,True,True,True,True
3110,Arrendatarios,P5140,300000.0,500000.0,2.0,-200000.0,-100000.0,True,True,True,True,True,True
3111,Arrendatarios,P5140,300000.0,500000.0,3.0,-200000.0,-66666.66666666667,True,True,True,True,True,True
3112,Arrendatarios,P5140,500000.0,700000.0,2.0,-200000.0,-100000.0,True,True,True,True,True,True
3113,Arrendatarios,P5140,250000.0,450000.0,1.0,-200000.0,-200000.0,True,True,True,True,True,True
3114,Arrendatarios,P5140,1000000.0,1200000.0,2.0,-200000.0,-100000.0,True,True,True,True,True,True
3115,Arrendatarios,P5140,300000.0,500000.0,3.0,-200000.0,-66666.66666666667,True,True,True,True,True,True
3116,Propietarios que pagan su vivienda,P5100,1300000.0,1500000.0,1.0,-200000.0,-200000.0,True,True,True,True,True,True
3117,Arrendatarios,P5140,400000.0,600000.0,2.0,-200000.0,-100000.0,True,True,True,True,True,True
3118,Arrendatarios,P5140,500000.0,700000.0,3.0,-200000.0,-66666.66666666667,True,True,True,True,True,True
3119,Arrendatarios,P5140,300000.0,500000.0,1.0,-200000.0,-200000.0,True,True,True,True,True,True
3120,Propietarios que pagan su vivienda,P5100,500000.0,700000.0,2.0,-200000.0,-100000.0,True,True,True,True,True,True
3121,Arrendatarios,P5140,200000.0,400000.0,3.0,-200000.0,-66666.66666666667,True,True,True,True,True,True
3122,Arrendatarios,P5140,600000.0,800000.0,2.0,-200000.0,-100000.0,True,True,True,True,True,True
3123,Arrendatarios,P5140,500000.0,700000.0,2.0,-200000.0,-100000.0,True,True,True,True,True,True
3124,Arrendatarios,P5140,400000.0,600000.0,2.0,-200000.0,-100000.0,True,True,True,True,True,True
3125,Arrendatarios,P5140,200000.0,400000.0,4.0,-200000.0,-50000.0,True,True,True,True,True,True
3126,Arrendatarios,P5140,100000.0,300000.0,2.0,-200000.0,-100000.0,True,True,True,True,True,True
3127,Arrendatarios,P5140,50000.0,250000.0,1.0,-200000.0,-200000.0,True,True,True,True,True,True
3128,Arrendatarios,P5140,200000.0,400000.0,3.0,-200000.0,-66666.66666666667,True,True,True,True,True,True
3129,Propietarios que pagan su vivienda,P5100,3000000.0,3200000.0,2.0,-200000.0,-100000.0,True,True,True,True,True,True
3130,Arrendatarios,P5140,100000.0,300000.0,5.0,-200000.0,-40000.0,True,True,True,True,True,True
3131,Arrendatarios,P5140,300000.0,500000.0,3.0,-200000.0,-66666.66666666667,True,True,True,True,True,True
3132,Arrendatarios,P5140,1000000.0,1200000.0,1.0,-200000.0,-200000.0,True,True,True,True,True,True
3133,Arrendatarios,P5140,100000.0,300000.0,2.0,-200000.0,-100000.0,True,True,True,True,True,True
3134,Arrendatarios,P5140,1250000.0,1450000.0,2.0,-200000.0,-100000.0,True,True,True,True,True,True
3135,Propietarios que pagan su vivienda,P5100,250000.0,450000.0,2.0,-200000.0,-100000.0,True,True,True,True,True,True
3136,Arrendatarios,P5140,1000000.0,1200000.0,2.0,-200000.0,-100000.0,True,True,True,True,True,True
3137,Arrendatarios,P5140,1000000.0,1200000.0,5.0,-200000.0,-40000.0,True,True,True,True,True,True
3138,Arrendatarios,P5140,500000.0,700000.0,4.0,-200000.0,-50000.0,True,True,True,True,True,True
3139,Arrendatarios,P5140,1000000.0,1200000.0,2.0,-200000.0,-100000.0,True,True,True,True,True,True
3140,Arrendatarios,P5140,1600000.0,1800000.0,2.0,-200000.0,-100000.0,True,True,True,True,True,True
3141,Arrendatarios,P5140,150000.0,350000.0,1.0,-200000.0,-200000.0,True,True,True,True,True,True
3142,Arrendatarios,P5140,150000.0,350000.0,1.0,-200000.0,-200000.0,True,True,True,True,True,True
3143,Arrendatarios,P5140,400000.0,600000.0,2.0,-200000.0,-100000.0,True,True,True,True,True,True
3144,Arrendatarios,P5140,250000.0,450000.0,2.0,-200000.0,-100000.0,True,True,True,True,True,True
3145,Arrendatarios,P5140,1300000.0,1500000.0,3.0,-200000.0,-66666.66666666667,True,True,True,True,True,True
3146,Arrendatarios,P5140,500000.0,700000.0,1.0,-200000.0,-200000.0,True,True,True,True,True,True
3147,Arrendatarios,P5140,1000000.0,1200000.0,1.0,-200000.0,-200000.0,True,True,True,True,True,True
3148,Arrendatarios,P5140,800000.0,1000000.0,3.0,-200000.0,-66666.66666666667,True,True,True,True,True,True
3149,Arrendatarios,P5140,200000.0,400000.0,2.0,-200000.0,-100000.0,True,True,True,True,True,True
3150,Arrendatarios,P5140,200000.0,400000.0,3.0,-200000.0,-66666.66666666667,True,True,True,True,True,True
3151,Arrendatarios,P5140,1000000.0,1200000.0,1.0,-200000.0,-200000.0,True,True,True,True,True,True
3152,Arrendatarios,P5140,200000.0,400000.0,3.0,-200000.0,-66666.66666666667,True,True,True,True,True,True
3153,Arrendatarios,P5140,200000.0,400000.0,4.0,-200000.0,-50000.0,True,True,True,True,True,True
3154,Arrendatarios,P5140,300000.0,500000.0,1.0,-200000.0,-200000.0,True,True,True,True,True,True
3155,Arrendatarios,P5140,1300000.0,1500000.0,2.0,-200000.0,-100000.0,True,True,True,True,True,True
3156,Arrendatarios,P5140,500000.0,700000.0,1.0,-200000.0,-200000.0,True,True,True,True,True,True
3157,Arrendatarios,P5140,200000.0,400000.0,1.0,-200000.0,-200000.0,True,True,True,True,True,True
3158,Arrendatarios,P5140,1400000.0,1600000.0,1.0,-200000.0,-200000.0,True,True,True,True,True,True
3159,Arrendatarios,P5140,300000.0,500000.0,1.0,-200000.0,-200000.0,True,True,True,True,True,True
3160,Propietarios que pagan su vivienda,P5100,800000.0,1000000.0,2.0,-200000.0,-100000.0,True,True,True,True,True,True
3161,Propietarios que pagan su vivienda,P5100,800000.0,1000000.0,2.0,-200000.0,-100000.0,True,True,True,True,True,True
3162,Arrendatarios,P5140,200000.0,400000.0,2.0,-200000.0,-100000.0,True,True,True,True,True,True
3163,Arrendatarios,P5140,200000.0,400000.0,1.0,-200000.0,-200000.0,True,True,True,True,True,True
3164,Arrendatarios,P5140,400000.0,600000.0,2.0,-200000.0,-100000.0,True,True,True,True,True,True
3165,Arrendatarios,P5140,500000.0,700000.0,2.0,-200000.0,-100000.0,True,True,True,True,True,True
3166,Arrendatarios,P5140,300000.0,500000.0,3.0,-200000.0,-66666.66666666667,True,True,True,True,True,True
3167,Propietarios que pagan su vivienda,P5100,300000.0,500000.0,2.0,-200000.0,-100000.0,True,True,True,True,True,True
3168,Arrendatarios,P5140,225000.0,425000.0,1.0,-200000.0,-200000.0,True,True,True,True,True,True
3169,Arrendatarios,P5140,500000.0,700000.0,3.0,-200000.0,-66666.66666666667,True,True,True,True,True,True
3170,Arrendatarios,P5140,300000.0,500000.0,3.0,-200000.0,-66666.66666666667,True,True,True,True,True,True
3171,Arrendatarios,P5140,300000.0,500000.0,4.0,-200000.0,-50000.0,True,True,True,True,True,True
3172,Arrendatarios,P5140,600000.0,800000.0,2.0,-200000.0,-100000.0,True,True,True,True,True,True
3173,Arrendatarios,P5140,100000.0,300000.0,1.0,-200000.0,-200000.0,True,True,True,True,True,True
3174,Arrendatarios,P5140,400000.0,600000.0,4.0,-200000.0,-50000.0,True,True,True,True,True,True
3175,Arrendatarios,P5140,100000.0,300000.0,1.0,-200000.0,-200000.0,True,True,True,True,True,True
3176,Arrendatarios,P5140,1900000.0,2100000.0,3.0,-200000.0,-66666.66666666667,True,True,True,True,True,True
3177,Arrendatarios,P5140,600000.0,800000.0,2.0,-200000.0,-100000.0,True,True,True,True,True,True
3178,Arrendatarios,P5140,200000.0,400000.0,1.0,-200000.0,-200000.0,True,True,True,True,True,True
3179,Arrendatarios,P5140,700000.0,900000.0,2.0,-200000.0,-100000.0,True,True,True,True,True,True
3180,Arrendatarios,P5140,200000.0,400000.0,2.0,-200000.0,-100000.0,True,True,True,True,True,True
3181,Arrendatarios,P5140,50000.0,250000.0,3.0,-200000.0,-66666.66666666667,True,True,True,True,True,True
3182,Arrendatarios,P5140,500000.0,700000.0,2.0,-200000.0,-100000.0,True,True,True,True,True,True
3183,Arrendatarios,P5140,800000.0,1000000.0,1.0,-200000.0,-200000.0,True,True,True,True,True,True
3184,Arrendatarios,P5140,1600000.0,1800000.0,1.0,-200000.0,-200000.0,True,True,True,True,True,True
3185,Arrendatarios,P5140,400000.0,600000.0,4.0,-200000.0,-50000.0,True,True,True,True,True,True
3186,Arrendatarios,P5140,600000.0,800000.0,2.0,-200000.0,-100000.0,True,True,True,True,True,True
3187,Arrendatarios,P5140,350000.0,550000.0,1.0,-200000.0,-200000.0,True,True,True,True,True,True
3188,Arrendatarios,P5140,600000.0,800000.0,1.0,-200000.0,-200000.0,True,True,True,True,True,True
3189,Arrendatarios,P5140,500000.0,700000.0,2.0,-200000.0,-100000.0,True,True,True,True,True,True
3190,Arrendatarios,P5140,250000.0,450000.0,1.0,-200000.0,-200000.0,True,True,True,True,True,True
3191,Arrendatarios,P5140,400000.0,600000.0,3.0,-200000.0,-66666.66666666667,True,True,True,True,True,True
3192,Arrendatarios,P5140,120000.0,320000.0,1.0,-200000.0,-200000.0,True,True,True,True,True,True
3193,Arrendatarios,P5140,250000.0,450000.0,2.0,-200000.0,-100000.0,True,True,True,True,True,True
3194,Arrendatarios,P5140,200000.0,400000.0,2.0,-200000.0,-100000.0,True,True,True,True,True,True
3195,Arrendatarios,P5140,300000.0,500000.0,4.0,-200000.0,-50000.0,True,True,True,True,True,True
3196,Arrendatarios,P5140,100000.0,300000.0,1.0,-200000.0,-200000.0,True,True,True,True,True,True
3197,Arrendatarios,P5140,400000.0,600000.0,3.0,-200000.0,-66666.66666666667,True,True,True,True,True,True
3198,Arrendatarios,P5140,400000.0,600000.0,8.0,-200000.0,-25000.0,True,True,True,True,True,True
3199,Arrendatarios,P5140,250000.0,450000.0,4.0,-200000.0,-50000.0,True,True,True,True,True,True
3200,Arrendatarios,P5140,800000.0,1000000.0,1.0,-200000.0,-200000.0,True,True,True,True,True,True
3201,Arrendatarios,P5140,400000.0,600000.0,3.0,-200000.0,-66666.66666666667,True,True,True,True,True,True
3202,Arrendatarios,P5140,250000.0,450000.0,1.0,-200000.0,-200000.0,True,True,True,True,True,True
3203,Arrendatarios,P5140,300000.0,500000.0,4.0,-200000.0,-50000.0,True,True,True,True,True,True
3204,Arrendatarios,P5140,200000.0,400000.0,1.0,-200000.0,-200000.0,True,True,True,True,True,True
3205,Arrendatarios,P5140,400000.0,600000.0,1.0,-200000.0,-200000.0,True,True,True,True,True,True
3206,Arrendatarios,P5140,400000.0,600000.0,1.0,-200000.0,-200000.0,True,True,True,True,True,True
3207,Arrendatarios,P5140,800000.0,1000000.0,2.0,-200000.0,-100000.0,True,True,True,True,True,True
3208,Arrendatarios,P5140,1050000.0,1250000.0,1.0,-200000.0,-200000.0,True,True,True,True,True,True
3209,Propietarios que pagan su vivienda,P5100,600000.0,800000.0,4.0,-200000.0,-50000.0,True,True,True,True,True,True
3210,Arrendatarios,P5140,200000.0,400000.0,3.0,-200000.0,-66666.66666666667,True,True,True,True,True,True
3211,Arrendatarios,P5140,300000.0,500000.0,3.0,-200000.0,-66666.66666666667,True,True,True,True,True,True
3212,Propietarios que pagan su vivienda,P5100,300000.0,500000.0,4.0,-200000.0,-50000.0,True,True,True,True,True,True
3213,Arrendatarios,P5140,500000.0,700000.0,3.0,-200000.0,-66666.66666666667,True,True,True,True,True,True
3214,Arrendatarios,P5140,300000.0,500000.0,3.0,-200000.0,-66666.66666666667,True,True,True,True,True,True
3215,Arrendatarios,P5140,500000.0,700000.0,1.0,-200000.0,-200000.0,True,True,True,True,True,True
3216,Arrendatarios,P5140,300000.0,500000.0,3.0,-200000.0,-66666.66666666667,True,True,True,True,True,True
3217,Arrendatarios,P5140,100000.0,300000.0,4.0,-200000.0,-50000.0,True,True,True,True,True,True
3218,Arrendatarios,P5140,500000.0,700000.0,3.0,-200000.0,-66666.66666666667,True,True,True,True,True,True
3219,Propietarios que pagan su vivienda,P5100,800000.0,1000000.0,5.0,-200000.0,-40000.0,True,True,True,True,True,True
3220,Arrendatarios,P5140,200000.0,400000.0,2.0,-200000.0,-100000.0,True,True,True,True,True,True
3221,Arrendatarios,P5140,800000.0,1000000.0,1.0,-200000.0,-200000.0,True,True,True,True,True,True
3222,Arrendatarios,P5140,100000.0,300000.0,2.0,-200000.0,-100000.0,True,True,True,True,True,True
3223,Arrendatarios,P5140,300000.0,500000.0,4.0,-200000.0,-50000.0,True,True,True,True,True,True
3224,Arrendatarios,P5140,300000.0,500000.0,2.0,-200000.0,-100000.0,True,True,True,True,True,True
3225,Arrendatarios,P5140,1600000.0,1800000.0,1.0,-200000.0,-200000.0,True,True,True,True,True,True
3226,Arrendatarios,P5140,1000000.0,1200000.0,1.0,-200000.0,-200000.0,True,True,True,True,True,True
3227,Propietarios que pagan su vivienda,P5100,600000.0,800000.0,2.0,-200000.0,-100000.0,True,True,True,True,True,True
3228,Arrendatarios,P5140,150000.0,350000.0,1.0,-200000.0,-200000.0,True,True,True,True,True,True
3229,Arrendatarios,P5140,150000.0,350000.0,2.0,-200000.0,-100000.0,True,True,True,True,True,True
3230,Propietarios que pagan su vivienda,P5100,1300000.0,1500000.0,4.0,-200000.0,-50000.0,True,True,True,True,True,True
3231,Arrendatarios,P5140,200000.0,400000.0,2.0,-200000.0,-100000.0,True,True,True,True,True,True
3232,Arrendatarios,P5140,250000.0,450000.0,3.0,-200000.0,-66666.66666666667,True,True,True,True,True,True
3233,Arrendatarios,P5140,350000.0,550000.0,2.0,-200000.0,-100000.0,True,True,True,True,True,True
3234,Arrendatarios,P5140,300000.0,500000.0,1.0,-200000.0,-200000.0,True,True,True,True,True,True
3235,Arrendatarios,P5140,500000.0,700000.0,1.0,-200000.0,-200000.0,True,True,True,True,True,True
3236,Arrendatarios,P5140,300000.0,500000.0,2.0,-200000.0,-100000.0,True,True,True,True,True,True
3237,Propietarios que pagan su vivienda,P5100,500000.0,700000.0,3.0,-200000.0,-66666.66666666667,True,True,True,True,True,True
3238,Arrendatarios,P5140,300000.0,500000.0,2.0,-200000.0,-100000.0,True,True,True,True,True,True
3239,Arrendatarios,P5140,500000.0,700000.0,1.0,-200000.0,-200000.0,True,True,True,True,True,True
3240,Arrendatarios,P5140,400000.0,600000.0,5.0,-200000.0,-40000.0,True,True,True,True,True,True
3241,Arrendatarios,P5140,200000.0,400000.0,1.0,-200000.0,-200000.0,True,True,True,True,True,True
3242,Arrendatarios,P5140,2000000.0,2200000.0,2.0,-200000.0,-100000.0,True,True,True,True,True,True
3243,Arrendatarios,P5140,500000.0,700000.0,2.0,-200000.0,-100000.0,True,True,True,True,True,True
3244,Arrendatarios,P5140,100000.0,300000.0,1.0,-200000.0,-200000.0,True,True,True,True,True,True
3245,Arrendatarios,P5140,200000.0,400000.0,2.0,-200000.0,-100000.0,True,True,True,True,True,True
3246,Arrendatarios,P5140,150000.0,350000.0,1.0,-200000.0,-200000.0,True,True,True,True,True,True
3247,Arrendatarios,P5140,600000.0,800000.0,2.0,-200000.0,-100000.0,True,True,True,True,True,True
3248,Arrendatarios,P5140,100000.0,300000.0,1.0,-200000.0,-200000.0,True,True,True,True,True,True
3249,Arrendatarios,P5140,500000.0,700000.0,1.0,-200000.0,-200000.0,True,True,True,True,True,True
3250,Arrendatarios,P5140,600000.0,800000.0,1.0,-200000.0,-200000.0,True,True,True,True,True,True
3251,Arrendatarios,P5140,350000.0,550000.0,3.0,-200000.0,-66666.66666666667,True,True,True,True,True,True
3252,Arrendatarios,P5140,250000.0,450000.0,1.0,-200000.0,-200000.0,True,True,True,True,True,True
3253,Arrendatarios,P5140,400000.0,600000.0,1.0,-200000.0,-200000.0,True,True,True,True,True,True
3254,Arrendatarios,P5140,300000.0,500000.0,2.0,-200000.0,-100000.0,True,True,True,True,True,True
3255,Arrendatarios,P5140,1300000.0,1500000.0,1.0,-200000.0,-200000.0,True,True,True,True,True,True
3256,Arrendatarios,P5140,400000.0,600000.0,3.0,-200000.0,-66666.66666666667,True,True,True,True,True,True
3257,Arrendatarios,P5140,500000.0,700000.0,1.0,-200000.0,-200000.0,True,True,True,True,True,True
3258,Arrendatarios,P5140,250000.0,450000.0,1.0,-200000.0,-200000.0,True,True,True,True,True,True
3259,Arrendatarios,P5140,500000.0,700000.0,1.0,-200000.0,-200000.0,True,True,True,True,True,True
3260,Arrendatarios,P5140,300000.0,500000.0,1.0,-200000.0,-200000.0,True,True,True,True,True,True
3261,Arrendatarios,P5140,600000.0,800000.0,3.0,-200000.0,-66666.66666666667,True,True,True,True,True,True
3262,Arrendatarios,P5140,300000.0,500000.0,2.0,-200000.0,-100000.0,True,True,True,True,True,True
3263,Arrendatarios,P5140,150000.0,350000.0,3.0,-200000.0,-66666.66666666667,True,True,True,True,True,True
3264,Arrendatarios,P5140,600000.0,800000.0,3.0,-200000.0,-66666.66666666667,True,True,True,True,True,True
3265,Arrendatarios,P5140,350000.0,550000.0,3.0,-200000.0,-66666.66666666667,True,True,True,True,True,True
3266,Arrendatarios,P5140,700000.0,900000.0,3.0,-200000.0,-66666.66666666667,True,True,True,True,True,True
3267,Arrendatarios,P5140,150000.0,350000.0,5.0,-200000.0,-40000.0,True,True,True,True,True,True
3268,Arrendatarios,P5140,100000.0,300000.0,2.0,-200000.0,-100000.0,True,True,True,True,True,True
3269,Arrendatarios,P5140,450000.0,650000.0,3.0,-200000.0,-66666.66666666667,True,True,True,True,True,True
3270,Arrendatarios,P5140,400000.0,600000.0,3.0,-200000.0,-66666.66666666667,True,True,True,True,True,True
3271,Arrendatarios,P5140,200000.0,400000.0,4.0,-200000.0,-50000.0,True,True,True,True,True,True
3272,Arrendatarios,P5140,300000.0,500000.0,1.0,-200000.0,-200000.0,True,True,True,True,True,True
3273,Arrendatarios,P5140,500000.0,700000.0,3.0,-200000.0,-66666.66666666667,True,True,True,True,True,True
3274,Arrendatarios,P5140,280000.0,480000.0,1.0,-200000.0,-200000.0,True,True,True,True,True,True
3275,Arrendatarios,P5140,800000.0,1000000.0,2.0,-200000.0,-100000.0,True,True,True,True,True,True
3276,Arrendatarios,P5140,900000.0,1100000.0,4.0,-200000.0,-50000.0,True,True,True,True,True,True
3277,Arrendatarios,P5140,300000.0,500000.0,4.0,-200000.0,-50000.0,True,True,True,True,True,True
3278,Propietarios que pagan su vivienda,P5100,500000.0,700000.0,4.0,-200000.0,-50000.0,True,True,True,True,True,True
3279,Arrendatarios,P5140,200000.0,400000.0,2.0,-200000.0,-100000.0,True,True,True,True,True,True
3280,Arrendatarios,P5140,200000.0,400000.0,3.0,-200000.0,-66666.66666666667,True,True,True,True,True,True
3281,Arrendatarios,P5140,200000.0,400000.0,2.0,-200000.0,-100000.0,True,True,True,True,True,True
3282,Arrendatarios,P5140,500000.0,700000.0,3.0,-200000.0,-66666.66666666667,True,True,True,True,True,True
3283,Arrendatarios,P5140,400000.0,600000.0,5.0,-200000.0,-40000.0,True,True,True,True,True,True
3284,Arrendatarios,P5140,300000.0,500000.0,3.0,-200000.0,-66666.66666666667,True,True,True,True,True,True
3285,Arrendatarios,P5140,100000.0,300000.0,1.0,-200000.0,-200000.0,True,True,True,True,True,True
3286,Arrendatarios,P5140,300000.0,500000.0,4.0,-200000.0,-50000.0,True,True,True,True,True,True
3287,Arrendatarios,P5140,1500000.0,1700000.0,2.0,-200000.0,-100000.0,True,True,True,True,True,True
3288,Arrendatarios,P5140,1000000.0,1200000.0,3.0,-200000.0,-66666.66666666667,True,True,True,True,True,True
3289,Arrendatarios,P5140,100000.0,300000.0,1.0,-200000.0,-200000.0,True,True,True,True,True,True
3290,Propietarios que pagan su vivienda,P5100,400000.0,600000.0,4.0,-200000.0,-50000.0,True,True,True,True,True,True
3291,Arrendatarios,P5140,200000.0,400000.0,1.0,-200000.0,-200000.0,True,True,True,True,True,True
3292,Arrendatarios,P5140,800000.0,1000000.0,2.0,-200000.0,-100000.0,True,True,True,True,True,True
3293,Arrendatarios,P5140,250000.0,450000.0,2.0,-200000.0,-100000.0,True,True,True,True,True,True
3294,Arrendatarios,P5140,400000.0,600000.0,3.0,-200000.0,-66666.66666666667,True,True,True,True,True,True
3295,Arrendatarios,P5140,200000.0,400000.0,1.0,-200000.0,-200000.0,True,True,True,True,True,True
3296,Arrendatarios,P5140,200000.0,400000.0,1.0,-200000.0,-200000.0,True,True,True,True,True,True
3297,Arrendatarios,P5140,600000.0,800000.0,2.0,-200000.0,-100000.0,True,True,True,True,True,True
3298,Arrendatarios,P5140,150000.0,350000.0,3.0,-200000.0,-66666.66666666667,True,True,True,True,True,True
3299,Arrendatarios,P5140,100000.0,300000.0,4.0,-200000.0,-50000.0,True,True,True,True,True,True
3300,Arrendatarios,P5140,400000.0,600000.0,3.0,-200000.0,-66666.66666666667,True,True,True,True,True,True
3301,Arrendatarios,P5140,400000.0,600000.0,2.0,-200000.0,-100000.0,True,True,True,True,True,True
3302,Arrendatarios,P5140,250000.0,450000.0,2.0,-200000.0,-100000.0,True,True,True,True,True,True
3303,Arrendatarios,P5140,100000.0,300000.0,1.0,-200000.0,-200000.0,True,True,True,True,True,True
3304,Arrendatarios,P5140,200000.0,400000.0,3.0,-200000.0,-66666.66666666667,True,True,True,True,True,True
3305,Arrendatarios,P5140,400000.0,600000.0,1.0,-200000.0,-200000.0,True,True,True,True,True,True
3306,Arrendatarios,P5140,50000.0,250000.0,3.0,-200000.0,-66666.66666666667,True,True,True,True,True,True
3307,Arrendatarios,P5140,200000.0,400000.0,3.0,-200000.0,-66666.66666666667,True,True,True,True,True,True
3308,Arrendatarios,P5140,450000.0,650000.0,3.0,-200000.0,-66666.66666666667,True,True,True,True,True,True
3309,Arrendatarios,P5140,100000.0,300000.0,1.0,-200000.0,-200000.0,True,True,True,True,True,True
3310,Arrendatarios,P5140,300000.0,500000.0,2.0,-200000.0,-100000.0,True,True,True,True,True,True
3311,Arrendatarios,P5140,200000.0,400000.0,5.0,-200000.0,-40000.0,True,True,True,True,True,True
3312,Arrendatarios,P5140,200000.0,400000.0,1.0,-200000.0,-200000.0,True,True,True,True,True,True
3313,Arrendatarios,P5140,500000.0,700000.0,2.0,-200000.0,-100000.0,True,True,True,True,True,True
3314,Arrendatarios,P5140,400000.0,600000.0,1.0,-200000.0,-200000.0,True,True,True,True,True,True
3315,Arrendatarios,P5140,300000.0,500000.0,1.0,-200000.0,-200000.0,True,True,True,True,True,True
3316,Arrendatarios,P5140,1300000.0,1500000.0,1.0,-200000.0,-200000.0,True,True,True,True,True,True
3317,Arrendatarios,P5140,40.0,200000.0,1.0,-199960.0,-199960.0,True,True,True,True,True,True
3318,Arrendatarios,P5140,60.0,200000.0,1.0,-199940.0,-199940.0,True,True,True,True,True,True
3319,Arrendatarios,P5140,201666.66666666666,400000.0,2.0,-198333.33333333334,-99166.66666666667,True,True,True,True,True,True
3320,Arrendatarios,P5140,161666.66666666666,360000.0,5.0,-198333.33333333334,-39666.66666666667,True,True,True,True,True,True
3321,Propietarios que pagan su vivienda,P5100,261666.66666666666,460000.0,5.0,-198333.33333333334,-39666.66666666667,True,True,True,True,True,True
3322,Arrendatarios,P5140,633333.3333333333,830000.0,1.0,-196666.66666666674,-196666.66666666674,True,True,True,True,True,True
3323,Arrendatarios,P5140,83333.33333333333,280000.0,3.0,-196666.6666666667,-65555.55555555556,True,True,True,True,True,True
3324,Arrendatarios,P5140,54166.666666666664,250000.0,1.0,-195833.33333333334,-195833.33333333334,True,True,True,True,True,True
3325,Propietarios que pagan su vivienda,P5100,105000.0,300000.0,1.0,-195000.0,-195000.0,True,True,True,True,True,True
3326,Arrendatarios,P5140,305000.0,500000.0,2.0,-195000.0,-97500.0,True,True,True,True,True,True
3327,Arrendatarios,P5140,355000.0,550000.0,2.0,-195000.0,-97500.0,True,True,True,True,True,True
3328,Arrendatarios,P5140,105000.0,300000.0,1.0,-195000.0,-195000.0,True,True,True,True,True,True
3329,Arrendatarios,P5140,105000.0,300000.0,1.0,-195000.0,-195000.0,True,True,True,True,True,True
3330,Arrendatarios,P5140,755000.0,950000.0,4.0,-195000.0,-48750.0,True,True,True,True,True,True
3331,Arrendatarios,P5140,55833.33333333333,250000.0,4.0,-194166.6666666667,-48541.66666666667,True,True,True,True,True,True
3332,Arrendatarios,P5140,250000.0,442000.0,1.0,-192000.0,-192000.0,True,True,True,True,True,True
3333,Arrendatarios,P5140,358333.3333333333,550000.0,2.0,-191666.6666666667,-95833.33333333334,True,True,True,True,True,True
3334,Arrendatarios,P5140,208333.3333333333,400000.0,5.0,-191666.6666666667,-38333.333333333336,True,True,True,True,True,True
3335,Arrendatarios,P5140,508333.3333333333,700000.0,4.0,-191666.6666666667,-47916.66666666667,True,True,True,True,True,True
3336,Arrendatarios,P5140,208333.3333333333,400000.0,2.0,-191666.6666666667,-95833.33333333334,True,True,True,True,True,True
3337,Arrendatarios,P5140,108333.33333333333,300000.0,1.0,-191666.6666666667,-191666.6666666667,True,True,True,True,True,True
3338,Arrendatarios,P5140,408333.3333333333,600000.0,3.0,-191666.6666666667,-63888.8888888889,True,True,True,True,True,True
3339,Arrendatarios,P5140,108333.33333333333,300000.0,1.0,-191666.6666666667,-191666.6666666667,True,True,True,True,True,True
3340,Arrendatarios,P5140,408333.3333333333,600000.0,5.0,-191666.6666666667,-38333.333333333336,True,True,True,True,True,True
3341,Arrendatarios,P5140,208333.33333333334,400000.0,3.0,-191666.66666666666,-63888.88888888888,True,True,True,True,True,True
3342,Arrendatarios,P5140,108333.33333333334,300000.0,4.0,-191666.66666666666,-47916.666666666664,True,True,True,True,True,True
3343,Arrendatarios,P5140,58333.333333333336,250000.0,3.0,-191666.66666666666,-63888.88888888888,True,True,True,True,True,True
3344,Arrendatarios,P5140,208333.33333333334,400000.0,2.0,-191666.66666666666,-95833.33333333333,True,True,True,True,True,True
3345,Arrendatarios,P5140,208333.33333333334,400000.0,3.0,-191666.66666666666,-63888.88888888888,True,True,True,True,True,True
3346,Arrendatarios,P5140,208333.33333333334,400000.0,2.0,-191666.66666666666,-95833.33333333333,True,True,True,True,True,True
3347,Arrendatarios,P5140,208333.33333333334,400000.0,2.0,-191666.66666666666,-95833.33333333333,True,True,True,True,True,True
3348,Arrendatarios,P5140,408333.3333333334,600000.0,2.0,-191666.66666666663,-95833.33333333331,True,True,True,True,True,True
3349,Arrendatarios,P5140,458333.3333333334,650000.0,2.0,-191666.66666666663,-95833.33333333331,True,True,True,True,True,True
3350,Arrendatarios,P5140,678666.6666666666,870000.0,3.0,-191333.33333333337,-63777.77777777779,True,True,True,True,True,True
3351,Arrendatarios,P5140,80000.0,270000.0,1.0,-190000.0,-190000.0,True,True,True,True,True,True
3352,Arrendatarios,P5140,560000.0,750000.0,1.0,-190000.0,-190000.0,True,True,True,True,True,True
3353,Arrendatarios,P5140,160000.0,350000.0,1.0,-190000.0,-190000.0,True,True,True,True,True,True
3354,Arrendatarios,P5140,310000.0,500000.0,1.0,-190000.0,-190000.0,True,True,True,True,True,True
3355,Arrendatarios,P5140,1300000.0,1490000.0,1.0,-190000.0,-190000.0,True,True,True,True,True,True
3356,Arrendatarios,P5140,80000.0,270000.0,1.0,-190000.0,-190000.0,True,True,True,True,True,True
3357,Arrendatarios,P5140,410000.0,600000.0,1.0,-190000.0,-190000.0,True,True,True,True,True,True
3358,Arrendatarios,P5140,110000.0,300000.0,1.0,-190000.0,-190000.0,True,True,True,True,True,True
3359,Arrendatarios,P5140,210000.0,400000.0,4.0,-190000.0,-47500.0,True,True,True,True,True,True
3360,Arrendatarios,P5140,60000.0,250000.0,1.0,-190000.0,-190000.0,True,True,True,True,True,True
3361,Arrendatarios,P5140,160000.0,350000.0,2.0,-190000.0,-95000.0,True,True,True,True,True,True
3362,Arrendatarios,P5140,310000.0,500000.0,2.0,-190000.0,-95000.0,True,True,True,True,True,True
3363,Arrendatarios,P5140,100000.00000000001,290000.0,16.0,-190000.0,-11875.0,True,True,True,True,True,True
3364,Arrendatarios,P5140,310833.3333333333,500000.0,2.0,-189166.6666666667,-94583.33333333334,True,True,True,True,True,True
3365,Arrendatarios,P5140,111666.66666666667,300000.0,4.0,-188333.3333333333,-47083.33333333333,True,True,True,True,True,True
3366,Arrendatarios,P5140,132500.0,320000.0,2.0,-187500.0,-93750.0,True,True,True,True,True,True
3367,Arrendatarios,P5140,12500.0,200000.0,2.0,-187500.0,-93750.0,True,True,True,True,True,True
3368,Arrendatarios,P5140,112500.0,300000.0,1.0,-187500.0,-187500.0,True,True,True,True,True,True
3369,Arrendatarios,P5140,312500.0,500000.0,3.0,-187500.0,-62500.0,True,True,True,True,True,True
3370,Arrendatarios,P5140,12500.0,200000.0,2.0,-187500.0,-93750.0,True,True,True,True,True,True
3371,Arrendatarios,P5140,512666.66666666674,700000.0,3.0,-187333.33333333326,-62444.444444444416,True,True,True,True,True,True
3372,Arrendatarios,P5140,313333.3333333333,500000.0,2.0,-186666.6666666667,-93333.33333333334,True,True,True,True,True,True
3373,Arrendatarios,P5140,33333.333333333336,220000.0,3.0,-186666.66666666666,-62222.22222222222,True,True,True,True,True,True
3374,Propietarios que pagan su vivienda,P5100,400000.0,584000.0,2.0,-184000.0,-92000.0,True,True,True,True,True,True
3375,Arrendatarios,P5140,666666.6666666666,850000.0,1.0,-183333.33333333337,-183333.33333333337,True,True,True,True,True,True
3376,Arrendatarios,P5140,416666.6666666666,600000.0,2.0,-183333.33333333337,-91666.66666666669,True,True,True,True,True,True
3377,Arrendatarios,P5140,266666.6666666666,450000.0,2.0,-183333.33333333337,-91666.66666666669,True,True,True,True,True,True
3378,Arrendatarios,P5140,416666.6666666666,600000.0,4.0,-183333.33333333337,-45833.33333333334,True,True,True,True,True,True
3379,Arrendatarios,P5140,16666.666666666668,200000.0,1.0,-183333.33333333334,-183333.33333333334,True,True,True,True,True,True
3380,Arrendatarios,P5140,166666.66666666666,350000.0,1.0,-183333.33333333334,-183333.33333333334,True,True,True,True,True,True
3381,Arrendatarios,P5140,166666.66666666666,350000.0,3.0,-183333.33333333334,-61111.11111111112,True,True,True,True,True,True
3382,Arrendatarios,P5140,166666.66666666666,350000.0,3.0,-183333.33333333334,-61111.11111111112,True,True,True,True,True,True
3383,Arrendatarios,P5140,166666.66666666666,350000.0,1.0,-183333.33333333334,-183333.33333333334,True,True,True,True,True,True
3384,Arrendatarios,P5140,16666.666666666668,200000.0,2.0,-183333.33333333334,-91666.66666666667,True,True,True,True,True,True
3385,Arrendatarios,P5140,216666.66666666666,400000.0,1.0,-183333.33333333334,-183333.33333333334,True,True,True,True,True,True
3386,Arrendatarios,P5140,166666.66666666666,350000.0,3.0,-183333.33333333334,-61111.11111111112,True,True,True,True,True,True
3387,Arrendatarios,P5140,216666.66666666666,400000.0,2.0,-183333.33333333334,-91666.66666666667,True,True,True,True,True,True
3388,Arrendatarios,P5140,166666.66666666666,350000.0,3.0,-183333.33333333334,-61111.11111111112,True,True,True,True,True,True
3389,Arrendatarios,P5140,166666.66666666666,350000.0,2.0,-183333.33333333334,-91666.66666666667,True,True,True,True,True,True
3390,Arrendatarios,P5140,166666.66666666666,350000.0,1.0,-183333.33333333334,-183333.33333333334,True,True,True,True,True,True
3391,Arrendatarios,P5140,16666.666666666668,200000.0,2.0,-183333.33333333334,-91666.66666666667,True,True,True,True,True,True
3392,Arrendatarios,P5140,166666.66666666666,350000.0,1.0,-183333.33333333334,-183333.33333333334,True,True,True,True,True,True
3393,Arrendatarios,P5140,166666.66666666666,350000.0,3.0,-183333.33333333334,-61111.11111111112,True,True,True,True,True,True
3394,Arrendatarios,P5140,166666.66666666666,350000.0,2.0,-183333.33333333334,-91666.66666666667,True,True,True,True,True,True
3395,Arrendatarios,P5140,166666.66666666666,350000.0,1.0,-183333.33333333334,-183333.33333333334,True,True,True,True,True,True
3396,Arrendatarios,P5140,166666.66666666666,350000.0,1.0,-183333.33333333334,-183333.33333333334,True,True,True,True,True,True
3397,Arrendatarios,P5140,166666.66666666666,350000.0,1.0,-183333.33333333334,-183333.33333333334,True,True,True,True,True,True
3398,Arrendatarios,P5140,16666.666666666668,200000.0,1.0,-183333.33333333334,-183333.33333333334,True,True,True,True,True,True
3399,Arrendatarios,P5140,166666.66666666666,350000.0,4.0,-183333.33333333334,-45833.333333333336,True,True,True,True,True,True
3400,Arrendatarios,P5140,16666.666666666668,200000.0,2.0,-183333.33333333334,-91666.66666666667,True,True,True,True,True,True
3401,Arrendatarios,P5140,116666.66666666666,300000.0,2.0,-183333.33333333334,-91666.66666666667,True,True,True,True,True,True
3402,Arrendatarios,P5140,266666.6666666667,450000.0,3.0,-183333.3333333333,-61111.1111111111,True,True,True,True,True,True
3403,Arrendatarios,P5140,116666.66666666667,300000.0,3.0,-183333.3333333333,-61111.1111111111,True,True,True,True,True,True
3404,Arrendatarios,P5140,66666.66666666667,250000.0,4.0,-183333.3333333333,-45833.33333333333,True,True,True,True,True,True
3405,Arrendatarios,P5140,416666.6666666667,600000.0,1.0,-183333.3333333333,-183333.3333333333,True,True,True,True,True,True
3406,Arrendatarios,P5140,416666.6666666667,600000.0,1.0,-183333.3333333333,-183333.3333333333,True,True,True,True,True,True
3407,Arrendatarios,P5140,416666.6666666667,600000.0,1.0,-183333.3333333333,-183333.3333333333,True,True,True,True,True,True
3408,Arrendatarios,P5140,416666.6666666667,600000.0,3.0,-183333.3333333333,-61111.1111111111,True,True,True,True,True,True
3409,Arrendatarios,P5140,316666.6666666667,500000.0,3.0,-183333.3333333333,-61111.1111111111,True,True,True,True,True,True
3410,Arrendatarios,P5140,316666.6666666667,500000.0,8.0,-183333.3333333333,-22916.666666666664,True,True,True,True,True,True
3411,Arrendatarios,P5140,516666.6666666667,700000.0,2.0,-183333.3333333333,-91666.66666666666,True,True,True,True,True,True
3412,Arrendatarios,P5140,66666.66666666667,250000.0,1.0,-183333.3333333333,-183333.3333333333,True,True,True,True,True,True
3413,Arrendatarios,P5140,416666.6666666667,600000.0,3.0,-183333.3333333333,-61111.1111111111,True,True,True,True,True,True
3414,Arrendatarios,P5140,416666.6666666667,600000.0,2.0,-183333.3333333333,-91666.66666666666,True,True,True,True,True,True
3415,Arrendatarios,P5140,416666.6666666667,600000.0,1.0,-183333.3333333333,-183333.3333333333,True,True,True,True,True,True
3416,Arrendatarios,P5140,416666.6666666667,600000.0,2.0,-183333.3333333333,-91666.66666666666,True,True,True,True,True,True
3417,Arrendatarios,P5140,516666.6666666667,700000.0,3.0,-183333.3333333333,-61111.1111111111,True,True,True,True,True,True
3418,Arrendatarios,P5140,366666.6666666667,550000.0,2.0,-183333.3333333333,-91666.66666666666,True,True,True,True,True,True
3419,Arrendatarios,P5140,466666.6666666667,650000.0,2.0,-183333.3333333333,-91666.66666666666,True,True,True,True,True,True
3420,Arrendatarios,P5140,416666.6666666667,600000.0,1.0,-183333.3333333333,-183333.3333333333,True,True,True,True,True,True
3421,Arrendatarios,P5140,316666.6666666667,500000.0,1.0,-183333.3333333333,-183333.3333333333,True,True,True,True,True,True
3422,Arrendatarios,P5140,416666.6666666667,600000.0,1.0,-183333.3333333333,-183333.3333333333,True,True,True,True,True,True
3423,Arrendatarios,P5140,116666.66666666667,300000.0,1.0,-183333.3333333333,-183333.3333333333,True,True,True,True,True,True
3424,Arrendatarios,P5140,516666.6666666667,700000.0,1.0,-183333.3333333333,-183333.3333333333,True,True,True,True,True,True
3425,Arrendatarios,P5140,416666.6666666667,600000.0,2.0,-183333.3333333333,-91666.66666666666,True,True,True,True,True,True
3426,Arrendatarios,P5140,66666.66666666667,250000.0,1.0,-183333.3333333333,-183333.3333333333,True,True,True,True,True,True
3427,Arrendatarios,P5140,416666.6666666667,600000.0,1.0,-183333.3333333333,-183333.3333333333,True,True,True,True,True,True
3428,Arrendatarios,P5140,416666.6666666667,600000.0,2.0,-183333.3333333333,-91666.66666666666,True,True,True,True,True,True
3429,Arrendatarios,P5140,1316666.6666666667,1500000.0,2.0,-183333.33333333326,-91666.66666666663,True,True,True,True,True,True
3430,Arrendatarios,P5140,816666.6666666667,1000000.0,2.0,-183333.33333333326,-91666.66666666663,True,True,True,True,True,True
3431,Arrendatarios,P5140,318000.0,500000.0,4.0,-182000.0,-45500.0,True,True,True,True,True,True
3432,Arrendatarios,P5140,79166.66666666667,260000.0,2.0,-180833.3333333333,-90416.66666666666,True,True,True,True,True,True
3433,Arrendatarios,P5140,519166.6666666667,700000.0,3.0,-180833.3333333333,-60277.777777777774,True,True,True,True,True,True
3434,Arrendatarios,P5140,69166.66666666667,250000.0,1.0,-180833.3333333333,-180833.3333333333,True,True,True,True,True,True
3435,Arrendatarios,P5140,300000.0,480000.0,2.0,-180000.0,-90000.0,True,True,True,True,True,True
3436,Arrendatarios,P5140,200000.0,380000.0,2.0,-180000.0,-90000.0,True,True,True,True,True,True
3437,Arrendatarios,P5140,500000.0,680000.0,2.0,-180000.0,-90000.0,True,True,True,True,True,True
3438,Arrendatarios,P5140,120000.0,300000.0,1.0,-180000.0,-180000.0,True,True,True,True,True,True
3439,Arrendatarios,P5140,500000.0,680000.0,2.0,-180000.0,-90000.0,True,True,True,True,True,True
3440,Arrendatarios,P5140,150000.0,330000.0,1.0,-180000.0,-180000.0,True,True,True,True,True,True
3441,Arrendatarios,P5140,250000.0,430000.0,1.0,-180000.0,-180000.0,True,True,True,True,True,True
3442,Arrendatarios,P5140,70000.0,250000.0,1.0,-180000.0,-180000.0,True,True,True,True,True,True
3443,Arrendatarios,P5140,120000.0,300000.0,5.0,-180000.0,-36000.0,True,True,True,True,True,True
3444,Arrendatarios,P5140,300000.0,480000.0,3.0,-180000.0,-60000.0,True,True,True,True,True,True
3445,Arrendatarios,P5140,320000.0,500000.0,1.0,-180000.0,-180000.0,True,True,True,True,True,True
3446,Arrendatarios,P5140,200000.0,380000.0,3.0,-180000.0,-60000.0,True,True,True,True,True,True
3447,Arrendatarios,P5140,300000.0,480000.0,2.0,-180000.0,-90000.0,True,True,True,True,True,True
3448,Arrendatarios,P5140,200000.0,380000.0,2.0,-180000.0,-90000.0,True,True,True,True,True,True
3449,Arrendatarios,P5140,300000.0,480000.0,3.0,-180000.0,-60000.0,True,True,True,True,True,True
3450,Arrendatarios,P5140,120000.0,300000.0,1.0,-180000.0,-180000.0,True,True,True,True,True,True
3451,Arrendatarios,P5140,400000.0,580000.0,2.0,-180000.0,-90000.0,True,True,True,True,True,True
3452,Arrendatarios,P5140,300000.0,480000.0,4.0,-180000.0,-45000.0,True,True,True,True,True,True
3453,Arrendatarios,P5140,120000.0,300000.0,2.0,-180000.0,-90000.0,True,True,True,True,True,True
3454,Arrendatarios,P5140,420000.0,600000.0,4.0,-180000.0,-45000.0,True,True,True,True,True,True
3455,Arrendatarios,P5140,200000.0,380000.0,1.0,-180000.0,-180000.0,True,True,True,True,True,True
3456,Arrendatarios,P5140,100000.0,280000.0,1.0,-180000.0,-180000.0,True,True,True,True,True,True
3457,Arrendatarios,P5140,220000.0,400000.0,2.0,-180000.0,-90000.0,True,True,True,True,True,True
3458,Arrendatarios,P5140,570833.3333333333,750000.0,4.0,-179166.66666666674,-44791.666666666686,True,True,True,True,True,True
3459,Arrendatarios,P5140,70833.33333333333,250000.0,3.0,-179166.6666666667,-59722.222222222226,True,True,True,True,True,True
3460,Arrendatarios,P5140,20833.333333333332,200000.0,2.0,-179166.66666666666,-89583.33333333333,True,True,True,True,True,True
3461,Arrendatarios,P5140,220833.33333333334,400000.0,1.0,-179166.66666666666,-179166.66666666666,True,True,True,True,True,True
3462,Arrendatarios,P5140,470833.3333333334,650000.0,2.0,-179166.66666666663,-89583.33333333331,True,True,True,True,True,True
3463,Arrendatarios,P5140,421666.6666666667,600000.0,2.0,-178333.3333333333,-89166.66666666666,True,True,True,True,True,True
3464,Arrendatarios,P5140,172166.6666666667,350000.0,3.0,-177833.3333333333,-59277.777777777774,True,True,True,True,True,True
3465,Arrendatarios,P5140,92500.0,270000.0,1.0,-177500.0,-177500.0,True,True,True,True,True,True
3466,Propietarios que pagan su vivienda,P5100,1423000.0,1600000.0,2.0,-177000.0,-88500.0,True,True,True,True,True,True
3467,Arrendatarios,P5140,1423000.0,1600000.0,2.0,-177000.0,-88500.0,True,True,True,True,True,True
3468,Arrendatarios,P5140,1423500.0,1600000.0,3.0,-176500.0,-58833.333333333336,True,True,True,True,True,True
3469,Propietarios que pagan su vivienda,P5100,1423500.0,1600000.0,1.0,-176500.0,-176500.0,True,True,True,True,True,True
3470,Arrendatarios,P5140,125000.0,300000.0,1.0,-175000.0,-175000.0,True,True,True,True,True,True
3471,Arrendatarios,P5140,375000.0,550000.0,4.0,-175000.0,-43750.0,True,True,True,True,True,True
3472,Arrendatarios,P5140,625000.0,800000.0,8.0,-175000.0,-21875.0,True,True,True,True,True,True
3473,Arrendatarios,P5140,75000.0,250000.0,1.0,-175000.0,-175000.0,True,True,True,True,True,True
3474,Arrendatarios,P5140,225000.0,400000.0,6.0,-175000.0,-29166.666666666668,True,True,True,True,True,True
3475,Arrendatarios,P5140,475000.0,650000.0,3.0,-175000.0,-58333.333333333336,True,True,True,True,True,True
3476,Arrendatarios,P5140,125000.0,300000.0,1.0,-175000.0,-175000.0,True,True,True,True,True,True
3477,Arrendatarios,P5140,125000.0,300000.0,3.0,-175000.0,-58333.333333333336,True,True,True,True,True,True
3478,Arrendatarios,P5140,75000.0,250000.0,2.0,-175000.0,-87500.0,True,True,True,True,True,True
3479,Arrendatarios,P5140,25000.0,200000.0,3.0,-175000.0,-58333.333333333336,True,True,True,True,True,True
3480,Arrendatarios,P5140,125000.0,300000.0,5.0,-175000.0,-35000.0,True,True,True,True,True,True
3481,Arrendatarios,P5140,425000.0,600000.0,4.0,-175000.0,-43750.0,True,True,True,True,True,True
3482,Arrendatarios,P5140,150000.0,325000.0,1.0,-175000.0,-175000.0,True,True,True,True,True,True
3483,Arrendatarios,P5140,375000.0,550000.0,2.0,-175000.0,-87500.0,True,True,True,True,True,True
3484,Arrendatarios,P5140,475000.0,650000.0,7.0,-175000.0,-25000.0,True,True,True,True,True,True
3485,Arrendatarios,P5140,25000.0,200000.0,2.0,-175000.0,-87500.0,True,True,True,True,True,True
3486,Arrendatarios,P5140,375000.0,550000.0,2.0,-175000.0,-87500.0,True,True,True,True,True,True
3487,Arrendatarios,P5140,125000.0,300000.0,2.0,-175000.0,-87500.0,True,True,True,True,True,True
3488,Arrendatarios,P5140,625000.0,800000.0,3.0,-175000.0,-58333.333333333336,True,True,True,True,True,True
3489,Arrendatarios,P5140,125000.0,300000.0,2.0,-175000.0,-87500.0,True,True,True,True,True,True
3490,Arrendatarios,P5140,125000.0,300000.0,1.0,-175000.0,-175000.0,True,True,True,True,True,True
3491,Arrendatarios,P5140,125000.0,300000.0,1.0,-175000.0,-175000.0,True,True,True,True,True,True
3492,Arrendatarios,P5140,125000.0,300000.0,1.0,-175000.0,-175000.0,True,True,True,True,True,True
3493,Arrendatarios,P5140,25000.0,200000.0,1.0,-175000.0,-175000.0,True,True,True,True,True,True
3494,Arrendatarios,P5140,125000.0,300000.0,1.0,-175000.0,-175000.0,True,True,True,True,True,True
3495,Arrendatarios,P5140,1125000.0,1300000.0,3.0,-175000.0,-58333.333333333336,True,True,True,True,True,True
3496,Arrendatarios,P5140,175000.0,350000.0,4.0,-175000.0,-43750.0,True,True,True,True,True,True
3497,Arrendatarios,P5140,125000.0,300000.0,4.0,-175000.0,-43750.0,True,True,True,True,True,True
3498,Propietarios que pagan su vivienda,P5100,350000.0,525000.0,2.0,-175000.0,-87500.0,True,True,True,True,True,True
3499,Arrendatarios,P5140,1325000.0,1500000.0,3.0,-175000.0,-58333.333333333336,True,True,True,True,True,True
3500,Arrendatarios,P5140,125000.0,300000.0,4.0,-175000.0,-43750.0,True,True,True,True,True,True
3501,Arrendatarios,P5140,75000.0,250000.0,2.0,-175000.0,-87500.0,True,True,True,True,True,True
3502,Arrendatarios,P5140,125000.0,300000.0,3.0,-175000.0,-58333.333333333336,True,True,True,True,True,True
3503,Arrendatarios,P5140,375000.0,550000.0,1.0,-175000.0,-175000.0,True,True,True,True,True,True
3504,Arrendatarios,P5140,225000.0,400000.0,2.0,-175000.0,-87500.0,True,True,True,True,True,True
3505,Propietarios que pagan su vivienda,P5100,925000.0,1100000.0,1.0,-175000.0,-175000.0,True,True,True,True,True,True
3506,Arrendatarios,P5140,325000.0,500000.0,2.0,-175000.0,-87500.0,True,True,True,True,True,True
3507,Arrendatarios,P5140,125000.0,300000.0,3.0,-175000.0,-58333.333333333336,True,True,True,True,True,True
3508,Arrendatarios,P5140,25000.0,200000.0,3.0,-175000.0,-58333.333333333336,True,True,True,True,True,True
3509,Arrendatarios,P5140,25000.0,200000.0,1.0,-175000.0,-175000.0,True,True,True,True,True,True
3510,Arrendatarios,P5140,225000.0,400000.0,2.0,-175000.0,-87500.0,True,True,True,True,True,True
3511,Arrendatarios,P5140,375000.0,550000.0,3.0,-175000.0,-58333.333333333336,True,True,True,True,True,True
3512,Arrendatarios,P5140,25000.0,200000.0,1.0,-175000.0,-175000.0,True,True,True,True,True,True
3513,Arrendatarios,P5140,125000.0,300000.0,3.0,-175000.0,-58333.333333333336,True,True,True,True,True,True
3514,Propietarios que pagan su vivienda,P5100,1026500.0,1200000.0,2.0,-173500.0,-86750.0,True,True,True,True,True,True
3515,Arrendatarios,P5140,166666.66666666666,340000.0,3.0,-173333.33333333334,-57777.77777777778,True,True,True,True,True,True
3516,Arrendatarios,P5140,277333.3333333334,450000.0,4.0,-172666.66666666663,-43166.66666666666,True,True,True,True,True,True
3517,Arrendatarios,P5140,208333.3333333333,380000.0,2.0,-171666.6666666667,-85833.33333333334,True,True,True,True,True,True
3518,Arrendatarios,P5140,308333.3333333333,480000.0,5.0,-171666.6666666667,-34333.333333333336,True,True,True,True,True,True
3519,Arrendatarios,P5140,29166.666666666668,200000.0,1.0,-170833.33333333334,-170833.33333333334,True,True,True,True,True,True
3520,Arrendatarios,P5140,179166.66666666666,350000.0,1.0,-170833.33333333334,-170833.33333333334,True,True,True,True,True,True
3521,Arrendatarios,P5140,29166.666666666668,200000.0,1.0,-170833.33333333334,-170833.33333333334,True,True,True,True,True,True
3522,Arrendatarios,P5140,329166.6666666667,500000.0,2.0,-170833.3333333333,-85416.66666666666,True,True,True,True,True,True
3523,Arrendatarios,P5140,30000.0,200000.0,1.0,-170000.0,-170000.0,True,True,True,True,True,True
3524,Arrendatarios,P5140,300000.0,470000.0,1.0,-170000.0,-170000.0,True,True,True,True,True,True
3525,Arrendatarios,P5140,80000.0,250000.0,2.0,-170000.0,-85000.0,True,True,True,True,True,True
3526,Arrendatarios,P5140,80000.0,250000.0,1.0,-170000.0,-170000.0,True,True,True,True,True,True
3527,Arrendatarios,P5140,50000.0,220000.0,1.0,-170000.0,-170000.0,True,True,True,True,True,True
3528,Arrendatarios,P5140,300000.0,470000.0,2.0,-170000.0,-85000.0,True,True,True,True,True,True
3529,Arrendatarios,P5140,830000.0,1000000.0,5.0,-170000.0,-34000.0,True,True,True,True,True,True
3530,Arrendatarios,P5140,130000.0,300000.0,1.0,-170000.0,-170000.0,True,True,True,True,True,True
3531,Arrendatarios,P5140,780000.0,950000.0,2.0,-170000.0,-85000.0,True,True,True,True,True,True
3532,Arrendatarios,P5140,210000.0,380000.0,1.0,-170000.0,-170000.0,True,True,True,True,True,True
3533,Arrendatarios,P5140,500000.0,670000.0,1.0,-170000.0,-170000.0,True,True,True,True,True,True
3534,Propietarios que pagan su vivienda,P5100,30000.0,200000.0,4.0,-170000.0,-42500.0,True,True,True,True,True,True
3535,Arrendatarios,P5140,230000.0,400000.0,2.0,-170000.0,-85000.0,True,True,True,True,True,True
3536,Arrendatarios,P5140,430000.0,600000.0,1.0,-170000.0,-170000.0,True,True,True,True,True,True
3537,Arrendatarios,P5140,330000.0,500000.0,3.0,-170000.0,-56666.666666666664,True,True,True,True,True,True
3538,Arrendatarios,P5140,250000.0,420000.0,2.0,-170000.0,-85000.0,True,True,True,True,True,True
3539,Arrendatarios,P5140,150000.0,320000.0,3.0,-170000.0,-56666.666666666664,True,True,True,True,True,True
3540,Arrendatarios,P5140,200000.0,370000.0,2.0,-170000.0,-85000.0,True,True,True,True,True,True
3541,Arrendatarios,P5140,80000.0,250000.0,3.0,-170000.0,-56666.666666666664,True,True,True,True,True,True
3542,Arrendatarios,P5140,80000.0,250000.0,4.0,-170000.0,-42500.0,True,True,True,True,True,True
3543,Arrendatarios,P5140,230000.0,400000.0,1.0,-170000.0,-170000.0,True,True,True,True,True,True
3544,Arrendatarios,P5140,310000.0,480000.0,2.0,-170000.0,-85000.0,True,True,True,True,True,True
3545,Arrendatarios,P5140,1000000.0,1170000.0,4.0,-170000.0,-42500.0,True,True,True,True,True,True
3546,Arrendatarios,P5140,80000.0,250000.0,1.0,-170000.0,-170000.0,True,True,True,True,True,True
3547,Arrendatarios,P5140,280000.0,450000.0,2.0,-170000.0,-85000.0,True,True,True,True,True,True
3548,Arrendatarios,P5140,280000.0,450000.0,3.0,-170000.0,-56666.666666666664,True,True,True,True,True,True
3549,Arrendatarios,P5140,700000.0,870000.0,3.0,-170000.0,-56666.666666666664,True,True,True,True,True,True
3550,Arrendatarios,P5140,100000.0,270000.0,2.0,-170000.0,-85000.0,True,True,True,True,True,True
3551,Arrendatarios,P5140,480000.0,650000.0,3.0,-170000.0,-56666.666666666664,True,True,True,True,True,True
3552,Arrendatarios,P5140,50000.0,220000.0,1.0,-170000.0,-170000.0,True,True,True,True,True,True
3553,Arrendatarios,P5140,180000.0,350000.0,1.0,-170000.0,-170000.0,True,True,True,True,True,True
3554,Arrendatarios,P5140,181666.6666666667,350000.0,2.0,-168333.3333333333,-84166.66666666666,True,True,True,True,True,True
3555,Arrendatarios,P5140,633333.3333333333,800000.0,2.0,-166666.66666666674,-83333.33333333337,True,True,True,True,True,True
3556,Arrendatarios,P5140,83333.33333333333,250000.0,3.0,-166666.6666666667,-55555.55555555556,True,True,True,True,True,True
3557,Arrendatarios,P5140,433333.3333333333,600000.0,2.0,-166666.6666666667,-83333.33333333334,True,True,True,True,True,True
3558,Arrendatarios,P5140,83333.33333333333,250000.0,7.0,-166666.6666666667,-23809.523809523813,True,True,True,True,True,True
3559,Arrendatarios,P5140,333333.3333333333,500000.0,2.0,-166666.6666666667,-83333.33333333334,True,True,True,True,True,True
3560,Arrendatarios,P5140,333333.3333333333,500000.0,2.0,-166666.6666666667,-83333.33333333334,True,True,True,True,True,True
3561,Arrendatarios,P5140,333333.3333333333,500000.0,2.0,-166666.6666666667,-83333.33333333334,True,True,True,True,True,True
3562,Arrendatarios,P5140,233333.3333333333,400000.0,2.0,-166666.6666666667,-83333.33333333334,True,True,True,True,True,True
3563,Arrendatarios,P5140,83333.33333333333,250000.0,2.0,-166666.6666666667,-83333.33333333334,True,True,True,True,True,True
3564,Arrendatarios,P5140,83333.33333333333,250000.0,1.0,-166666.6666666667,-166666.6666666667,True,True,True,True,True,True
3565,Arrendatarios,P5140,83333.33333333333,250000.0,6.0,-166666.6666666667,-27777.77777777778,True,True,True,True,True,True
3566,Arrendatarios,P5140,283333.3333333333,450000.0,4.0,-166666.6666666667,-41666.66666666667,True,True,True,True,True,True
3567,Arrendatarios,P5140,83333.33333333333,250000.0,2.0,-166666.6666666667,-83333.33333333334,True,True,True,True,True,True
3568,Arrendatarios,P5140,83333.33333333333,250000.0,2.0,-166666.6666666667,-83333.33333333334,True,True,True,True,True,True
3569,Arrendatarios,P5140,333333.3333333333,500000.0,2.0,-166666.6666666667,-83333.33333333334,True,True,True,True,True,True
3570,Arrendatarios,P5140,83333.33333333333,250000.0,1.0,-166666.6666666667,-166666.6666666667,True,True,True,True,True,True
3571,Arrendatarios,P5140,333333.3333333333,500000.0,4.0,-166666.6666666667,-41666.66666666667,True,True,True,True,True,True
3572,Arrendatarios,P5140,83333.33333333333,250000.0,1.0,-166666.6666666667,-166666.6666666667,True,True,True,True,True,True
3573,Arrendatarios,P5140,83333.33333333333,250000.0,1.0,-166666.6666666667,-166666.6666666667,True,True,True,True,True,True
3574,Arrendatarios,P5140,83333.33333333333,250000.0,2.0,-166666.6666666667,-83333.33333333334,True,True,True,True,True,True
3575,Arrendatarios,P5140,333333.3333333333,500000.0,2.0,-166666.6666666667,-83333.33333333334,True,True,True,True,True,True
3576,Arrendatarios,P5140,233333.3333333333,400000.0,1.0,-166666.6666666667,-166666.6666666667,True,True,True,True,True,True
3577,Arrendatarios,P5140,283333.3333333333,450000.0,3.0,-166666.6666666667,-55555.55555555556,True,True,True,True,True,True
3578,Arrendatarios,P5140,83333.33333333333,250000.0,2.0,-166666.6666666667,-83333.33333333334,True,True,True,True,True,True
3579,Arrendatarios,P5140,333333.3333333333,500000.0,4.0,-166666.6666666667,-41666.66666666667,True,True,True,True,True,True
3580,Arrendatarios,P5140,133333.3333333333,300000.0,1.0,-166666.6666666667,-166666.6666666667,True,True,True,True,True,True
3581,Arrendatarios,P5140,83333.33333333333,250000.0,2.0,-166666.6666666667,-83333.33333333334,True,True,True,True,True,True
3582,Arrendatarios,P5140,333333.3333333333,500000.0,3.0,-166666.6666666667,-55555.55555555556,True,True,True,True,True,True
3583,Arrendatarios,P5140,283333.3333333333,450000.0,2.0,-166666.6666666667,-83333.33333333334,True,True,True,True,True,True
3584,Arrendatarios,P5140,83333.33333333333,250000.0,2.0,-166666.6666666667,-83333.33333333334,True,True,True,True,True,True
3585,Arrendatarios,P5140,333333.3333333333,500000.0,1.0,-166666.6666666667,-166666.6666666667,True,True,True,True,True,True
3586,Arrendatarios,P5140,133333.33333333334,300000.0,1.0,-166666.66666666666,-166666.66666666666,True,True,True,True,True,True
3587,Arrendatarios,P5140,133333.33333333334,300000.0,2.0,-166666.66666666666,-83333.33333333333,True,True,True,True,True,True
3588,Arrendatarios,P5140,133333.33333333334,300000.0,2.0,-166666.66666666666,-83333.33333333333,True,True,True,True,True,True
3589,Arrendatarios,P5140,33333.333333333336,200000.0,1.0,-166666.66666666666,-166666.66666666666,True,True,True,True,True,True
3590,Arrendatarios,P5140,33333.333333333336,200000.0,1.0,-166666.66666666666,-166666.66666666666,True,True,True,True,True,True
3591,Arrendatarios,P5140,83333.33333333334,250000.0,5.0,-166666.66666666666,-33333.33333333333,True,True,True,True,True,True
3592,Arrendatarios,P5140,33333.333333333336,200000.0,2.0,-166666.66666666666,-83333.33333333333,True,True,True,True,True,True
3593,Arrendatarios,P5140,33333.333333333336,200000.0,2.0,-166666.66666666666,-83333.33333333333,True,True,True,True,True,True
3594,Arrendatarios,P5140,133333.33333333334,300000.0,3.0,-166666.66666666666,-55555.555555555555,True,True,True,True,True,True
3595,Arrendatarios,P5140,183333.33333333334,350000.0,2.0,-166666.66666666666,-83333.33333333333,True,True,True,True,True,True
3596,Arrendatarios,P5140,183333.33333333334,350000.0,2.0,-166666.66666666666,-83333.33333333333,True,True,True,True,True,True
3597,Arrendatarios,P5140,33333.333333333336,200000.0,2.0,-166666.66666666666,-83333.33333333333,True,True,True,True,True,True
3598,Arrendatarios,P5140,133333.33333333334,300000.0,1.0,-166666.66666666666,-166666.66666666666,True,True,True,True,True,True
3599,Arrendatarios,P5140,183333.33333333334,350000.0,2.0,-166666.66666666666,-83333.33333333333,True,True,True,True,True,True
3600,Arrendatarios,P5140,233333.33333333334,400000.0,1.0,-166666.66666666666,-166666.66666666666,True,True,True,True,True,True
3601,Arrendatarios,P5140,833333.3333333334,1000000.0,1.0,-166666.66666666663,-166666.66666666663,True,True,True,True,True,True
3602,Arrendatarios,P5140,833333.3333333334,1000000.0,1.0,-166666.66666666663,-166666.66666666663,True,True,True,True,True,True
3603,Arrendatarios,P5140,283333.3333333334,450000.0,1.0,-166666.66666666663,-166666.66666666663,True,True,True,True,True,True
3604,Arrendatarios,P5140,635000.0,800000.0,3.0,-165000.0,-55000.0,True,True,True,True,True,True
3605,Arrendatarios,P5140,235833.33333333334,400000.0,3.0,-164166.66666666666,-54722.22222222222,True,True,True,True,True,True
3606,Arrendatarios,P5140,416666.6666666667,580000.0,2.0,-163333.3333333333,-81666.66666666666,True,True,True,True,True,True
3607,Arrendatarios,P5140,186666.6666666667,350000.0,3.0,-163333.3333333333,-54444.44444444444,True,True,True,True,True,True
3608,Arrendatarios,P5140,87500.0,250000.0,1.0,-162500.0,-162500.0,True,True,True,True,True,True
3609,Arrendatarios,P5140,87500.0,250000.0,1.0,-162500.0,-162500.0,True,True,True,True,True,True
3610,Arrendatarios,P5140,538333.3333333333,700000.0,2.0,-161666.66666666674,-80833.33333333337,True,True,True,True,True,True
3611,Arrendatarios,P5140,73333.33333333334,235000.0,1.0,-161666.66666666666,-161666.66666666666,True,True,True,True,True,True
3612,Arrendatarios,P5140,208333.33333333334,370000.0,1.0,-161666.66666666666,-161666.66666666666,True,True,True,True,True,True
3613,Arrendatarios,P5140,238750.0,400000.0,3.0,-161250.0,-53750.0,True,True,True,True,True,True
3614,Arrendatarios,P5140,89166.66666666666,250000.0,2.0,-160833.33333333334,-80416.66666666667,True,True,True,True,True,True
3615,Arrendatarios,P5140,400000.0,560000.0,6.0,-160000.0,-26666.666666666668,True,True,True,True,True,True
3616,Arrendatarios,P5140,40000.0,200000.0,2.0,-160000.0,-80000.0,True,True,True,True,True,True
3617,Arrendatarios,P5140,140000.0,300000.0,1.0,-160000.0,-160000.0,True,True,True,True,True,True
3618,Arrendatarios,P5140,500000.0,660000.0,2.0,-160000.0,-80000.0,True,True,True,True,True,True
3619,Arrendatarios,P5140,200000.0,360000.0,3.0,-160000.0,-53333.333333333336,True,True,True,True,True,True
3620,Arrendatarios,P5140,240000.0,400000.0,5.0,-160000.0,-32000.0,True,True,True,True,True,True
3621,Arrendatarios,P5140,600000.0,760000.0,1.0,-160000.0,-160000.0,True,True,True,True,True,True
3622,Arrendatarios,P5140,240000.0,400000.0,1.0,-160000.0,-160000.0,True,True,True,True,True,True
3623,Arrendatarios,P5140,840000.0,1000000.0,2.0,-160000.0,-80000.0,True,True,True,True,True,True
3624,Arrendatarios,P5140,240000.0,400000.0,2.0,-160000.0,-80000.0,True,True,True,True,True,True
3625,Arrendatarios,P5140,120000.0,280000.0,1.0,-160000.0,-160000.0,True,True,True,True,True,True
3626,Arrendatarios,P5140,400000.0,560000.0,4.0,-160000.0,-40000.0,True,True,True,True,True,True
3627,Arrendatarios,P5140,340000.0,500000.0,1.0,-160000.0,-160000.0,True,True,True,True,True,True
3628,Arrendatarios,P5140,500000.0,660000.0,4.0,-160000.0,-40000.0,True,True,True,True,True,True
3629,Arrendatarios,P5140,110000.0,270000.0,1.0,-160000.0,-160000.0,True,True,True,True,True,True
3630,Arrendatarios,P5140,541666.6666666666,700000.0,3.0,-158333.33333333337,-52777.77777777779,True,True,True,True,True,True
3631,Arrendatarios,P5140,141666.66666666666,300000.0,1.0,-158333.33333333334,-158333.33333333334,True,True,True,True,True,True
3632,Arrendatarios,P5140,41666.666666666664,200000.0,2.0,-158333.33333333334,-79166.66666666667,True,True,True,True,True,True
3633,Arrendatarios,P5140,41666.666666666664,200000.0,1.0,-158333.33333333334,-158333.33333333334,True,True,True,True,True,True
3634,Arrendatarios,P5140,241666.66666666666,400000.0,3.0,-158333.33333333334,-52777.77777777778,True,True,True,True,True,True
3635,Arrendatarios,P5140,41666.666666666664,200000.0,3.0,-158333.33333333334,-52777.77777777778,True,True,True,True,True,True
3636,Arrendatarios,P5140,241666.66666666666,400000.0,2.0,-158333.33333333334,-79166.66666666667,True,True,True,True,True,True
3637,Arrendatarios,P5140,41666.666666666664,200000.0,3.0,-158333.33333333334,-52777.77777777778,True,True,True,True,True,True
3638,Arrendatarios,P5140,41666.666666666664,200000.0,3.0,-158333.33333333334,-52777.77777777778,True,True,True,True,True,True
3639,Arrendatarios,P5140,41666.666666666664,200000.0,2.0,-158333.33333333334,-79166.66666666667,True,True,True,True,True,True
3640,Arrendatarios,P5140,141666.66666666666,300000.0,1.0,-158333.33333333334,-158333.33333333334,True,True,True,True,True,True
3641,Arrendatarios,P5140,241666.66666666666,400000.0,3.0,-158333.33333333334,-52777.77777777778,True,True,True,True,True,True
3642,Arrendatarios,P5140,441666.6666666667,600000.0,3.0,-158333.3333333333,-52777.777777777774,True,True,True,True,True,True
3643,Arrendatarios,P5140,241666.6666666667,400000.0,3.0,-158333.3333333333,-52777.777777777774,True,True,True,True,True,True
3644,Arrendatarios,P5140,291666.6666666667,450000.0,1.0,-158333.3333333333,-158333.3333333333,True,True,True,True,True,True
3645,Arrendatarios,P5140,391666.6666666667,550000.0,6.0,-158333.3333333333,-26388.888888888887,True,True,True,True,True,True
3646,Arrendatarios,P5140,291666.6666666667,450000.0,2.0,-158333.3333333333,-79166.66666666666,True,True,True,True,True,True
3647,Arrendatarios,P5140,341666.6666666667,500000.0,1.0,-158333.3333333333,-158333.3333333333,True,True,True,True,True,True
3648,Arrendatarios,P5140,291666.6666666667,450000.0,2.0,-158333.3333333333,-79166.66666666666,True,True,True,True,True,True
3649,Arrendatarios,P5140,291666.6666666667,450000.0,1.0,-158333.3333333333,-158333.3333333333,True,True,True,True,True,True
3650,Arrendatarios,P5140,541666.6666666667,700000.0,1.0,-158333.33333333326,-158333.33333333326,True,True,True,True,True,True
3651,Arrendatarios,P5140,592500.0,750000.0,1.0,-157500.0,-157500.0,True,True,True,True,True,True
3652,Arrendatarios,P5140,43333.333333333336,200000.0,2.0,-156666.66666666666,-78333.33333333333,True,True,True,True,True,True
3653,Arrendatarios,P5140,393333.3333333334,550000.0,2.0,-156666.66666666663,-78333.33333333331,True,True,True,True,True,True
3654,Arrendatarios,P5140,583333.3333333334,740000.0,1.0,-156666.66666666663,-156666.66666666663,True,True,True,True,True,True
3655,Arrendatarios,P5140,295000.0,450000.0,4.0,-155000.0,-38750.0,True,True,True,True,True,True
3656,Arrendatarios,P5140,275000.0,430000.0,3.0,-155000.0,-51666.666666666664,True,True,True,True,True,True
3657,Arrendatarios,P5140,25000.0,180000.0,4.0,-155000.0,-38750.0,True,True,True,True,True,True
3658,Arrendatarios,P5140,95000.0,250000.0,1.0,-155000.0,-155000.0,True,True,True,True,True,True
3659,Arrendatarios,P5140,445000.0,600000.0,1.0,-155000.0,-155000.0,True,True,True,True,True,True
3660,Arrendatarios,P5140,325000.0,480000.0,3.0,-155000.0,-51666.666666666664,True,True,True,True,True,True
3661,Arrendatarios,P5140,45833.33333333333,200000.0,3.0,-154166.6666666667,-51388.8888888889,True,True,True,True,True,True
3662,Arrendatarios,P5140,26666.666666666668,180000.0,1.0,-153333.33333333334,-153333.33333333334,True,True,True,True,True,True
3663,Arrendatarios,P5140,266666.6666666667,420000.0,4.0,-153333.3333333333,-38333.33333333333,True,True,True,True,True,True
3664,Arrendatarios,P5140,96666.66666666667,250000.0,1.0,-153333.3333333333,-153333.3333333333,True,True,True,True,True,True
3665,Arrendatarios,P5140,2847000.0,3000000.0,3.0,-153000.0,-51000.0,True,True,True,True,True,True
3666,Arrendatarios,P5140,2847000.0,3000000.0,2.0,-153000.0,-76500.0,True,True,True,True,True,True
3667,Arrendatarios,P5140,388333.3333333333,540000.0,2.0,-151666.6666666667,-75833.33333333334,True,True,True,True,True,True
3668,Arrendatarios,P5140,78333.33333333334,230000.0,1.0,-151666.66666666666,-151666.66666666666,True,True,True,True,True,True
3669,Arrendatarios,P5140,299999.99999999994,450000.0,2.0,-150000.00000000006,-75000.00000000003,True,True,True,True,True,True
3670,Arrendatarios,P5140,100000.0,250000.0,2.0,-150000.0,-75000.0,True,True,True,True,True,True
3671,Arrendatarios,P5140,250000.0,400000.0,1.0,-150000.0,-150000.0,True,True,True,True,True,True
3672,Arrendatarios,P5140,400000.0,550000.0,2.0,-150000.0,-75000.0,True,True,True,True,True,True
3673,Arrendatarios,P5140,150000.0,300000.0,3.0,-150000.0,-50000.0,True,True,True,True,True,True
3674,Arrendatarios,P5140,300000.0,450000.0,3.0,-150000.0,-50000.0,True,True,True,True,True,True
3675,Arrendatarios,P5140,300000.0,450000.0,1.0,-150000.0,-150000.0,True,True,True,True,True,True
3676,Arrendatarios,P5140,500000.0,650000.0,1.0,-150000.0,-150000.0,True,True,True,True,True,True
3677,Propietarios que pagan su vivienda,P5100,250000.0,400000.0,2.0,-150000.0,-75000.0,True,True,True,True,True,True
3678,Arrendatarios,P5140,700000.0,850000.0,6.0,-150000.0,-25000.0,True,True,True,True,True,True
3679,Arrendatarios,P5140,150000.0,300000.0,2.0,-150000.0,-75000.0,True,True,True,True,True,True
3680,Arrendatarios,P5140,600000.0,750000.0,4.0,-150000.0,-37500.0,True,True,True,True,True,True
3681,Arrendatarios,P5140,200000.0,350000.0,3.0,-150000.0,-50000.0,True,True,True,True,True,True
3682,Arrendatarios,P5140,250000.0,400000.0,1.0,-150000.0,-150000.0,True,True,True,True,True,True
3683,Arrendatarios,P5140,500000.0,650000.0,2.0,-150000.0,-75000.0,True,True,True,True,True,True
3684,Arrendatarios,P5140,100000.0,250000.0,1.0,-150000.0,-150000.0,True,True,True,True,True,True
3685,Arrendatarios,P5140,80000.0,230000.0,1.0,-150000.0,-150000.0,True,True,True,True,True,True
3686,Arrendatarios,P5140,600000.0,750000.0,4.0,-150000.0,-37500.0,True,True,True,True,True,True
3687,Arrendatarios,P5140,450000.0,600000.0,1.0,-150000.0,-150000.0,True,True,True,True,True,True
3688,Arrendatarios,P5140,600000.0,750000.0,1.0,-150000.0,-150000.0,True,True,True,True,True,True
3689,Arrendatarios,P5140,400000.0,550000.0,3.0,-150000.0,-50000.0,True,True,True,True,True,True
3690,Arrendatarios,P5140,300000.0,450000.0,1.0,-150000.0,-150000.0,True,True,True,True,True,True
3691,Arrendatarios,P5140,250000.0,400000.0,1.0,-150000.0,-150000.0,True,True,True,True,True,True
3692,Arrendatarios,P5140,150000.0,300000.0,1.0,-150000.0,-150000.0,True,True,True,True,True,True
3693,Arrendatarios,P5140,500000.0,650000.0,1.0,-150000.0,-150000.0,True,True,True,True,True,True
3694,Arrendatarios,P5140,400000.0,550000.0,4.0,-150000.0,-37500.0,True,True,True,True,True,True
3695,Arrendatarios,P5140,300000.0,450000.0,1.0,-150000.0,-150000.0,True,True,True,True,True,True
3696,Arrendatarios,P5140,250000.0,400000.0,4.0,-150000.0,-37500.0,True,True,True,True,True,True
3697,Arrendatarios,P5140,250000.0,400000.0,3.0,-150000.0,-50000.0,True,True,True,True,True,True
3698,Arrendatarios,P5140,450000.0,600000.0,1.0,-150000.0,-150000.0,True,True,True,True,True,True
3699,Arrendatarios,P5140,250000.0,400000.0,1.0,-150000.0,-150000.0,True,True,True,True,True,True
3700,Arrendatarios,P5140,600000.0,750000.0,2.0,-150000.0,-75000.0,True,True,True,True,True,True
3701,Arrendatarios,P5140,200000.0,350000.0,1.0,-150000.0,-150000.0,True,True,True,True,True,True
3702,Arrendatarios,P5140,350000.0,500000.0,4.0,-150000.0,-37500.0,True,True,True,True,True,True
3703,Arrendatarios,P5140,100000.0,250000.0,1.0,-150000.0,-150000.0,True,True,True,True,True,True
3704,Arrendatarios,P5140,50000.0,200000.0,1.0,-150000.0,-150000.0,True,True,True,True,True,True
3705,Arrendatarios,P5140,300000.0,450000.0,1.0,-150000.0,-150000.0,True,True,True,True,True,True
3706,Arrendatarios,P5140,800000.0,950000.0,2.0,-150000.0,-75000.0,True,True,True,True,True,True
3707,Arrendatarios,P5140,450000.0,600000.0,1.0,-150000.0,-150000.0,True,True,True,True,True,True
3708,Arrendatarios,P5140,300000.0,450000.0,2.0,-150000.0,-75000.0,True,True,True,True,True,True
3709,Arrendatarios,P5140,700000.0,850000.0,1.0,-150000.0,-150000.0,True,True,True,True,True,True
3710,Arrendatarios,P5140,300000.0,450000.0,2.0,-150000.0,-75000.0,True,True,True,True,True,True
3711,Arrendatarios,P5140,500000.0,650000.0,1.0,-150000.0,-150000.0,True,True,True,True,True,True
3712,Arrendatarios,P5140,300000.0,450000.0,3.0,-150000.0,-50000.0,True,True,True,True,True,True
3713,Arrendatarios,P5140,600000.0,750000.0,1.0,-150000.0,-150000.0,True,True,True,True,True,True
3714,Arrendatarios,P5140,300000.0,450000.0,2.0,-150000.0,-75000.0,True,True,True,True,True,True
3715,Arrendatarios,P5140,500000.0,650000.0,4.0,-150000.0,-37500.0,True,True,True,True,True,True
3716,Arrendatarios,P5140,250000.0,400000.0,3.0,-150000.0,-50000.0,True,True,True,True,True,True
3717,Arrendatarios,P5140,300000.0,450000.0,1.0,-150000.0,-150000.0,True,True,True,True,True,True
3718,Arrendatarios,P5140,200000.0,350000.0,2.0,-150000.0,-75000.0,True,True,True,True,True,True
3719,Arrendatarios,P5140,200000.0,350000.0,2.0,-150000.0,-75000.0,True,True,True,True,True,True
3720,Arrendatarios,P5140,200000.0,350000.0,2.0,-150000.0,-75000.0,True,True,True,True,True,True
3721,Arrendatarios,P5140,600000.0,750000.0,4.0,-150000.0,-37500.0,True,True,True,True,True,True
3722,Arrendatarios,P5140,200000.0,350000.0,2.0,-150000.0,-75000.0,True,True,True,True,True,True
3723,Arrendatarios,P5140,450000.0,600000.0,2.0,-150000.0,-75000.0,True,True,True,True,True,True
3724,Arrendatarios,P5140,450000.0,600000.0,1.0,-150000.0,-150000.0,True,True,True,True,True,True
3725,Arrendatarios,P5140,300000.0,450000.0,1.0,-150000.0,-150000.0,True,True,True,True,True,True
3726,Arrendatarios,P5140,250000.0,400000.0,1.0,-150000.0,-150000.0,True,True,True,True,True,True
3727,Arrendatarios,P5140,500000.0,650000.0,3.0,-150000.0,-50000.0,True,True,True,True,True,True
3728,Arrendatarios,P5140,600000.0,750000.0,1.0,-150000.0,-150000.0,True,True,True,True,True,True
3729,Arrendatarios,P5140,350000.0,500000.0,2.0,-150000.0,-75000.0,True,True,True,True,True,True
3730,Arrendatarios,P5140,550000.0,700000.0,1.0,-150000.0,-150000.0,True,True,True,True,True,True
3731,Arrendatarios,P5140,250000.0,400000.0,1.0,-150000.0,-150000.0,True,True,True,True,True,True
3732,Arrendatarios,P5140,400000.0,550000.0,1.0,-150000.0,-150000.0,True,True,True,True,True,True
3733,Arrendatarios,P5140,100000.0,250000.0,3.0,-150000.0,-50000.0,True,True,True,True,True,True
3734,Arrendatarios,P5140,500000.0,650000.0,2.0,-150000.0,-75000.0,True,True,True,True,True,True
3735,Arrendatarios,P5140,250000.0,400000.0,1.0,-150000.0,-150000.0,True,True,True,True,True,True
3736,Arrendatarios,P5140,250000.0,400000.0,3.0,-150000.0,-50000.0,True,True,True,True,True,True
3737,Arrendatarios,P5140,200000.0,350000.0,3.0,-150000.0,-50000.0,True,True,True,True,True,True
3738,Arrendatarios,P5140,200000.0,350000.0,6.0,-150000.0,-25000.0,True,True,True,True,True,True
3739,Arrendatarios,P5140,300000.0,450000.0,2.0,-150000.0,-75000.0,True,True,True,True,True,True
3740,Arrendatarios,P5140,500000.0,650000.0,3.0,-150000.0,-50000.0,True,True,True,True,True,True
3741,Arrendatarios,P5140,200000.0,350000.0,4.0,-150000.0,-37500.0,True,True,True,True,True,True
3742,Arrendatarios,P5140,200000.0,350000.0,2.0,-150000.0,-75000.0,True,True,True,True,True,True
3743,Arrendatarios,P5140,100000.0,250000.0,2.0,-150000.0,-75000.0,True,True,True,True,True,True
3744,Arrendatarios,P5140,250000.0,400000.0,2.0,-150000.0,-75000.0,True,True,True,True,True,True
3745,Arrendatarios,P5140,350000.0,500000.0,3.0,-150000.0,-50000.0,True,True,True,True,True,True
3746,Arrendatarios,P5140,150000.0,300000.0,3.0,-150000.0,-50000.0,True,True,True,True,True,True
3747,Arrendatarios,P5140,200000.0,350000.0,2.0,-150000.0,-75000.0,True,True,True,True,True,True
3748,Arrendatarios,P5140,250000.0,400000.0,1.0,-150000.0,-150000.0,True,True,True,True,True,True
3749,Arrendatarios,P5140,300000.0,450000.0,1.0,-150000.0,-150000.0,True,True,True,True,True,True
3750,Arrendatarios,P5140,300000.0,450000.0,1.0,-150000.0,-150000.0,True,True,True,True,True,True
3751,Arrendatarios,P5140,750000.0,900000.0,3.0,-150000.0,-50000.0,True,True,True,True,True,True
3752,Arrendatarios,P5140,300000.0,450000.0,3.0,-150000.0,-50000.0,True,True,True,True,True,True
3753,Arrendatarios,P5140,250000.0,400000.0,2.0,-150000.0,-75000.0,True,True,True,True,True,True
3754,Arrendatarios,P5140,700000.0,850000.0,1.0,-150000.0,-150000.0,True,True,True,True,True,True
3755,Arrendatarios,P5140,500000.0,650000.0,3.0,-150000.0,-50000.0,True,True,True,True,True,True
3756,Arrendatarios,P5140,150000.0,300000.0,3.0,-150000.0,-50000.0,True,True,True,True,True,True
3757,Arrendatarios,P5140,350000.0,500000.0,4.0,-150000.0,-37500.0,True,True,True,True,True,True
3758,Propietarios que pagan su vivienda,P5100,350000.0,500000.0,1.0,-150000.0,-150000.0,True,True,True,True,True,True
3759,Arrendatarios,P5140,350000.0,500000.0,1.0,-150000.0,-150000.0,True,True,True,True,True,True
3760,Arrendatarios,P5140,450000.0,600000.0,3.0,-150000.0,-50000.0,True,True,True,True,True,True
3761,Arrendatarios,P5140,250000.0,400000.0,3.0,-150000.0,-50000.0,True,True,True,True,True,True
3762,Arrendatarios,P5140,200000.0,350000.0,1.0,-150000.0,-150000.0,True,True,True,True,True,True
3763,Arrendatarios,P5140,300000.0,450000.0,3.0,-150000.0,-50000.0,True,True,True,True,True,True
3764,Arrendatarios,P5140,200000.0,350000.0,4.0,-150000.0,-37500.0,True,True,True,True,True,True
3765,Arrendatarios,P5140,150000.0,300000.0,1.0,-150000.0,-150000.0,True,True,True,True,True,True
3766,Arrendatarios,P5140,50000.0,200000.0,2.0,-150000.0,-75000.0,True,True,True,True,True,True
3767,Propietarios que pagan su vivienda,P5100,150000.0,300000.0,2.0,-150000.0,-75000.0,True,True,True,True,True,True
3768,Arrendatarios,P5140,200000.0,350000.0,2.0,-150000.0,-75000.0,True,True,True,True,True,True
3769,Arrendatarios,P5140,200000.0,350000.0,1.0,-150000.0,-150000.0,True,True,True,True,True,True
3770,Arrendatarios,P5140,800000.0,950000.0,3.0,-150000.0,-50000.0,True,True,True,True,True,True
3771,Arrendatarios,P5140,250000.0,400000.0,1.0,-150000.0,-150000.0,True,True,True,True,True,True
3772,Arrendatarios,P5140,250000.0,400000.0,4.0,-150000.0,-37500.0,True,True,True,True,True,True
3773,Arrendatarios,P5140,300000.0,450000.0,1.0,-150000.0,-150000.0,True,True,True,True,True,True
3774,Arrendatarios,P5140,1000000.0,1150000.0,3.0,-150000.0,-50000.0,True,True,True,True,True,True
3775,Arrendatarios,P5140,300000.0,450000.0,6.0,-150000.0,-25000.0,True,True,True,True,True,True
3776,Arrendatarios,P5140,250000.0,400000.0,1.0,-150000.0,-150000.0,True,True,True,True,True,True
3777,Arrendatarios,P5140,350000.0,500000.0,1.0,-150000.0,-150000.0,True,True,True,True,True,True
3778,Arrendatarios,P5140,400000.0,550000.0,2.0,-150000.0,-75000.0,True,True,True,True,True,True
3779,Arrendatarios,P5140,250000.0,400000.0,2.0,-150000.0,-75000.0,True,True,True,True,True,True
3780,Arrendatarios,P5140,100000.0,250000.0,1.0,-150000.0,-150000.0,True,True,True,True,True,True
3781,Arrendatarios,P5140,250000.0,400000.0,1.0,-150000.0,-150000.0,True,True,True,True,True,True
3782,Arrendatarios,P5140,550000.0,700000.0,3.0,-150000.0,-50000.0,True,True,True,True,True,True
3783,Arrendatarios,P5140,50000.0,200000.0,1.0,-150000.0,-150000.0,True,True,True,True,True,True
3784,Arrendatarios,P5140,600000.0,750000.0,1.0,-150000.0,-150000.0,True,True,True,True,True,True
3785,Arrendatarios,P5140,700000.0,850000.0,1.0,-150000.0,-150000.0,True,True,True,True,True,True
3786,Arrendatarios,P5140,450000.0,600000.0,3.0,-150000.0,-50000.0,True,True,True,True,True,True
3787,Arrendatarios,P5140,100000.0,250000.0,2.0,-150000.0,-75000.0,True,True,True,True,True,True
3788,Arrendatarios,P5140,300000.0,450000.0,6.0,-150000.0,-25000.0,True,True,True,True,True,True
3789,Arrendatarios,P5140,200000.0,350000.0,4.0,-150000.0,-37500.0,True,True,True,True,True,True
3790,Arrendatarios,P5140,750000.0,900000.0,1.0,-150000.0,-150000.0,True,True,True,True,True,True
3791,Arrendatarios,P5140,450000.0,600000.0,2.0,-150000.0,-75000.0,True,True,True,True,True,True
3792,Arrendatarios,P5140,250000.0,400000.0,9.0,-150000.0,-16666.666666666668,True,True,True,True,True,True
3793,Arrendatarios,P5140,450000.0,600000.0,5.0,-150000.0,-30000.0,True,True,True,True,True,True
3794,Arrendatarios,P5140,250000.0,400000.0,3.0,-150000.0,-50000.0,True,True,True,True,True,True
3795,Arrendatarios,P5140,350000.0,500000.0,1.0,-150000.0,-150000.0,True,True,True,True,True,True
3796,Arrendatarios,P5140,200000.0,350000.0,4.0,-150000.0,-37500.0,True,True,True,True,True,True
3797,Arrendatarios,P5140,300000.0,450000.0,2.0,-150000.0,-75000.0,True,True,True,True,True,True
3798,Arrendatarios,P5140,700000.0,850000.0,3.0,-150000.0,-50000.0,True,True,True,True,True,True
3799,Arrendatarios,P5140,150000.0,300000.0,2.0,-150000.0,-75000.0,True,True,True,True,True,True
3800,Arrendatarios,P5140,150000.0,300000.0,2.0,-150000.0,-75000.0,True,True,True,True,True,True
3801,Arrendatarios,P5140,100000.0,250000.0,4.0,-150000.0,-37500.0,True,True,True,True,True,True
3802,Arrendatarios,P5140,400000.0,550000.0,2.0,-150000.0,-75000.0,True,True,True,True,True,True
3803,Arrendatarios,P5140,250000.0,400000.0,3.0,-150000.0,-50000.0,True,True,True,True,True,True
3804,Arrendatarios,P5140,300000.0,450000.0,2.0,-150000.0,-75000.0,True,True,True,True,True,True
3805,Arrendatarios,P5140,200000.0,350000.0,1.0,-150000.0,-150000.0,True,True,True,True,True,True
3806,Arrendatarios,P5140,250000.0,400000.0,1.0,-150000.0,-150000.0,True,True,True,True,True,True
3807,Arrendatarios,P5140,400000.0,550000.0,5.0,-150000.0,-30000.0,True,True,True,True,True,True
3808,Arrendatarios,P5140,50000.0,200000.0,5.0,-150000.0,-30000.0,True,True,True,True,True,True
3809,Arrendatarios,P5140,700000.0,850000.0,2.0,-150000.0,-75000.0,True,True,True,True,True,True
3810,Arrendatarios,P5140,500000.0,650000.0,3.0,-150000.0,-50000.0,True,True,True,True,True,True
3811,Arrendatarios,P5140,350000.0,500000.0,1.0,-150000.0,-150000.0,True,True,True,True,True,True
3812,Arrendatarios,P5140,50000.0,200000.0,1.0,-150000.0,-150000.0,True,True,True,True,True,True
3813,Propietarios que pagan su vivienda,P5100,1000000.0,1150000.0,2.0,-150000.0,-75000.0,True,True,True,True,True,True
3814,Arrendatarios,P5140,250000.0,400000.0,1.0,-150000.0,-150000.0,True,True,True,True,True,True
3815,Arrendatarios,P5140,700000.0,850000.0,2.0,-150000.0,-75000.0,True,True,True,True,True,True
3816,Arrendatarios,P5140,450000.0,600000.0,3.0,-150000.0,-50000.0,True,True,True,True,True,True
3817,Arrendatarios,P5140,100000.0,250000.0,1.0,-150000.0,-150000.0,True,True,True,True,True,True
3818,Arrendatarios,P5140,600000.0,750000.0,2.0,-150000.0,-75000.0,True,True,True,True,True,True
3819,Arrendatarios,P5140,450000.0,600000.0,4.0,-150000.0,-37500.0,True,True,True,True,True,True
3820,Arrendatarios,P5140,150000.0,300000.0,3.0,-150000.0,-50000.0,True,True,True,True,True,True
3821,Arrendatarios,P5140,1250000.0,1400000.0,1.0,-150000.0,-150000.0,True,True,True,True,True,True
3822,Arrendatarios,P5140,850000.0,1000000.0,1.0,-150000.0,-150000.0,True,True,True,True,True,True
3823,Arrendatarios,P5140,150000.0,300000.0,1.0,-150000.0,-150000.0,True,True,True,True,True,True
3824,Arrendatarios,P5140,450000.0,600000.0,1.0,-150000.0,-150000.0,True,True,True,True,True,True
3825,Arrendatarios,P5140,50000.0,200000.0,3.0,-150000.0,-50000.0,True,True,True,True,True,True
3826,Arrendatarios,P5140,250000.0,400000.0,3.0,-150000.0,-50000.0,True,True,True,True,True,True
3827,Arrendatarios,P5140,500000.0,650000.0,1.0,-150000.0,-150000.0,True,True,True,True,True,True
3828,Arrendatarios,P5140,650000.0,800000.0,2.0,-150000.0,-75000.0,True,True,True,True,True,True
3829,Arrendatarios,P5140,250000.0,400000.0,3.0,-150000.0,-50000.0,True,True,True,True,True,True
3830,Arrendatarios,P5140,300000.0,450000.0,2.0,-150000.0,-75000.0,True,True,True,True,True,True
3831,Arrendatarios,P5140,250000.0,400000.0,3.0,-150000.0,-50000.0,True,True,True,True,True,True
3832,Arrendatarios,P5140,30000.0,180000.0,1.0,-150000.0,-150000.0,True,True,True,True,True,True
3833,Arrendatarios,P5140,100000.0,250000.0,1.0,-150000.0,-150000.0,True,True,True,True,True,True
3834,Arrendatarios,P5140,450000.0,600000.0,2.0,-150000.0,-75000.0,True,True,True,True,True,True
3835,Arrendatarios,P5140,100000.0,250000.0,4.0,-150000.0,-37500.0,True,True,True,True,True,True
3836,Arrendatarios,P5140,450000.0,600000.0,3.0,-150000.0,-50000.0,True,True,True,True,True,True
3837,Arrendatarios,P5140,200000.0,350000.0,4.0,-150000.0,-37500.0,True,True,True,True,True,True
3838,Arrendatarios,P5140,300000.0,450000.0,1.0,-150000.0,-150000.0,True,True,True,True,True,True
3839,Arrendatarios,P5140,200000.0,350000.0,5.0,-150000.0,-30000.0,True,True,True,True,True,True
3840,Arrendatarios,P5140,200000.0,350000.0,1.0,-150000.0,-150000.0,True,True,True,True,True,True
3841,Arrendatarios,P5140,400000.0,550000.0,2.0,-150000.0,-75000.0,True,True,True,True,True,True
3842,Arrendatarios,P5140,100000.0,250000.0,2.0,-150000.0,-75000.0,True,True,True,True,True,True
3843,Arrendatarios,P5140,450000.0,600000.0,1.0,-150000.0,-150000.0,True,True,True,True,True,True
3844,Arrendatarios,P5140,500000.0,650000.0,1.0,-150000.0,-150000.0,True,True,True,True,True,True
3845,Arrendatarios,P5140,600000.0,750000.0,4.0,-150000.0,-37500.0,True,True,True,True,True,True
3846,Arrendatarios,P5140,400000.0,550000.0,2.0,-150000.0,-75000.0,True,True,True,True,True,True
3847,Arrendatarios,P5140,150000.0,300000.0,2.0,-150000.0,-75000.0,True,True,True,True,True,True
3848,Arrendatarios,P5140,250000.0,400000.0,3.0,-150000.0,-50000.0,True,True,True,True,True,True
3849,Arrendatarios,P5140,250000.0,400000.0,1.0,-150000.0,-150000.0,True,True,True,True,True,True
3850,Arrendatarios,P5140,200000.0,350000.0,1.0,-150000.0,-150000.0,True,True,True,True,True,True
3851,Arrendatarios,P5140,200000.0,350000.0,1.0,-150000.0,-150000.0,True,True,True,True,True,True
3852,Arrendatarios,P5140,150000.0,300000.0,3.0,-150000.0,-50000.0,True,True,True,True,True,True
3853,Propietarios que pagan su vivienda,P5100,450000.0,600000.0,3.0,-150000.0,-50000.0,True,True,True,True,True,True
3854,Arrendatarios,P5140,200000.0,350000.0,1.0,-150000.0,-150000.0,True,True,True,True,True,True
3855,Arrendatarios,P5140,250000.0,400000.0,3.0,-150000.0,-50000.0,True,True,True,True,True,True
3856,Arrendatarios,P5140,250000.0,400000.0,1.0,-150000.0,-150000.0,True,True,True,True,True,True
3857,Arrendatarios,P5140,450000.0,600000.0,3.0,-150000.0,-50000.0,True,True,True,True,True,True
3858,Arrendatarios,P5140,50000.0,200000.0,2.0,-150000.0,-75000.0,True,True,True,True,True,True
3859,Arrendatarios,P5140,350000.0,500000.0,4.0,-150000.0,-37500.0,True,True,True,True,True,True
3860,Propietarios que pagan su vivienda,P5100,650000.0,800000.0,1.0,-150000.0,-150000.0,True,True,True,True,True,True
3861,Arrendatarios,P5140,50000.0,200000.0,3.0,-150000.0,-50000.0,True,True,True,True,True,True
3862,Arrendatarios,P5140,400000.0,550000.0,1.0,-150000.0,-150000.0,True,True,True,True,True,True
3863,Arrendatarios,P5140,200000.0,350000.0,2.0,-150000.0,-75000.0,True,True,True,True,True,True
3864,Arrendatarios,P5140,50000.0,200000.0,2.0,-150000.0,-75000.0,True,True,True,True,True,True
3865,Arrendatarios,P5140,200000.0,350000.0,1.0,-150000.0,-150000.0,True,True,True,True,True,True
3866,Arrendatarios,P5140,100000.0,250000.0,1.0,-150000.0,-150000.0,True,True,True,True,True,True
3867,Arrendatarios,P5140,250000.0,400000.0,1.0,-150000.0,-150000.0,True,True,True,True,True,True
3868,Arrendatarios,P5140,150000.0,300000.0,4.0,-150000.0,-37500.0,True,True,True,True,True,True
3869,Arrendatarios,P5140,250000.0,400000.0,2.0,-150000.0,-75000.0,True,True,True,True,True,True
3870,Arrendatarios,P5140,250000.0,400000.0,2.0,-150000.0,-75000.0,True,True,True,True,True,True
3871,Arrendatarios,P5140,150000.0,300000.0,1.0,-150000.0,-150000.0,True,True,True,True,True,True
3872,Arrendatarios,P5140,300000.0,450000.0,1.0,-150000.0,-150000.0,True,True,True,True,True,True
3873,Arrendatarios,P5140,250000.0,400000.0,1.0,-150000.0,-150000.0,True,True,True,True,True,True
3874,Arrendatarios,P5140,166666.66666666666,315000.0,1.0,-148333.33333333334,-148333.33333333334,True,True,True,True,True,True
3875,Arrendatarios,P5140,351666.6666666667,500000.0,1.0,-148333.3333333333,-148333.3333333333,True,True,True,True,True,True
3876,Arrendatarios,P5140,711750.0,860000.0,3.0,-148250.0,-49416.666666666664,True,True,True,True,True,True
3877,Arrendatarios,P5140,253166.6666666667,400000.0,1.0,-146833.3333333333,-146833.3333333333,True,True,True,True,True,True
3878,Arrendatarios,P5140,233333.33333333334,380000.0,1.0,-146666.66666666666,-146666.66666666666,True,True,True,True,True,True
3879,Arrendatarios,P5140,233333.33333333334,380000.0,4.0,-146666.66666666666,-36666.666666666664,True,True,True,True,True,True
3880,Arrendatarios,P5140,233333.33333333334,380000.0,2.0,-146666.66666666666,-73333.33333333333,True,True,True,True,True,True
3881,Arrendatarios,P5140,4166.666666666667,150000.0,1.0,-145833.33333333334,-145833.33333333334,True,True,True,True,True,True
3882,Arrendatarios,P5140,25000.0,170000.0,2.0,-145000.0,-72500.0,True,True,True,True,True,True
3883,Arrendatarios,P5140,205000.0,350000.0,1.0,-145000.0,-145000.0,True,True,True,True,True,True
3884,Arrendatarios,P5140,605000.0,750000.0,4.0,-145000.0,-36250.0,True,True,True,True,True,True
3885,Arrendatarios,P5140,305000.0,450000.0,2.0,-145000.0,-72500.0,True,True,True,True,True,True
3886,Arrendatarios,P5140,205000.0,350000.0,3.0,-145000.0,-48333.333333333336,True,True,True,True,True,True
3887,Arrendatarios,P5140,305833.3333333334,450000.0,2.0,-144166.66666666663,-72083.33333333331,True,True,True,True,True,True
3888,Arrendatarios,P5140,216666.66666666666,360000.0,1.0,-143333.33333333334,-143333.33333333334,True,True,True,True,True,True
3889,Arrendatarios,P5140,106666.66666666666,250000.0,3.0,-143333.33333333334,-47777.77777777778,True,True,True,True,True,True
3890,Arrendatarios,P5140,206666.6666666667,350000.0,3.0,-143333.3333333333,-47777.777777777774,True,True,True,True,True,True
3891,Arrendatarios,P5140,416666.6666666667,560000.0,1.0,-143333.3333333333,-143333.3333333333,True,True,True,True,True,True
3892,Arrendatarios,P5140,58333.33333333333,200000.0,1.0,-141666.6666666667,-141666.6666666667,True,True,True,True,True,True
3893,Arrendatarios,P5140,458333.3333333333,600000.0,2.0,-141666.6666666667,-70833.33333333334,True,True,True,True,True,True
3894,Arrendatarios,P5140,208333.33333333334,350000.0,2.0,-141666.66666666666,-70833.33333333333,True,True,True,True,True,True
3895,Arrendatarios,P5140,208333.33333333334,350000.0,2.0,-141666.66666666666,-70833.33333333333,True,True,True,True,True,True
3896,Arrendatarios,P5140,208333.33333333334,350000.0,4.0,-141666.66666666666,-35416.666666666664,True,True,True,True,True,True
3897,Arrendatarios,P5140,208333.33333333334,350000.0,1.0,-141666.66666666666,-141666.66666666666,True,True,True,True,True,True
3898,Arrendatarios,P5140,258333.33333333334,400000.0,1.0,-141666.66666666666,-141666.66666666666,True,True,True,True,True,True
3899,Arrendatarios,P5140,208333.33333333334,350000.0,2.0,-141666.66666666666,-70833.33333333333,True,True,True,True,True,True
3900,Arrendatarios,P5140,8333.333333333334,150000.0,1.0,-141666.66666666666,-141666.66666666666,True,True,True,True,True,True
3901,Arrendatarios,P5140,58333.333333333336,200000.0,1.0,-141666.66666666666,-141666.66666666666,True,True,True,True,True,True
3902,Arrendatarios,P5140,58333.333333333336,200000.0,3.0,-141666.66666666666,-47222.22222222222,True,True,True,True,True,True
3903,Arrendatarios,P5140,208333.33333333334,350000.0,2.0,-141666.66666666666,-70833.33333333333,True,True,True,True,True,True
3904,Arrendatarios,P5140,708333.3333333334,850000.0,5.0,-141666.66666666663,-28333.333333333325,True,True,True,True,True,True
3905,Propietarios que pagan su vivienda,P5100,358333.3333333334,500000.0,2.0,-141666.66666666663,-70833.33333333331,True,True,True,True,True,True
3906,Propietarios que pagan su vivienda,P5100,358333.3333333334,500000.0,3.0,-141666.66666666663,-47222.22222222221,True,True,True,True,True,True
3907,Arrendatarios,P5140,358333.3333333334,500000.0,3.0,-141666.66666666663,-47222.22222222221,True,True,True,True,True,True
3908,Propietarios que pagan su vivienda,P5100,360000.0,500000.0,3.0,-140000.0,-46666.666666666664,True,True,True,True,True,True
3909,Arrendatarios,P5140,500000.0,640000.0,1.0,-140000.0,-140000.0,True,True,True,True,True,True
3910,Arrendatarios,P5140,10000.0,150000.0,4.0,-140000.0,-35000.0,True,True,True,True,True,True
3911,Arrendatarios,P5140,210000.0,350000.0,2.0,-140000.0,-70000.0,True,True,True,True,True,True
3912,Arrendatarios,P5140,460000.0,600000.0,1.0,-140000.0,-140000.0,True,True,True,True,True,True
3913,Arrendatarios,P5140,500000.0,640000.0,1.0,-140000.0,-140000.0,True,True,True,True,True,True
3914,Arrendatarios,P5140,340000.0,480000.0,2.0,-140000.0,-70000.0,True,True,True,True,True,True
3915,Arrendatarios,P5140,460000.0,600000.0,2.0,-140000.0,-70000.0,True,True,True,True,True,True
3916,Arrendatarios,P5140,300000.0,440000.0,3.0,-140000.0,-46666.666666666664,True,True,True,True,True,True
3917,Arrendatarios,P5140,160000.0,300000.0,1.0,-140000.0,-140000.0,True,True,True,True,True,True
3918,Arrendatarios,P5140,240000.0,380000.0,6.0,-140000.0,-23333.333333333332,True,True,True,True,True,True
3919,Arrendatarios,P5140,1060000.0,1200000.0,4.0,-140000.0,-35000.0,True,True,True,True,True,True
3920,Arrendatarios,P5140,360000.0,500000.0,7.0,-140000.0,-20000.0,True,True,True,True,True,True
3921,Arrendatarios,P5140,60000.0,200000.0,4.0,-140000.0,-35000.0,True,True,True,True,True,True
3922,Arrendatarios,P5140,160000.0,300000.0,1.0,-140000.0,-140000.0,True,True,True,True,True,True
3923,Arrendatarios,P5140,250000.0,390000.0,1.0,-140000.0,-140000.0,True,True,True,True,True,True
3924,Arrendatarios,P5140,260000.0,400000.0,2.0,-140000.0,-70000.0,True,True,True,True,True,True
3925,Arrendatarios,P5140,160000.0,300000.0,2.0,-140000.0,-70000.0,True,True,True,True,True,True
3926,Arrendatarios,P5140,541666.6666666666,680000.0,3.0,-138333.33333333337,-46111.111111111124,True,True,True,True,True,True
3927,Arrendatarios,P5140,241666.66666666666,380000.0,4.0,-138333.33333333334,-34583.333333333336,True,True,True,True,True,True
3928,Arrendatarios,P5140,111666.66666666667,250000.0,1.0,-138333.3333333333,-138333.3333333333,True,True,True,True,True,True
3929,Arrendatarios,P5140,461666.6666666667,600000.0,2.0,-138333.3333333333,-69166.66666666666,True,True,True,True,True,True
3930,Arrendatarios,P5140,62500.0,200000.0,2.0,-137500.0,-68750.0,True,True,True,True,True,True
3931,Arrendatarios,P5140,113333.33333333333,250000.0,1.0,-136666.6666666667,-136666.6666666667,True,True,True,True,True,True
3932,Arrendatarios,P5140,33333.333333333336,170000.0,5.0,-136666.66666666666,-27333.333333333332,True,True,True,True,True,True
3933,Arrendatarios,P5140,263333.3333333334,400000.0,4.0,-136666.66666666663,-34166.66666666666,True,True,True,True,True,True
3934,Arrendatarios,P5140,44166.666666666664,180000.0,2.0,-135833.33333333334,-67916.66666666667,True,True,True,True,True,True
3935,Arrendatarios,P5140,14583.333333333334,150000.0,3.0,-135416.66666666666,-45138.88888888888,True,True,True,True,True,True
3936,Arrendatarios,P5140,195000.0,330000.0,1.0,-135000.0,-135000.0,True,True,True,True,True,True
3937,Arrendatarios,P5140,225000.0,360000.0,1.0,-135000.0,-135000.0,True,True,True,True,True,True
3938,Arrendatarios,P5140,366500.0,500000.0,3.0,-133500.0,-44500.0,True,True,True,True,True,True
3939,Arrendatarios,P5140,1366560.0,1500000.0,1.0,-133440.0,-133440.0,True,True,True,True,True,True
3940,Arrendatarios,P5140,666666.6666666666,800000.0,1.0,-133333.33333333337,-133333.33333333337,True,True,True,True,True,True
3941,Arrendatarios,P5140,666666.6666666666,800000.0,1.0,-133333.33333333337,-133333.33333333337,True,True,True,True,True,True
3942,Arrendatarios,P5140,516666.6666666666,650000.0,2.0,-133333.33333333337,-66666.66666666669,True,True,True,True,True,True
3943,Arrendatarios,P5140,666666.6666666666,800000.0,1.0,-133333.33333333337,-133333.33333333337,True,True,True,True,True,True
3944,Arrendatarios,P5140,666666.6666666666,800000.0,3.0,-133333.33333333337,-44444.44444444446,True,True,True,True,True,True
3945,Arrendatarios,P5140,666666.6666666666,800000.0,2.0,-133333.33333333337,-66666.66666666669,True,True,True,True,True,True
3946,Arrendatarios,P5140,166666.66666666666,300000.0,3.0,-133333.33333333334,-44444.444444444445,True,True,True,True,True,True
3947,Arrendatarios,P5140,216666.66666666666,350000.0,2.0,-133333.33333333334,-66666.66666666667,True,True,True,True,True,True
3948,Arrendatarios,P5140,166666.66666666666,300000.0,3.0,-133333.33333333334,-44444.444444444445,True,True,True,True,True,True
3949,Arrendatarios,P5140,166666.66666666666,300000.0,3.0,-133333.33333333334,-44444.444444444445,True,True,True,True,True,True
3950,Arrendatarios,P5140,16666.666666666668,150000.0,1.0,-133333.33333333334,-133333.33333333334,True,True,True,True,True,True
3951,Arrendatarios,P5140,16666.666666666668,150000.0,3.0,-133333.33333333334,-44444.444444444445,True,True,True,True,True,True
3952,Arrendatarios,P5140,166666.66666666666,300000.0,2.0,-133333.33333333334,-66666.66666666667,True,True,True,True,True,True
3953,Arrendatarios,P5140,16666.666666666668,150000.0,1.0,-133333.33333333334,-133333.33333333334,True,True,True,True,True,True
3954,Arrendatarios,P5140,16666.666666666668,150000.0,1.0,-133333.33333333334,-133333.33333333334,True,True,True,True,True,True
3955,Arrendatarios,P5140,166666.66666666666,300000.0,1.0,-133333.33333333334,-133333.33333333334,True,True,True,True,True,True
3956,Arrendatarios,P5140,166666.66666666666,300000.0,1.0,-133333.33333333334,-133333.33333333334,True,True,True,True,True,True
3957,Arrendatarios,P5140,166666.66666666666,300000.0,2.0,-133333.33333333334,-66666.66666666667,True,True,True,True,True,True
3958,Arrendatarios,P5140,166666.66666666666,300000.0,2.0,-133333.33333333334,-66666.66666666667,True,True,True,True,True,True
3959,Arrendatarios,P5140,166666.66666666666,300000.0,2.0,-133333.33333333334,-66666.66666666667,True,True,True,True,True,True
3960,Arrendatarios,P5140,166666.66666666666,300000.0,1.0,-133333.33333333334,-133333.33333333334,True,True,True,True,True,True
3961,Arrendatarios,P5140,166666.66666666666,300000.0,1.0,-133333.33333333334,-133333.33333333334,True,True,True,True,True,True
3962,Arrendatarios,P5140,466666.6666666667,600000.0,4.0,-133333.3333333333,-33333.33333333333,True,True,True,True,True,True
3963,Arrendatarios,P5140,316666.6666666667,450000.0,3.0,-133333.3333333333,-44444.44444444444,True,True,True,True,True,True
3964,Arrendatarios,P5140,466666.6666666667,600000.0,3.0,-133333.3333333333,-44444.44444444444,True,True,True,True,True,True
3965,Arrendatarios,P5140,66666.66666666667,200000.0,5.0,-133333.3333333333,-26666.666666666664,True,True,True,True,True,True
3966,Arrendatarios,P5140,266666.6666666667,400000.0,1.0,-133333.3333333333,-133333.3333333333,True,True,True,True,True,True
3967,Arrendatarios,P5140,66666.66666666667,200000.0,4.0,-133333.3333333333,-33333.33333333333,True,True,True,True,True,True
3968,Arrendatarios,P5140,66666.66666666667,200000.0,3.0,-133333.3333333333,-44444.44444444444,True,True,True,True,True,True
3969,Arrendatarios,P5140,66666.66666666667,200000.0,3.0,-133333.3333333333,-44444.44444444444,True,True,True,True,True,True
3970,Arrendatarios,P5140,66666.66666666667,200000.0,3.0,-133333.3333333333,-44444.44444444444,True,True,True,True,True,True
3971,Arrendatarios,P5140,66666.66666666667,200000.0,1.0,-133333.3333333333,-133333.3333333333,True,True,True,True,True,True
3972,Arrendatarios,P5140,266666.6666666667,400000.0,5.0,-133333.3333333333,-26666.666666666664,True,True,True,True,True,True
3973,Arrendatarios,P5140,66666.66666666667,200000.0,2.0,-133333.3333333333,-66666.66666666666,True,True,True,True,True,True
3974,Arrendatarios,P5140,66666.66666666667,200000.0,2.0,-133333.3333333333,-66666.66666666666,True,True,True,True,True,True
3975,Arrendatarios,P5140,266666.6666666667,400000.0,3.0,-133333.3333333333,-44444.44444444444,True,True,True,True,True,True
3976,Arrendatarios,P5140,446666.6666666667,580000.0,1.0,-133333.3333333333,-133333.3333333333,True,True,True,True,True,True
3977,Arrendatarios,P5140,866666.6666666667,1000000.0,2.0,-133333.33333333326,-66666.66666666663,True,True,True,True,True,True
3978,Arrendatarios,P5140,666666.6666666667,800000.0,3.0,-133333.33333333326,-44444.444444444416,True,True,True,True,True,True
3979,Arrendatarios,P5140,1666666.6666666667,1800000.0,2.0,-133333.33333333326,-66666.66666666663,True,True,True,True,True,True
3980,Arrendatarios,P5140,1066666.6666666667,1200000.0,5.0,-133333.33333333326,-26666.66666666665,True,True,True,True,True,True
3981,Arrendatarios,P5140,1166666.6666666667,1300000.0,3.0,-133333.33333333326,-44444.444444444416,True,True,True,True,True,True
3982,Arrendatarios,P5140,2666666.666666667,2800000.0,2.0,-133333.33333333302,-66666.66666666651,True,True,True,True,True,True
3983,Arrendatarios,P5140,268000.0,400000.0,3.0,-132000.0,-44000.0,True,True,True,True,True,True
3984,Arrendatarios,P5140,208333.33333333334,340000.0,1.0,-131666.66666666666,-131666.66666666666,True,True,True,True,True,True
3985,Arrendatarios,P5140,219583.33333333334,350000.0,3.0,-130416.66666666666,-43472.22222222222,True,True,True,True,True,True
3986,Arrendatarios,P5140,150000.0,280000.0,4.0,-130000.0,-32500.0,True,True,True,True,True,True
3987,Arrendatarios,P5140,120000.0,250000.0,4.0,-130000.0,-32500.0,True,True,True,True,True,True
3988,Arrendatarios,P5140,420000.0,550000.0,4.0,-130000.0,-32500.0,True,True,True,True,True,True
3989,Arrendatarios,P5140,150000.0,280000.0,2.0,-130000.0,-65000.0,True,True,True,True,True,True
3990,Arrendatarios,P5140,250000.0,380000.0,3.0,-130000.0,-43333.333333333336,True,True,True,True,True,True
3991,Arrendatarios,P5140,250000.0,380000.0,1.0,-130000.0,-130000.0,True,True,True,True,True,True
3992,Arrendatarios,P5140,320000.0,450000.0,3.0,-130000.0,-43333.333333333336,True,True,True,True,True,True
3993,Arrendatarios,P5140,320000.0,450000.0,2.0,-130000.0,-65000.0,True,True,True,True,True,True
3994,Arrendatarios,P5140,120000.0,250000.0,2.0,-130000.0,-65000.0,True,True,True,True,True,True
3995,Arrendatarios,P5140,240000.0,370000.0,4.0,-130000.0,-32500.0,True,True,True,True,True,True
3996,Arrendatarios,P5140,150000.0,280000.0,3.0,-130000.0,-43333.333333333336,True,True,True,True,True,True
3997,Arrendatarios,P5140,350000.0,480000.0,4.0,-130000.0,-32500.0,True,True,True,True,True,True
3998,Arrendatarios,P5140,170000.0,300000.0,1.0,-130000.0,-130000.0,True,True,True,True,True,True
3999,Arrendatarios,P5140,120000.0,250000.0,1.0,-130000.0,-130000.0,True,True,True,True,True,True
4000,Arrendatarios,P5140,200000.0,330000.0,1.0,-130000.0,-130000.0,True,True,True,True,True,True
4001,Arrendatarios,P5140,200000.0,330000.0,1.0,-130000.0,-130000.0,True,True,True,True,True,True
4002,Arrendatarios,P5140,200000.0,330000.0,4.0,-130000.0,-32500.0,True,True,True,True,True,True
4003,Arrendatarios,P5140,50000.0,180000.0,1.0,-130000.0,-130000.0,True,True,True,True,True,True
4004,Arrendatarios,P5140,250000.0,380000.0,1.0,-130000.0,-130000.0,True,True,True,True,True,True
4005,Arrendatarios,P5140,220000.0,350000.0,1.0,-130000.0,-130000.0,True,True,True,True,True,True
4006,Arrendatarios,P5140,50000.0,180000.0,3.0,-130000.0,-43333.333333333336,True,True,True,True,True,True
4007,Arrendatarios,P5140,720000.0,850000.0,1.0,-130000.0,-130000.0,True,True,True,True,True,True
4008,Arrendatarios,P5140,250000.0,380000.0,3.0,-130000.0,-43333.333333333336,True,True,True,True,True,True
4009,Arrendatarios,P5140,240000.0,370000.0,1.0,-130000.0,-130000.0,True,True,True,True,True,True
4010,Arrendatarios,P5140,270833.3333333333,400000.0,1.0,-129166.66666666669,-129166.66666666669,True,True,True,True,True,True
4011,Arrendatarios,P5140,291666.6666666667,420000.0,2.0,-128333.33333333331,-64166.66666666666,True,True,True,True,True,True
4012,Arrendatarios,P5140,271666.6666666667,400000.0,2.0,-128333.33333333331,-64166.66666666666,True,True,True,True,True,True
4013,Arrendatarios,P5140,173333.3333333333,300000.0,2.0,-126666.66666666669,-63333.33333333334,True,True,True,True,True,True
4014,Arrendatarios,P5140,475000.0,600000.0,3.0,-125000.0,-41666.666666666664,True,True,True,True,True,True
4015,Arrendatarios,P5140,275000.0,400000.0,3.0,-125000.0,-41666.666666666664,True,True,True,True,True,True
4016,Arrendatarios,P5140,225000.0,350000.0,2.0,-125000.0,-62500.0,True,True,True,True,True,True
4017,Arrendatarios,P5140,375000.0,500000.0,1.0,-125000.0,-125000.0,True,True,True,True,True,True
4018,Arrendatarios,P5140,125000.0,250000.0,3.0,-125000.0,-41666.666666666664,True,True,True,True,True,True
4019,Arrendatarios,P5140,25000.0,150000.0,1.0,-125000.0,-125000.0,True,True,True,True,True,True
4020,Arrendatarios,P5140,375000.0,500000.0,3.0,-125000.0,-41666.666666666664,True,True,True,True,True,True
4021,Arrendatarios,P5140,225000.0,350000.0,2.0,-125000.0,-62500.0,True,True,True,True,True,True
4022,Arrendatarios,P5140,575000.0,700000.0,2.0,-125000.0,-62500.0,True,True,True,True,True,True
4023,Arrendatarios,P5140,175000.0,300000.0,2.0,-125000.0,-62500.0,True,True,True,True,True,True
4024,Arrendatarios,P5140,375000.0,500000.0,4.0,-125000.0,-31250.0,True,True,True,True,True,True
4025,Arrendatarios,P5140,625000.0,750000.0,3.0,-125000.0,-41666.666666666664,True,True,True,True,True,True
4026,Arrendatarios,P5140,25000.0,150000.0,2.0,-125000.0,-62500.0,True,True,True,True,True,True
4027,Arrendatarios,P5140,125000.0,250000.0,1.0,-125000.0,-125000.0,True,True,True,True,True,True
4028,Arrendatarios,P5140,125000.0,250000.0,3.0,-125000.0,-41666.666666666664,True,True,True,True,True,True
4029,Arrendatarios,P5140,725000.0,850000.0,2.0,-125000.0,-62500.0,True,True,True,True,True,True
4030,Arrendatarios,P5140,125000.0,250000.0,3.0,-125000.0,-41666.666666666664,True,True,True,True,True,True
4031,Arrendatarios,P5140,475000.0,600000.0,2.0,-125000.0,-62500.0,True,True,True,True,True,True
4032,Arrendatarios,P5140,425000.0,550000.0,4.0,-125000.0,-31250.0,True,True,True,True,True,True
4033,Arrendatarios,P5140,575000.0,700000.0,4.0,-125000.0,-31250.0,True,True,True,True,True,True
4034,Arrendatarios,P5140,475000.0,600000.0,4.0,-125000.0,-31250.0,True,True,True,True,True,True
4035,Arrendatarios,P5140,375000.0,500000.0,1.0,-125000.0,-125000.0,True,True,True,True,True,True
4036,Arrendatarios,P5140,325000.0,450000.0,3.0,-125000.0,-41666.666666666664,True,True,True,True,True,True
4037,Arrendatarios,P5140,125000.0,250000.0,5.0,-125000.0,-25000.0,True,True,True,True,True,True
4038,Arrendatarios,P5140,75000.0,200000.0,1.0,-125000.0,-125000.0,True,True,True,True,True,True
4039,Arrendatarios,P5140,175000.0,300000.0,3.0,-125000.0,-41666.666666666664,True,True,True,True,True,True
4040,Arrendatarios,P5140,125000.0,250000.0,2.0,-125000.0,-62500.0,True,True,True,True,True,True
4041,Arrendatarios,P5140,175000.0,300000.0,4.0,-125000.0,-31250.0,True,True,True,True,True,True
4042,Arrendatarios,P5140,175000.0,300000.0,2.0,-125000.0,-62500.0,True,True,True,True,True,True
4043,Arrendatarios,P5140,225000.0,350000.0,2.0,-125000.0,-62500.0,True,True,True,True,True,True
4044,Arrendatarios,P5140,75000.0,200000.0,3.0,-125000.0,-41666.666666666664,True,True,True,True,True,True
4045,Arrendatarios,P5140,125000.0,250000.0,4.0,-125000.0,-31250.0,True,True,True,True,True,True
4046,Arrendatarios,P5140,375000.0,500000.0,2.0,-125000.0,-62500.0,True,True,True,True,True,True
4047,Arrendatarios,P5140,125000.0,250000.0,1.0,-125000.0,-125000.0,True,True,True,True,True,True
4048,Arrendatarios,P5140,375000.0,500000.0,7.0,-125000.0,-17857.14285714286,True,True,True,True,True,True
4049,Arrendatarios,P5140,125000.0,250000.0,3.0,-125000.0,-41666.666666666664,True,True,True,True,True,True
4050,Arrendatarios,P5140,125000.0,250000.0,2.0,-125000.0,-62500.0,True,True,True,True,True,True
4051,Arrendatarios,P5140,125000.0,250000.0,4.0,-125000.0,-31250.0,True,True,True,True,True,True
4052,Arrendatarios,P5140,175000.0,300000.0,3.0,-125000.0,-41666.666666666664,True,True,True,True,True,True
4053,Arrendatarios,P5140,375000.0,500000.0,2.0,-125000.0,-62500.0,True,True,True,True,True,True
4054,Arrendatarios,P5140,125000.0,250000.0,3.0,-125000.0,-41666.666666666664,True,True,True,True,True,True
4055,Arrendatarios,P5140,125000.0,250000.0,1.0,-125000.0,-125000.0,True,True,True,True,True,True
4056,Arrendatarios,P5140,25000.0,150000.0,1.0,-125000.0,-125000.0,True,True,True,True,True,True
4057,Arrendatarios,P5140,176666.66666666666,300000.0,2.0,-123333.33333333334,-61666.66666666667,True,True,True,True,True,True
4058,Arrendatarios,P5140,376666.6666666667,500000.0,1.0,-123333.33333333331,-123333.33333333331,True,True,True,True,True,True
4059,Arrendatarios,P5140,276666.6666666667,400000.0,4.0,-123333.33333333331,-30833.33333333333,True,True,True,True,True,True
4060,Arrendatarios,P5140,216666.6666666667,340000.0,1.0,-123333.33333333331,-123333.33333333331,True,True,True,True,True,True
4061,Arrendatarios,P5140,27500.0,150000.0,1.0,-122500.0,-122500.0,True,True,True,True,True,True
4062,Arrendatarios,P5140,127500.0,250000.0,2.0,-122500.0,-61250.0,True,True,True,True,True,True
4063,Arrendatarios,P5140,29166.666666666668,150000.0,1.0,-120833.33333333333,-120833.33333333333,True,True,True,True,True,True
4064,Arrendatarios,P5140,300000.0,420000.0,2.0,-120000.0,-60000.0,True,True,True,True,True,True
4065,Arrendatarios,P5140,280000.0,400000.0,2.0,-120000.0,-60000.0,True,True,True,True,True,True
4066,Arrendatarios,P5140,480000.0,600000.0,3.0,-120000.0,-40000.0,True,True,True,True,True,True
4067,Propietarios que pagan su vivienda,P5100,2000000.0,2120000.0,5.0,-120000.0,-24000.0,True,True,True,True,True,True
4068,Arrendatarios,P5140,300000.0,420000.0,3.0,-120000.0,-40000.0,True,True,True,True,True,True
4069,Arrendatarios,P5140,250000.0,370000.0,1.0,-120000.0,-120000.0,True,True,True,True,True,True
4070,Arrendatarios,P5140,180000.0,300000.0,1.0,-120000.0,-120000.0,True,True,True,True,True,True
4071,Arrendatarios,P5140,200000.0,320000.0,1.0,-120000.0,-120000.0,True,True,True,True,True,True
4072,Arrendatarios,P5140,380000.0,500000.0,2.0,-120000.0,-60000.0,True,True,True,True,True,True
4073,Arrendatarios,P5140,380000.0,500000.0,2.0,-120000.0,-60000.0,True,True,True,True,True,True
4074,Arrendatarios,P5140,320000.0,440000.0,3.0,-120000.0,-40000.0,True,True,True,True,True,True
4075,Arrendatarios,P5140,250000.0,370000.0,1.0,-120000.0,-120000.0,True,True,True,True,True,True
4076,Arrendatarios,P5140,280000.0,400000.0,1.0,-120000.0,-120000.0,True,True,True,True,True,True
4077,Arrendatarios,P5140,150000.0,270000.0,1.0,-120000.0,-120000.0,True,True,True,True,True,True
4078,Arrendatarios,P5140,80000.0,200000.0,1.0,-120000.0,-120000.0,True,True,True,True,True,True
4079,Arrendatarios,P5140,230000.0,350000.0,1.0,-120000.0,-120000.0,True,True,True,True,True,True
4080,Arrendatarios,P5140,80000.0,200000.0,1.0,-120000.0,-120000.0,True,True,True,True,True,True
4081,Arrendatarios,P5140,200000.0,320000.0,3.0,-120000.0,-40000.0,True,True,True,True,True,True
4082,Arrendatarios,P5140,250000.0,370000.0,1.0,-120000.0,-120000.0,True,True,True,True,True,True
4083,Arrendatarios,P5140,80000.0,200000.0,1.0,-120000.0,-120000.0,True,True,True,True,True,True
4084,Arrendatarios,P5140,80000.0,200000.0,2.0,-120000.0,-60000.0,True,True,True,True,True,True
4085,Arrendatarios,P5140,230000.0,350000.0,3.0,-120000.0,-40000.0,True,True,True,True,True,True
4086,Arrendatarios,P5140,150000.0,270000.0,2.0,-120000.0,-60000.0,True,True,True,True,True,True
4087,Arrendatarios,P5140,850000.0,970000.0,2.0,-120000.0,-60000.0,True,True,True,True,True,True
4088,Arrendatarios,P5140,480000.0,600000.0,1.0,-120000.0,-120000.0,True,True,True,True,True,True
4089,Arrendatarios,P5140,180000.0,300000.0,4.0,-120000.0,-30000.0,True,True,True,True,True,True
4090,Arrendatarios,P5140,280000.0,400000.0,1.0,-120000.0,-120000.0,True,True,True,True,True,True
4091,Arrendatarios,P5140,480000.0,600000.0,2.0,-120000.0,-60000.0,True,True,True,True,True,True
4092,Arrendatarios,P5140,80000.0,200000.0,1.0,-120000.0,-120000.0,True,True,True,True,True,True
4093,Arrendatarios,P5140,680000.0,800000.0,2.0,-120000.0,-60000.0,True,True,True,True,True,True
4094,Arrendatarios,P5140,60000.0,180000.0,3.0,-120000.0,-40000.0,True,True,True,True,True,True
4095,Arrendatarios,P5140,80000.0,200000.0,2.0,-120000.0,-60000.0,True,True,True,True,True,True
4096,Arrendatarios,P5140,200000.0,320000.0,2.0,-120000.0,-60000.0,True,True,True,True,True,True
4097,Arrendatarios,P5140,80000.0,200000.0,4.0,-120000.0,-30000.0,True,True,True,True,True,True
4098,Arrendatarios,P5140,180000.0,300000.0,1.0,-120000.0,-120000.0,True,True,True,True,True,True
4099,Arrendatarios,P5140,180000.0,300000.0,4.0,-120000.0,-30000.0,True,True,True,True,True,True
4100,Arrendatarios,P5140,180000.0,300000.0,1.0,-120000.0,-120000.0,True,True,True,True,True,True
4101,Arrendatarios,P5140,580000.0,700000.0,4.0,-120000.0,-30000.0,True,True,True,True,True,True
4102,Arrendatarios,P5140,180000.0,300000.0,4.0,-120000.0,-30000.0,True,True,True,True,True,True
4103,Arrendatarios,P5140,300000.0,420000.0,1.0,-120000.0,-120000.0,True,True,True,True,True,True
4104,Arrendatarios,P5140,380000.0,500000.0,4.0,-120000.0,-30000.0,True,True,True,True,True,True
4105,Arrendatarios,P5140,80000.0,200000.0,1.0,-120000.0,-120000.0,True,True,True,True,True,True
4106,Arrendatarios,P5140,480000.0,600000.0,4.0,-120000.0,-30000.0,True,True,True,True,True,True
4107,Arrendatarios,P5140,180000.0,300000.0,1.0,-120000.0,-120000.0,True,True,True,True,True,True
4108,Arrendatarios,P5140,250000.0,370000.0,1.0,-120000.0,-120000.0,True,True,True,True,True,True
4109,Arrendatarios,P5140,180000.0,300000.0,1.0,-120000.0,-120000.0,True,True,True,True,True,True
4110,Arrendatarios,P5140,30000.0,150000.0,2.0,-120000.0,-60000.0,True,True,True,True,True,True
4111,Arrendatarios,P5140,80000.0,200000.0,4.0,-120000.0,-30000.0,True,True,True,True,True,True
4112,Arrendatarios,P5140,531666.6666666667,650000.0,1.0,-118333.33333333326,-118333.33333333326,True,True,True,True,True,True
4113,Arrendatarios,P5140,182500.0,300000.0,4.0,-117500.0,-29375.0,True,True,True,True,True,True
4114,Arrendatarios,P5140,352500.0,470000.0,1.0,-117500.0,-117500.0,True,True,True,True,True,True
4115,Arrendatarios,P5140,1083333.3333333333,1200000.0,2.0,-116666.66666666674,-58333.33333333337,True,True,True,True,True,True
4116,Arrendatarios,P5140,1283333.3333333333,1400000.0,4.0,-116666.66666666674,-29166.666666666686,True,True,True,True,True,True
4117,Arrendatarios,P5140,633333.3333333333,750000.0,2.0,-116666.66666666674,-58333.33333333337,True,True,True,True,True,True
4118,Arrendatarios,P5140,583333.3333333333,700000.0,2.0,-116666.66666666674,-58333.33333333337,True,True,True,True,True,True
4119,Arrendatarios,P5140,383333.3333333333,500000.0,4.0,-116666.66666666669,-29166.66666666667,True,True,True,True,True,True
4120,Arrendatarios,P5140,333333.3333333333,450000.0,2.0,-116666.66666666669,-58333.33333333334,True,True,True,True,True,True
4121,Arrendatarios,P5140,233333.3333333333,350000.0,1.0,-116666.66666666669,-116666.66666666669,True,True,True,True,True,True
4122,Arrendatarios,P5140,333333.3333333333,450000.0,3.0,-116666.66666666669,-38888.8888888889,True,True,True,True,True,True
4123,Arrendatarios,P5140,283333.3333333333,400000.0,2.0,-116666.66666666669,-58333.33333333334,True,True,True,True,True,True
4124,Arrendatarios,P5140,383333.3333333333,500000.0,1.0,-116666.66666666669,-116666.66666666669,True,True,True,True,True,True
4125,Arrendatarios,P5140,333333.3333333333,450000.0,2.0,-116666.66666666669,-58333.33333333334,True,True,True,True,True,True
4126,Arrendatarios,P5140,333333.3333333333,450000.0,5.0,-116666.66666666669,-23333.333333333336,True,True,True,True,True,True
4127,Arrendatarios,P5140,283333.3333333333,400000.0,2.0,-116666.66666666669,-58333.33333333334,True,True,True,True,True,True
4128,Arrendatarios,P5140,183333.3333333333,300000.0,4.0,-116666.66666666669,-29166.66666666667,True,True,True,True,True,True
4129,Propietarios que pagan su vivienda,P5100,283333.3333333333,400000.0,3.0,-116666.66666666669,-38888.8888888889,True,True,True,True,True,True
4130,Arrendatarios,P5140,333333.3333333333,450000.0,1.0,-116666.66666666669,-116666.66666666669,True,True,True,True,True,True
4131,Arrendatarios,P5140,333333.3333333333,450000.0,1.0,-116666.66666666669,-116666.66666666669,True,True,True,True,True,True
4132,Arrendatarios,P5140,483333.3333333333,600000.0,3.0,-116666.66666666669,-38888.8888888889,True,True,True,True,True,True
4133,Arrendatarios,P5140,233333.3333333333,350000.0,4.0,-116666.66666666669,-29166.66666666667,True,True,True,True,True,True
4134,Arrendatarios,P5140,483333.3333333333,600000.0,1.0,-116666.66666666669,-116666.66666666669,True,True,True,True,True,True
4135,Arrendatarios,P5140,283333.3333333333,400000.0,5.0,-116666.66666666669,-23333.333333333336,True,True,True,True,True,True
4136,Arrendatarios,P5140,333333.3333333333,450000.0,2.0,-116666.66666666669,-58333.33333333334,True,True,True,True,True,True
4137,Arrendatarios,P5140,283333.3333333333,400000.0,2.0,-116666.66666666669,-58333.33333333334,True,True,True,True,True,True
4138,Arrendatarios,P5140,333333.3333333333,450000.0,2.0,-116666.66666666669,-58333.33333333334,True,True,True,True,True,True
4139,Arrendatarios,P5140,183333.3333333333,300000.0,3.0,-116666.66666666669,-38888.8888888889,True,True,True,True,True,True
4140,Arrendatarios,P5140,183333.3333333333,300000.0,4.0,-116666.66666666669,-29166.66666666667,True,True,True,True,True,True
4141,Arrendatarios,P5140,83333.33333333333,200000.0,1.0,-116666.66666666667,-116666.66666666667,True,True,True,True,True,True
4142,Arrendatarios,P5140,83333.33333333333,200000.0,1.0,-116666.66666666667,-116666.66666666667,True,True,True,True,True,True
4143,Arrendatarios,P5140,83333.33333333333,200000.0,1.0,-116666.66666666667,-116666.66666666667,True,True,True,True,True,True
4144,Arrendatarios,P5140,83333.33333333333,200000.0,1.0,-116666.66666666667,-116666.66666666667,True,True,True,True,True,True
4145,Arrendatarios,P5140,83333.33333333333,200000.0,1.0,-116666.66666666667,-116666.66666666667,True,True,True,True,True,True
4146,Arrendatarios,P5140,83333.33333333333,200000.0,2.0,-116666.66666666667,-58333.333333333336,True,True,True,True,True,True
4147,Arrendatarios,P5140,83333.33333333333,200000.0,1.0,-116666.66666666667,-116666.66666666667,True,True,True,True,True,True
4148,Arrendatarios,P5140,83333.33333333333,200000.0,1.0,-116666.66666666667,-116666.66666666667,True,True,True,True,True,True
4149,Arrendatarios,P5140,83333.33333333333,200000.0,2.0,-116666.66666666667,-58333.333333333336,True,True,True,True,True,True
4150,Arrendatarios,P5140,83333.33333333333,200000.0,4.0,-116666.66666666667,-29166.666666666668,True,True,True,True,True,True
4151,Arrendatarios,P5140,83333.33333333333,200000.0,2.0,-116666.66666666667,-58333.333333333336,True,True,True,True,True,True
4152,Arrendatarios,P5140,83333.33333333333,200000.0,4.0,-116666.66666666667,-29166.666666666668,True,True,True,True,True,True
4153,Arrendatarios,P5140,83333.33333333333,200000.0,1.0,-116666.66666666667,-116666.66666666667,True,True,True,True,True,True
4154,Arrendatarios,P5140,133333.33333333334,250000.0,1.0,-116666.66666666666,-116666.66666666666,True,True,True,True,True,True
4155,Arrendatarios,P5140,33333.333333333336,150000.0,2.0,-116666.66666666666,-58333.33333333333,True,True,True,True,True,True
4156,Arrendatarios,P5140,33333.333333333336,150000.0,2.0,-116666.66666666666,-58333.33333333333,True,True,True,True,True,True
4157,Arrendatarios,P5140,33333.333333333336,150000.0,2.0,-116666.66666666666,-58333.33333333333,True,True,True,True,True,True
4158,Arrendatarios,P5140,233333.33333333334,350000.0,2.0,-116666.66666666666,-58333.33333333333,True,True,True,True,True,True
4159,Arrendatarios,P5140,133333.33333333334,250000.0,3.0,-116666.66666666666,-38888.88888888888,True,True,True,True,True,True
4160,Arrendatarios,P5140,133333.33333333334,250000.0,1.0,-116666.66666666666,-116666.66666666666,True,True,True,True,True,True
4161,Arrendatarios,P5140,183333.33333333334,300000.0,1.0,-116666.66666666666,-116666.66666666666,True,True,True,True,True,True
4162,Arrendatarios,P5140,33333.333333333336,150000.0,4.0,-116666.66666666666,-29166.666666666664,True,True,True,True,True,True
4163,Arrendatarios,P5140,233333.33333333334,350000.0,4.0,-116666.66666666666,-29166.666666666664,True,True,True,True,True,True
4164,Arrendatarios,P5140,33333.333333333336,150000.0,2.0,-116666.66666666666,-58333.33333333333,True,True,True,True,True,True
4165,Arrendatarios,P5140,583333.3333333334,700000.0,3.0,-116666.66666666663,-38888.888888888876,True,True,True,True,True,True
4166,Arrendatarios,P5140,583333.3333333334,700000.0,3.0,-116666.66666666663,-38888.888888888876,True,True,True,True,True,True
4167,Arrendatarios,P5140,583333.3333333334,700000.0,2.0,-116666.66666666663,-58333.333333333314,True,True,True,True,True,True
4168,Arrendatarios,P5140,583333.3333333334,700000.0,2.0,-116666.66666666663,-58333.333333333314,True,True,True,True,True,True
4169,Arrendatarios,P5140,433333.3333333334,550000.0,1.0,-116666.66666666663,-116666.66666666663,True,True,True,True,True,True
4170,Arrendatarios,P5140,883333.3333333334,1000000.0,1.0,-116666.66666666663,-116666.66666666663,True,True,True,True,True,True
4171,Arrendatarios,P5140,583333.3333333334,700000.0,1.0,-116666.66666666663,-116666.66666666663,True,True,True,True,True,True
4172,Arrendatarios,P5140,133833.33333333334,250000.0,2.0,-116166.66666666666,-58083.33333333333,True,True,True,True,True,True
4173,Arrendatarios,P5140,600000.0,715000.0,1.0,-115000.0,-115000.0,True,True,True,True,True,True
4174,Arrendatarios,P5140,166666.66666666666,280000.0,4.0,-113333.33333333334,-28333.333333333336,True,True,True,True,True,True
4175,Arrendatarios,P5140,166666.66666666666,280000.0,3.0,-113333.33333333334,-37777.77777777778,True,True,True,True,True,True
4176,Arrendatarios,P5140,166666.66666666666,280000.0,5.0,-113333.33333333334,-22666.666666666668,True,True,True,True,True,True
4177,Arrendatarios,P5140,466666.6666666667,580000.0,2.0,-113333.33333333331,-56666.66666666666,True,True,True,True,True,True
4178,Arrendatarios,P5140,306666.6666666667,420000.0,1.0,-113333.33333333331,-113333.33333333331,True,True,True,True,True,True
4179,Arrendatarios,P5140,266666.6666666667,380000.0,3.0,-113333.33333333331,-37777.777777777774,True,True,True,True,True,True
4180,Arrendatarios,P5140,466666.6666666667,580000.0,1.0,-113333.33333333331,-113333.33333333331,True,True,True,True,True,True
4181,Arrendatarios,P5140,137500.0,250000.0,1.0,-112500.0,-112500.0,True,True,True,True,True,True
4182,Arrendatarios,P5140,37500.0,150000.0,1.0,-112500.0,-112500.0,True,True,True,True,True,True
4183,Arrendatarios,P5140,337500.0,450000.0,4.0,-112500.0,-28125.0,True,True,True,True,True,True
4184,Arrendatarios,P5140,237500.0,350000.0,5.0,-112500.0,-22500.0,True,True,True,True,True,True
4185,Arrendatarios,P5140,137750.0,250000.0,1.0,-112250.0,-112250.0,True,True,True,True,True,True
4186,Arrendatarios,P5140,338000.0,450000.0,1.0,-112000.0,-112000.0,True,True,True,True,True,True
4187,Arrendatarios,P5140,488333.3333333333,600000.0,2.0,-111666.66666666669,-55833.33333333334,True,True,True,True,True,True
4188,Arrendatarios,P5140,308333.3333333333,420000.0,3.0,-111666.66666666669,-37222.222222222226,True,True,True,True,True,True
4189,Arrendatarios,P5140,208333.33333333334,320000.0,1.0,-111666.66666666666,-111666.66666666666,True,True,True,True,True,True
4190,Arrendatarios,P5140,138333.33333333334,250000.0,3.0,-111666.66666666666,-37222.22222222222,True,True,True,True,True,True
4191,Arrendatarios,P5140,238333.33333333334,350000.0,1.0,-111666.66666666666,-111666.66666666666,True,True,True,True,True,True
4192,Arrendatarios,P5140,79166.66666666667,190000.0,1.0,-110833.33333333333,-110833.33333333333,True,True,True,True,True,True
4193,Arrendatarios,P5140,139583.3333333333,250000.0,1.0,-110416.66666666669,-110416.66666666669,True,True,True,True,True,True
4194,Arrendatarios,P5140,240000.0,350000.0,3.0,-110000.0,-36666.666666666664,True,True,True,True,True,True
4195,Arrendatarios,P5140,100000.0,210000.0,1.0,-110000.0,-110000.0,True,True,True,True,True,True
4196,Arrendatarios,P5140,240000.0,350000.0,1.0,-110000.0,-110000.0,True,True,True,True,True,True
4197,Arrendatarios,P5140,140000.0,250000.0,1.0,-110000.0,-110000.0,True,True,True,True,True,True
4198,Arrendatarios,P5140,390000.0,500000.0,3.0,-110000.0,-36666.666666666664,True,True,True,True,True,True
4199,Arrendatarios,P5140,540000.0,650000.0,3.0,-110000.0,-36666.666666666664,True,True,True,True,True,True
4200,Arrendatarios,P5140,170000.0,280000.0,6.0,-110000.0,-18333.333333333332,True,True,True,True,True,True
4201,Arrendatarios,P5140,140000.0,250000.0,5.0,-110000.0,-22000.0,True,True,True,True,True,True
4202,Arrendatarios,P5140,250000.0,360000.0,4.0,-110000.0,-27500.0,True,True,True,True,True,True
4203,Arrendatarios,P5140,350000.0,460000.0,2.0,-110000.0,-55000.0,True,True,True,True,True,True
4204,Arrendatarios,P5140,250000.0,360000.0,1.0,-110000.0,-110000.0,True,True,True,True,True,True
4205,Arrendatarios,P5140,190000.0,300000.0,2.0,-110000.0,-55000.0,True,True,True,True,True,True
4206,Arrendatarios,P5140,250000.0,360000.0,3.0,-110000.0,-36666.666666666664,True,True,True,True,True,True
4207,Arrendatarios,P5140,190000.0,300000.0,3.0,-110000.0,-36666.666666666664,True,True,True,True,True,True
4208,Arrendatarios,P5140,410000.0,520000.0,3.0,-110000.0,-36666.666666666664,True,True,True,True,True,True
4209,Arrendatarios,P5140,440000.0,550000.0,2.0,-110000.0,-55000.0,True,True,True,True,True,True
4210,Arrendatarios,P5140,340000.0,450000.0,2.0,-110000.0,-55000.0,True,True,True,True,True,True
4211,Arrendatarios,P5140,140000.0,250000.0,3.0,-110000.0,-36666.666666666664,True,True,True,True,True,True
4212,Arrendatarios,P5140,1590166.6666666667,1700000.0,2.0,-109833.33333333326,-54916.66666666663,True,True,True,True,True,True
4213,Arrendatarios,P5140,790666.6666666666,900000.0,2.0,-109333.33333333337,-54666.666666666686,True,True,True,True,True,True
4214,Arrendatarios,P5140,60833.333333333336,170000.0,1.0,-109166.66666666666,-109166.66666666666,True,True,True,True,True,True
4215,Arrendatarios,P5140,541666.6666666666,650000.0,2.0,-108333.33333333337,-54166.666666666686,True,True,True,True,True,True
4216,Arrendatarios,P5140,341666.6666666666,450000.0,2.0,-108333.33333333337,-54166.666666666686,True,True,True,True,True,True
4217,Arrendatarios,P5140,191666.66666666666,300000.0,4.0,-108333.33333333334,-27083.333333333336,True,True,True,True,True,True
4218,Arrendatarios,P5140,241666.66666666666,350000.0,2.0,-108333.33333333334,-54166.66666666667,True,True,True,True,True,True
4219,Arrendatarios,P5140,191666.66666666666,300000.0,1.0,-108333.33333333334,-108333.33333333334,True,True,True,True,True,True
4220,Arrendatarios,P5140,241666.66666666666,350000.0,3.0,-108333.33333333334,-36111.11111111112,True,True,True,True,True,True
4221,Arrendatarios,P5140,241666.66666666666,350000.0,1.0,-108333.33333333334,-108333.33333333334,True,True,True,True,True,True
4222,Arrendatarios,P5140,191666.66666666666,300000.0,1.0,-108333.33333333334,-108333.33333333334,True,True,True,True,True,True
4223,Arrendatarios,P5140,91666.66666666666,200000.0,2.0,-108333.33333333334,-54166.66666666667,True,True,True,True,True,True
4224,Arrendatarios,P5140,121666.66666666666,230000.0,1.0,-108333.33333333334,-108333.33333333334,True,True,True,True,True,True
4225,Arrendatarios,P5140,291666.6666666667,400000.0,1.0,-108333.33333333331,-108333.33333333331,True,True,True,True,True,True
4226,Arrendatarios,P5140,291666.6666666667,400000.0,3.0,-108333.33333333331,-36111.1111111111,True,True,True,True,True,True
4227,Arrendatarios,P5140,391666.6666666667,500000.0,3.0,-108333.33333333331,-36111.1111111111,True,True,True,True,True,True
4228,Arrendatarios,P5140,291666.6666666667,400000.0,1.0,-108333.33333333331,-108333.33333333331,True,True,True,True,True,True
4229,Arrendatarios,P5140,341666.6666666667,450000.0,1.0,-108333.33333333331,-108333.33333333331,True,True,True,True,True,True
4230,Arrendatarios,P5140,441666.6666666667,550000.0,3.0,-108333.33333333331,-36111.1111111111,True,True,True,True,True,True
4231,Arrendatarios,P5140,491666.6666666667,600000.0,2.0,-108333.33333333331,-54166.66666666666,True,True,True,True,True,True
4232,Arrendatarios,P5140,191666.6666666667,300000.0,4.0,-108333.33333333331,-27083.33333333333,True,True,True,True,True,True
4233,Arrendatarios,P5140,291666.6666666667,400000.0,2.0,-108333.33333333331,-54166.66666666666,True,True,True,True,True,True
4234,Arrendatarios,P5140,391666.6666666667,500000.0,4.0,-108333.33333333331,-27083.33333333333,True,True,True,True,True,True
4235,Arrendatarios,P5140,291666.6666666667,400000.0,1.0,-108333.33333333331,-108333.33333333331,True,True,True,True,True,True
4236,Arrendatarios,P5140,291666.6666666667,400000.0,1.0,-108333.33333333331,-108333.33333333331,True,True,True,True,True,True
4237,Arrendatarios,P5140,291666.6666666667,400000.0,3.0,-108333.33333333331,-36111.1111111111,True,True,True,True,True,True
4238,Arrendatarios,P5140,341666.6666666667,450000.0,4.0,-108333.33333333331,-27083.33333333333,True,True,True,True,True,True
4239,Arrendatarios,P5140,591666.6666666667,700000.0,3.0,-108333.33333333326,-36111.11111111109,True,True,True,True,True,True
4240,Arrendatarios,P5140,691666.6666666667,800000.0,3.0,-108333.33333333326,-36111.11111111109,True,True,True,True,True,True
4241,Arrendatarios,P5140,342000.0,450000.0,1.0,-108000.0,-108000.0,True,True,True,True,True,True
4242,Arrendatarios,P5140,593000.0,700000.0,3.0,-107000.0,-35666.666666666664,True,True,True,True,True,True
4243,Arrendatarios,P5140,193042.0,300000.0,3.0,-106958.0,-35652.666666666664,True,True,True,True,True,True
4244,Arrendatarios,P5140,243333.3333333333,350000.0,2.0,-106666.66666666669,-53333.33333333334,True,True,True,True,True,True
4245,Arrendatarios,P5140,243750.0,350000.0,2.0,-106250.0,-53125.0,True,True,True,True,True,True
4246,Arrendatarios,P5140,393750.0,500000.0,6.0,-106250.0,-17708.333333333332,True,True,True,True,True,True
4247,Arrendatarios,P5140,45000.0,150000.0,2.0,-105000.0,-52500.0,True,True,True,True,True,True
4248,Arrendatarios,P5140,75000.0,180000.0,1.0,-105000.0,-105000.0,True,True,True,True,True,True
4249,Arrendatarios,P5140,345000.0,450000.0,3.0,-105000.0,-35000.0,True,True,True,True,True,True
4250,Arrendatarios,P5140,195000.0,300000.0,3.0,-105000.0,-35000.0,True,True,True,True,True,True
4251,Arrendatarios,P5140,416666.6666666666,520000.0,3.0,-103333.33333333337,-34444.44444444446,True,True,True,True,True,True
4252,Arrendatarios,P5140,166666.66666666666,270000.0,1.0,-103333.33333333334,-103333.33333333334,True,True,True,True,True,True
4253,Arrendatarios,P5140,246666.66666666666,350000.0,3.0,-103333.33333333334,-34444.444444444445,True,True,True,True,True,True
4254,Arrendatarios,P5140,96666.66666666666,200000.0,3.0,-103333.33333333334,-34444.444444444445,True,True,True,True,True,True
4255,Arrendatarios,P5140,166666.66666666666,270000.0,1.0,-103333.33333333334,-103333.33333333334,True,True,True,True,True,True
4256,Arrendatarios,P5140,246666.66666666666,350000.0,3.0,-103333.33333333334,-34444.444444444445,True,True,True,True,True,True
4257,Propietarios que pagan su vivienda,P5100,496666.6666666667,600000.0,2.0,-103333.33333333331,-51666.66666666666,True,True,True,True,True,True
4258,Arrendatarios,P5140,146666.6666666667,250000.0,1.0,-103333.33333333331,-103333.33333333331,True,True,True,True,True,True
4259,Arrendatarios,P5140,146666.6666666667,250000.0,1.0,-103333.33333333331,-103333.33333333331,True,True,True,True,True,True
4260,Arrendatarios,P5140,298000.0,400000.0,1.0,-102000.0,-102000.0,True,True,True,True,True,True
4261,Arrendatarios,P5140,500000.0,600000.0,4.0,-100000.0,-25000.0,True,True,True,True,True,True
4262,Arrendatarios,P5140,150000.0,250000.0,5.0,-100000.0,-20000.0,True,True,True,True,True,True
4263,Arrendatarios,P5140,500000.0,600000.0,2.0,-100000.0,-50000.0,True,True,True,True,True,True
4264,Arrendatarios,P5140,400000.0,500000.0,2.0,-100000.0,-50000.0,True,True,True,True,True,True
4265,Arrendatarios,P5140,1000000.0,1100000.0,2.0,-100000.0,-50000.0,True,True,True,True,True,True
4266,Arrendatarios,P5140,300000.0,400000.0,1.0,-100000.0,-100000.0,True,True,True,True,True,True
4267,Arrendatarios,P5140,300000.0,400000.0,2.0,-100000.0,-50000.0,True,True,True,True,True,True
4268,Arrendatarios,P5140,200000.0,300000.0,3.0,-100000.0,-33333.333333333336,True,True,True,True,True,True
4269,Arrendatarios,P5140,250000.0,350000.0,2.0,-100000.0,-50000.0,True,True,True,True,True,True
4270,Arrendatarios,P5140,500000.0,600000.0,2.0,-100000.0,-50000.0,True,True,True,True,True,True
4271,Arrendatarios,P5140,250000.0,350000.0,3.0,-100000.0,-33333.333333333336,True,True,True,True,True,True
4272,Arrendatarios,P5140,100000.0,200000.0,1.0,-100000.0,-100000.0,True,True,True,True,True,True
4273,Propietarios que pagan su vivienda,P5100,800000.0,900000.0,2.0,-100000.0,-50000.0,True,True,True,True,True,True
4274,Arrendatarios,P5140,400000.0,500000.0,1.0,-100000.0,-100000.0,True,True,True,True,True,True
4275,Arrendatarios,P5140,250000.0,350000.0,1.0,-100000.0,-100000.0,True,True,True,True,True,True
4276,Arrendatarios,P5140,300000.0,400000.0,1.0,-100000.0,-100000.0,True,True,True,True,True,True
4277,Arrendatarios,P5140,800000.0,900000.0,1.0,-100000.0,-100000.0,True,True,True,True,True,True
4278,Arrendatarios,P5140,400000.0,500000.0,2.0,-100000.0,-50000.0,True,True,True,True,True,True
4279,Arrendatarios,P5140,350000.0,450000.0,4.0,-100000.0,-25000.0,True,True,True,True,True,True
4280,Arrendatarios,P5140,1500000.0,1600000.0,4.0,-100000.0,-25000.0,True,True,True,True,True,True
4281,Arrendatarios,P5140,700000.0,800000.0,2.0,-100000.0,-50000.0,True,True,True,True,True,True
4282,Arrendatarios,P5140,500000.0,600000.0,4.0,-100000.0,-25000.0,True,True,True,True,True,True
4283,Arrendatarios,P5140,400000.0,500000.0,1.0,-100000.0,-100000.0,True,True,True,True,True,True
4284,Arrendatarios,P5140,300000.0,400000.0,2.0,-100000.0,-50000.0,True,True,True,True,True,True
4285,Arrendatarios,P5140,300000.0,400000.0,3.0,-100000.0,-33333.333333333336,True,True,True,True,True,True
4286,Arrendatarios,P5140,400000.0,500000.0,3.0,-100000.0,-33333.333333333336,True,True,True,True,True,True
4287,Arrendatarios,P5140,900000.0,1000000.0,3.0,-100000.0,-33333.333333333336,True,True,True,True,True,True
4288,Arrendatarios,P5140,100000.0,200000.0,1.0,-100000.0,-100000.0,True,True,True,True,True,True
4289,Arrendatarios,P5140,1300000.0,1400000.0,1.0,-100000.0,-100000.0,True,True,True,True,True,True
4290,Arrendatarios,P5140,300000.0,400000.0,4.0,-100000.0,-25000.0,True,True,True,True,True,True
4291,Arrendatarios,P5140,150000.0,250000.0,2.0,-100000.0,-50000.0,True,True,True,True,True,True
4292,Arrendatarios,P5140,300000.0,400000.0,3.0,-100000.0,-33333.333333333336,True,True,True,True,True,True
4293,Arrendatarios,P5140,700000.0,800000.0,5.0,-100000.0,-20000.0,True,True,True,True,True,True
4294,Propietarios que pagan su vivienda,P5100,600000.0,700000.0,3.0,-100000.0,-33333.333333333336,True,True,True,True,True,True
4295,Propietarios que pagan su vivienda,P5100,500000.0,600000.0,4.0,-100000.0,-25000.0,True,True,True,True,True,True
4296,Arrendatarios,P5140,750000.0,850000.0,1.0,-100000.0,-100000.0,True,True,True,True,True,True
4297,Arrendatarios,P5140,100000.0,200000.0,3.0,-100000.0,-33333.333333333336,True,True,True,True,True,True
4298,Arrendatarios,P5140,250000.0,350000.0,1.0,-100000.0,-100000.0,True,True,True,True,True,True
4299,Propietarios que pagan su vivienda,P5100,830000.0,930000.0,2.0,-100000.0,-50000.0,True,True,True,True,True,True
4300,Arrendatarios,P5140,400000.0,500000.0,2.0,-100000.0,-50000.0,True,True,True,True,True,True
4301,Arrendatarios,P5140,150000.0,250000.0,2.0,-100000.0,-50000.0,True,True,True,True,True,True
4302,Arrendatarios,P5140,500000.0,600000.0,1.0,-100000.0,-100000.0,True,True,True,True,True,True
4303,Arrendatarios,P5140,300000.0,400000.0,2.0,-100000.0,-50000.0,True,True,True,True,True,True
4304,Arrendatarios,P5140,100000.0,200000.0,2.0,-100000.0,-50000.0,True,True,True,True,True,True
4305,Arrendatarios,P5140,300000.0,400000.0,1.0,-100000.0,-100000.0,True,True,True,True,True,True
4306,Arrendatarios,P5140,300000.0,400000.0,2.0,-100000.0,-50000.0,True,True,True,True,True,True
4307,Arrendatarios,P5140,300000.0,400000.0,2.0,-100000.0,-50000.0,True,True,True,True,True,True
4308,Arrendatarios,P5140,70000.0,170000.0,3.0,-100000.0,-33333.333333333336,True,True,True,True,True,True
4309,Arrendatarios,P5140,500000.0,600000.0,1.0,-100000.0,-100000.0,True,True,True,True,True,True
4310,Arrendatarios,P5140,150000.0,250000.0,4.0,-100000.0,-25000.0,True,True,True,True,True,True
4311,Arrendatarios,P5140,200000.0,300000.0,2.0,-100000.0,-50000.0,True,True,True,True,True,True
4312,Arrendatarios,P5140,300000.0,400000.0,7.0,-100000.0,-14285.714285714286,True,True,True,True,True,True
4313,Arrendatarios,P5140,500000.0,600000.0,4.0,-100000.0,-25000.0,True,True,True,True,True,True
4314,Arrendatarios,P5140,200000.0,300000.0,1.0,-100000.0,-100000.0,True,True,True,True,True,True
4315,Arrendatarios,P5140,500000.0,600000.0,2.0,-100000.0,-50000.0,True,True,True,True,True,True
4316,Arrendatarios,P5140,500000.0,600000.0,3.0,-100000.0,-33333.333333333336,True,True,True,True,True,True
4317,Arrendatarios,P5140,800000.0,900000.0,7.0,-100000.0,-14285.714285714286,True,True,True,True,True,True
4318,Propietarios que pagan su vivienda,P5100,850000.0,950000.0,1.0,-100000.0,-100000.0,True,True,True,True,True,True
4319,Arrendatarios,P5140,1100000.0,1200000.0,2.0,-100000.0,-50000.0,True,True,True,True,True,True
4320,Arrendatarios,P5140,500000.0,600000.0,3.0,-100000.0,-33333.333333333336,True,True,True,True,True,True
4321,Arrendatarios,P5140,250000.0,350000.0,2.0,-100000.0,-50000.0,True,True,True,True,True,True
4322,Arrendatarios,P5140,1000000.0,1100000.0,1.0,-100000.0,-100000.0,True,True,True,True,True,True
4323,Arrendatarios,P5140,500000.0,600000.0,1.0,-100000.0,-100000.0,True,True,True,True,True,True
4324,Arrendatarios,P5140,500000.0,600000.0,1.0,-100000.0,-100000.0,True,True,True,True,True,True
4325,Arrendatarios,P5140,400000.0,500000.0,1.0,-100000.0,-100000.0,True,True,True,True,True,True
4326,Arrendatarios,P5140,250000.0,350000.0,2.0,-100000.0,-50000.0,True,True,True,True,True,True
4327,Arrendatarios,P5140,1000000.0,1100000.0,3.0,-100000.0,-33333.333333333336,True,True,True,True,True,True
4328,Arrendatarios,P5140,600000.0,700000.0,3.0,-100000.0,-33333.333333333336,True,True,True,True,True,True
4329,Propietarios que pagan su vivienda,P5100,1400000.0,1500000.0,3.0,-100000.0,-33333.333333333336,True,True,True,True,True,True
4330,Arrendatarios,P5140,200000.0,300000.0,1.0,-100000.0,-100000.0,True,True,True,True,True,True
4331,Arrendatarios,P5140,250000.0,350000.0,1.0,-100000.0,-100000.0,True,True,True,True,True,True
4332,Arrendatarios,P5140,350000.0,450000.0,3.0,-100000.0,-33333.333333333336,True,True,True,True,True,True
4333,Arrendatarios,P5140,300000.0,400000.0,2.0,-100000.0,-50000.0,True,True,True,True,True,True
4334,Arrendatarios,P5140,1400000.0,1500000.0,3.0,-100000.0,-33333.333333333336,True,True,True,True,True,True
4335,Arrendatarios,P5140,300000.0,400000.0,3.0,-100000.0,-33333.333333333336,True,True,True,True,True,True
4336,Arrendatarios,P5140,200000.0,300000.0,2.0,-100000.0,-50000.0,True,True,True,True,True,True
4337,Arrendatarios,P5140,400000.0,500000.0,1.0,-100000.0,-100000.0,True,True,True,True,True,True
4338,Arrendatarios,P5140,150000.0,250000.0,1.0,-100000.0,-100000.0,True,True,True,True,True,True
4339,Arrendatarios,P5140,800000.0,900000.0,2.0,-100000.0,-50000.0,True,True,True,True,True,True
4340,Arrendatarios,P5140,100000.0,200000.0,4.0,-100000.0,-25000.0,True,True,True,True,True,True
4341,Arrendatarios,P5140,200000.0,300000.0,2.0,-100000.0,-50000.0,True,True,True,True,True,True
4342,Arrendatarios,P5140,500000.0,600000.0,1.0,-100000.0,-100000.0,True,True,True,True,True,True
4343,Arrendatarios,P5140,1500000.0,1600000.0,1.0,-100000.0,-100000.0,True,True,True,True,True,True
4344,Arrendatarios,P5140,200000.0,300000.0,1.0,-100000.0,-100000.0,True,True,True,True,True,True
4345,Arrendatarios,P5140,800000.0,900000.0,2.0,-100000.0,-50000.0,True,True,True,True,True,True
4346,Arrendatarios,P5140,200000.0,300000.0,1.0,-100000.0,-100000.0,True,True,True,True,True,True
4347,Arrendatarios,P5140,1400000.0,1500000.0,2.0,-100000.0,-50000.0,True,True,True,True,True,True
4348,Arrendatarios,P5140,100000.0,200000.0,1.0,-100000.0,-100000.0,True,True,True,True,True,True
4349,Propietarios que pagan su vivienda,P5100,300000.0,400000.0,5.0,-100000.0,-20000.0,True,True,True,True,True,True
4350,Arrendatarios,P5140,700000.0,800000.0,1.0,-100000.0,-100000.0,True,True,True,True,True,True
4351,Arrendatarios,P5140,300000.0,400000.0,1.0,-100000.0,-100000.0,True,True,True,True,True,True
4352,Arrendatarios,P5140,1500000.0,1600000.0,1.0,-100000.0,-100000.0,True,True,True,True,True,True
4353,Arrendatarios,P5140,300000.0,400000.0,3.0,-100000.0,-33333.333333333336,True,True,True,True,True,True
4354,Arrendatarios,P5140,250000.0,350000.0,3.0,-100000.0,-33333.333333333336,True,True,True,True,True,True
4355,Arrendatarios,P5140,1000000.0,1100000.0,1.0,-100000.0,-100000.0,True,True,True,True,True,True
4356,Arrendatarios,P5140,600000.0,700000.0,3.0,-100000.0,-33333.333333333336,True,True,True,True,True,True
4357,Arrendatarios,P5140,250000.0,350000.0,2.0,-100000.0,-50000.0,True,True,True,True,True,True
4358,Arrendatarios,P5140,250000.0,350000.0,1.0,-100000.0,-100000.0,True,True,True,True,True,True
4359,Arrendatarios,P5140,500000.0,600000.0,5.0,-100000.0,-20000.0,True,True,True,True,True,True
4360,Arrendatarios,P5140,600000.0,700000.0,1.0,-100000.0,-100000.0,True,True,True,True,True,True
4361,Arrendatarios,P5140,400000.0,500000.0,5.0,-100000.0,-20000.0,True,True,True,True,True,True
4362,Arrendatarios,P5140,400000.0,500000.0,1.0,-100000.0,-100000.0,True,True,True,True,True,True
4363,Arrendatarios,P5140,350000.0,450000.0,4.0,-100000.0,-25000.0,True,True,True,True,True,True
4364,Arrendatarios,P5140,50000.0,150000.0,3.0,-100000.0,-33333.333333333336,True,True,True,True,True,True
4365,Arrendatarios,P5140,300000.0,400000.0,1.0,-100000.0,-100000.0,True,True,True,True,True,True
4366,Arrendatarios,P5140,500000.0,600000.0,3.0,-100000.0,-33333.333333333336,True,True,True,True,True,True
4367,Arrendatarios,P5140,200000.0,300000.0,1.0,-100000.0,-100000.0,True,True,True,True,True,True
4368,Arrendatarios,P5140,600000.0,700000.0,3.0,-100000.0,-33333.333333333336,True,True,True,True,True,True
4369,Arrendatarios,P5140,150000.0,250000.0,2.0,-100000.0,-50000.0,True,True,True,True,True,True
4370,Arrendatarios,P5140,350000.0,450000.0,1.0,-100000.0,-100000.0,True,True,True,True,True,True
4371,Arrendatarios,P5140,200000.0,300000.0,3.0,-100000.0,-33333.333333333336,True,True,True,True,True,True
4372,Arrendatarios,P5140,500000.0,600000.0,1.0,-100000.0,-100000.0,True,True,True,True,True,True
4373,Arrendatarios,P5140,500000.0,600000.0,1.0,-100000.0,-100000.0,True,True,True,True,True,True
4374,Arrendatarios,P5140,80000.0,180000.0,1.0,-100000.0,-100000.0,True,True,True,True,True,True
4375,Propietarios que pagan su vivienda,P5100,300000.0,400000.0,3.0,-100000.0,-33333.333333333336,True,True,True,True,True,True
4376,Arrendatarios,P5140,200000.0,300000.0,3.0,-100000.0,-33333.333333333336,True,True,True,True,True,True
4377,Arrendatarios,P5140,750000.0,850000.0,1.0,-100000.0,-100000.0,True,True,True,True,True,True
4378,Arrendatarios,P5140,1000000.0,1100000.0,1.0,-100000.0,-100000.0,True,True,True,True,True,True
4379,Arrendatarios,P5140,200000.0,300000.0,4.0,-100000.0,-25000.0,True,True,True,True,True,True
4380,Arrendatarios,P5140,400000.0,500000.0,4.0,-100000.0,-25000.0,True,True,True,True,True,True
4381,Arrendatarios,P5140,500000.0,600000.0,3.0,-100000.0,-33333.333333333336,True,True,True,True,True,True
4382,Arrendatarios,P5140,400000.0,500000.0,4.0,-100000.0,-25000.0,True,True,True,True,True,True
4383,Arrendatarios,P5140,200000.0,300000.0,1.0,-100000.0,-100000.0,True,True,True,True,True,True
4384,Arrendatarios,P5140,200000.0,300000.0,5.0,-100000.0,-20000.0,True,True,True,True,True,True
4385,Arrendatarios,P5140,400000.0,500000.0,3.0,-100000.0,-33333.333333333336,True,True,True,True,True,True
4386,Arrendatarios,P5140,600000.0,700000.0,1.0,-100000.0,-100000.0,True,True,True,True,True,True
4387,Arrendatarios,P5140,500000.0,600000.0,2.0,-100000.0,-50000.0,True,True,True,True,True,True
4388,Arrendatarios,P5140,500000.0,600000.0,2.0,-100000.0,-50000.0,True,True,True,True,True,True
4389,Arrendatarios,P5140,300000.0,400000.0,2.0,-100000.0,-50000.0,True,True,True,True,True,True
4390,Arrendatarios,P5140,400000.0,500000.0,3.0,-100000.0,-33333.333333333336,True,True,True,True,True,True
4391,Arrendatarios,P5140,600000.0,700000.0,2.0,-100000.0,-50000.0,True,True,True,True,True,True
4392,Arrendatarios,P5140,500000.0,600000.0,3.0,-100000.0,-33333.333333333336,True,True,True,True,True,True
4393,Arrendatarios,P5140,300000.0,400000.0,3.0,-100000.0,-33333.333333333336,True,True,True,True,True,True
4394,Arrendatarios,P5140,400000.0,500000.0,4.0,-100000.0,-25000.0,True,True,True,True,True,True
4395,Arrendatarios,P5140,600000.0,700000.0,1.0,-100000.0,-100000.0,True,True,True,True,True,True
4396,Arrendatarios,P5140,850000.0,950000.0,1.0,-100000.0,-100000.0,True,True,True,True,True,True
4397,Arrendatarios,P5140,300000.0,400000.0,1.0,-100000.0,-100000.0,True,True,True,True,True,True
4398,Arrendatarios,P5140,150000.0,250000.0,2.0,-100000.0,-50000.0,True,True,True,True,True,True
4399,Arrendatarios,P5140,400000.0,500000.0,2.0,-100000.0,-50000.0,True,True,True,True,True,True
4400,Arrendatarios,P5140,500000.0,600000.0,2.0,-100000.0,-50000.0,True,True,True,True,True,True
4401,Arrendatarios,P5140,600000.0,700000.0,1.0,-100000.0,-100000.0,True,True,True,True,True,True
4402,Arrendatarios,P5140,1000000.0,1100000.0,3.0,-100000.0,-33333.333333333336,True,True,True,True,True,True
4403,Arrendatarios,P5140,50000.0,150000.0,1.0,-100000.0,-100000.0,True,True,True,True,True,True
4404,Arrendatarios,P5140,400000.0,500000.0,2.0,-100000.0,-50000.0,True,True,True,True,True,True
4405,Arrendatarios,P5140,400000.0,500000.0,4.0,-100000.0,-25000.0,True,True,True,True,True,True
4406,Arrendatarios,P5140,250000.0,350000.0,1.0,-100000.0,-100000.0,True,True,True,True,True,True
4407,Arrendatarios,P5140,300000.0,400000.0,1.0,-100000.0,-100000.0,True,True,True,True,True,True
4408,Arrendatarios,P5140,250000.0,350000.0,1.0,-100000.0,-100000.0,True,True,True,True,True,True
4409,Arrendatarios,P5140,1000000.0,1100000.0,1.0,-100000.0,-100000.0,True,True,True,True,True,True
4410,Arrendatarios,P5140,80000.0,180000.0,1.0,-100000.0,-100000.0,True,True,True,True,True,True
4411,Arrendatarios,P5140,900000.0,1000000.0,3.0,-100000.0,-33333.333333333336,True,True,True,True,True,True
4412,Arrendatarios,P5140,200000.0,300000.0,3.0,-100000.0,-33333.333333333336,True,True,True,True,True,True
4413,Propietarios que pagan su vivienda,P5100,1400000.0,1500000.0,1.0,-100000.0,-100000.0,True,True,True,True,True,True
4414,Arrendatarios,P5140,400000.0,500000.0,1.0,-100000.0,-100000.0,True,True,True,True,True,True
4415,Arrendatarios,P5140,50000.0,150000.0,3.0,-100000.0,-33333.333333333336,True,True,True,True,True,True
4416,Arrendatarios,P5140,300000.0,400000.0,3.0,-100000.0,-33333.333333333336,True,True,True,True,True,True
4417,Arrendatarios,P5140,500000.0,600000.0,3.0,-100000.0,-33333.333333333336,True,True,True,True,True,True
4418,Arrendatarios,P5140,300000.0,400000.0,2.0,-100000.0,-50000.0,True,True,True,True,True,True
4419,Arrendatarios,P5140,1000000.0,1100000.0,1.0,-100000.0,-100000.0,True,True,True,True,True,True
4420,Arrendatarios,P5140,1000000.0,1100000.0,3.0,-100000.0,-33333.333333333336,True,True,True,True,True,True
4421,Arrendatarios,P5140,150000.0,250000.0,3.0,-100000.0,-33333.333333333336,True,True,True,True,True,True
4422,Arrendatarios,P5140,700000.0,800000.0,3.0,-100000.0,-33333.333333333336,True,True,True,True,True,True
4423,Arrendatarios,P5140,100000.0,200000.0,2.0,-100000.0,-50000.0,True,True,True,True,True,True
4424,Arrendatarios,P5140,300000.0,400000.0,2.0,-100000.0,-50000.0,True,True,True,True,True,True
4425,Propietarios que pagan su vivienda,P5100,1100000.0,1200000.0,1.0,-100000.0,-100000.0,True,True,True,True,True,True
4426,Arrendatarios,P5140,150000.0,250000.0,1.0,-100000.0,-100000.0,True,True,True,True,True,True
4427,Arrendatarios,P5140,400000.0,500000.0,1.0,-100000.0,-100000.0,True,True,True,True,True,True
4428,Arrendatarios,P5140,100000.0,200000.0,1.0,-100000.0,-100000.0,True,True,True,True,True,True
4429,Arrendatarios,P5140,500000.0,600000.0,2.0,-100000.0,-50000.0,True,True,True,True,True,True
4430,Arrendatarios,P5140,100000.0,200000.0,1.0,-100000.0,-100000.0,True,True,True,True,True,True
4431,Arrendatarios,P5140,300000.0,400000.0,3.0,-100000.0,-33333.333333333336,True,True,True,True,True,True
4432,Arrendatarios,P5140,500000.0,600000.0,1.0,-100000.0,-100000.0,True,True,True,True,True,True
4433,Arrendatarios,P5140,400000.0,500000.0,2.0,-100000.0,-50000.0,True,True,True,True,True,True
4434,Arrendatarios,P5140,150000.0,250000.0,1.0,-100000.0,-100000.0,True,True,True,True,True,True
4435,Arrendatarios,P5140,700000.0,800000.0,1.0,-100000.0,-100000.0,True,True,True,True,True,True
4436,Arrendatarios,P5140,200000.0,300000.0,2.0,-100000.0,-50000.0,True,True,True,True,True,True
4437,Arrendatarios,P5140,200000.0,300000.0,1.0,-100000.0,-100000.0,True,True,True,True,True,True
4438,Arrendatarios,P5140,600000.0,700000.0,3.0,-100000.0,-33333.333333333336,True,True,True,True,True,True
4439,Arrendatarios,P5140,400000.0,500000.0,1.0,-100000.0,-100000.0,True,True,True,True,True,True
4440,Arrendatarios,P5140,500000.0,600000.0,2.0,-100000.0,-50000.0,True,True,True,True,True,True
4441,Propietarios que pagan su vivienda,P5100,1700000.0,1800000.0,2.0,-100000.0,-50000.0,True,True,True,True,True,True
4442,Arrendatarios,P5140,500000.0,600000.0,3.0,-100000.0,-33333.333333333336,True,True,True,True,True,True
4443,Arrendatarios,P5140,500000.0,600000.0,1.0,-100000.0,-100000.0,True,True,True,True,True,True
4444,Arrendatarios,P5140,400000.0,500000.0,3.0,-100000.0,-33333.333333333336,True,True,True,True,True,True
4445,Arrendatarios,P5140,400000.0,500000.0,1.0,-100000.0,-100000.0,True,True,True,True,True,True
4446,Arrendatarios,P5140,250000.0,350000.0,1.0,-100000.0,-100000.0,True,True,True,True,True,True
4447,Arrendatarios,P5140,200000.0,300000.0,1.0,-100000.0,-100000.0,True,True,True,True,True,True
4448,Arrendatarios,P5140,250000.0,350000.0,1.0,-100000.0,-100000.0,True,True,True,True,True,True
4449,Arrendatarios,P5140,800000.0,900000.0,3.0,-100000.0,-33333.333333333336,True,True,True,True,True,True
4450,Arrendatarios,P5140,400000.0,500000.0,1.0,-100000.0,-100000.0,True,True,True,True,True,True
4451,Arrendatarios,P5140,250000.0,350000.0,1.0,-100000.0,-100000.0,True,True,True,True,True,True
4452,Arrendatarios,P5140,200000.0,300000.0,1.0,-100000.0,-100000.0,True,True,True,True,True,True
4453,Arrendatarios,P5140,400000.0,500000.0,2.0,-100000.0,-50000.0,True,True,True,True,True,True
4454,Arrendatarios,P5140,100000.0,200000.0,1.0,-100000.0,-100000.0,True,True,True,True,True,True
4455,Arrendatarios,P5140,200000.0,300000.0,5.0,-100000.0,-20000.0,True,True,True,True,True,True
4456,Arrendatarios,P5140,500000.0,600000.0,1.0,-100000.0,-100000.0,True,True,True,True,True,True
4457,Arrendatarios,P5140,1000000.0,1100000.0,1.0,-100000.0,-100000.0,True,True,True,True,True,True
4458,Arrendatarios,P5140,250000.0,350000.0,1.0,-100000.0,-100000.0,True,True,True,True,True,True
4459,Arrendatarios,P5140,500000.0,600000.0,2.0,-100000.0,-50000.0,True,True,True,True,True,True
4460,Arrendatarios,P5140,700000.0,800000.0,4.0,-100000.0,-25000.0,True,True,True,True,True,True
4461,Arrendatarios,P5140,500000.0,600000.0,3.0,-100000.0,-33333.333333333336,True,True,True,True,True,True
4462,Arrendatarios,P5140,400000.0,500000.0,3.0,-100000.0,-33333.333333333336,True,True,True,True,True,True
4463,Arrendatarios,P5140,200000.0,300000.0,2.0,-100000.0,-50000.0,True,True,True,True,True,True
4464,Arrendatarios,P5140,270000.0,370000.0,3.0,-100000.0,-33333.333333333336,True,True,True,True,True,True
4465,Arrendatarios,P5140,300000.0,400000.0,3.0,-100000.0,-33333.333333333336,True,True,True,True,True,True
4466,Arrendatarios,P5140,900000.0,1000000.0,4.0,-100000.0,-25000.0,True,True,True,True,True,True
4467,Arrendatarios,P5140,350000.0,450000.0,4.0,-100000.0,-25000.0,True,True,True,True,True,True
4468,Arrendatarios,P5140,700000.0,800000.0,2.0,-100000.0,-50000.0,True,True,True,True,True,True
4469,Arrendatarios,P5140,450000.0,550000.0,3.0,-100000.0,-33333.333333333336,True,True,True,True,True,True
4470,Arrendatarios,P5140,800000.0,900000.0,1.0,-100000.0,-100000.0,True,True,True,True,True,True
4471,Arrendatarios,P5140,500000.0,600000.0,1.0,-100000.0,-100000.0,True,True,True,True,True,True
4472,Arrendatarios,P5140,250000.0,350000.0,2.0,-100000.0,-50000.0,True,True,True,True,True,True
4473,Arrendatarios,P5140,500000.0,600000.0,1.0,-100000.0,-100000.0,True,True,True,True,True,True
4474,Propietarios que pagan su vivienda,P5100,1000000.0,1100000.0,1.0,-100000.0,-100000.0,True,True,True,True,True,True
4475,Arrendatarios,P5140,500000.0,600000.0,1.0,-100000.0,-100000.0,True,True,True,True,True,True
4476,Arrendatarios,P5140,250000.0,350000.0,3.0,-100000.0,-33333.333333333336,True,True,True,True,True,True
4477,Arrendatarios,P5140,550000.0,650000.0,2.0,-100000.0,-50000.0,True,True,True,True,True,True
4478,Arrendatarios,P5140,200000.0,300000.0,2.0,-100000.0,-50000.0,True,True,True,True,True,True
4479,Arrendatarios,P5140,500000.0,600000.0,3.0,-100000.0,-33333.333333333336,True,True,True,True,True,True
4480,Arrendatarios,P5140,600000.0,700000.0,1.0,-100000.0,-100000.0,True,True,True,True,True,True
4481,Arrendatarios,P5140,500000.0,600000.0,2.0,-100000.0,-50000.0,True,True,True,True,True,True
4482,Arrendatarios,P5140,300000.0,400000.0,1.0,-100000.0,-100000.0,True,True,True,True,True,True
4483,Arrendatarios,P5140,500000.0,600000.0,3.0,-100000.0,-33333.333333333336,True,True,True,True,True,True
4484,Arrendatarios,P5140,300000.0,400000.0,1.0,-100000.0,-100000.0,True,True,True,True,True,True
4485,Arrendatarios,P5140,500000.0,600000.0,1.0,-100000.0,-100000.0,True,True,True,True,True,True
4486,Arrendatarios,P5140,300000.0,400000.0,1.0,-100000.0,-100000.0,True,True,True,True,True,True
4487,Arrendatarios,P5140,100000.0,200000.0,2.0,-100000.0,-50000.0,True,True,True,True,True,True
4488,Arrendatarios,P5140,400000.0,500000.0,3.0,-100000.0,-33333.333333333336,True,True,True,True,True,True
4489,Arrendatarios,P5140,350000.0,450000.0,2.0,-100000.0,-50000.0,True,True,True,True,True,True
4490,Arrendatarios,P5140,400000.0,500000.0,2.0,-100000.0,-50000.0,True,True,True,True,True,True
4491,Arrendatarios,P5140,500000.0,600000.0,2.0,-100000.0,-50000.0,True,True,True,True,True,True
4492,Arrendatarios,P5140,300000.0,400000.0,3.0,-100000.0,-33333.333333333336,True,True,True,True,True,True
4493,Arrendatarios,P5140,700000.0,800000.0,2.0,-100000.0,-50000.0,True,True,True,True,True,True
4494,Arrendatarios,P5140,500000.0,600000.0,1.0,-100000.0,-100000.0,True,True,True,True,True,True
4495,Arrendatarios,P5140,600000.0,700000.0,1.0,-100000.0,-100000.0,True,True,True,True,True,True
4496,Arrendatarios,P5140,2100000.0,2200000.0,3.0,-100000.0,-33333.333333333336,True,True,True,True,True,True
4497,Arrendatarios,P5140,300000.0,400000.0,2.0,-100000.0,-50000.0,True,True,True,True,True,True
4498,Arrendatarios,P5140,900000.0,1000000.0,4.0,-100000.0,-25000.0,True,True,True,True,True,True
4499,Arrendatarios,P5140,400000.0,500000.0,3.0,-100000.0,-33333.333333333336,True,True,True,True,True,True
4500,Arrendatarios,P5140,150000.0,250000.0,4.0,-100000.0,-25000.0,True,True,True,True,True,True
4501,Arrendatarios,P5140,200000.0,300000.0,4.0,-100000.0,-25000.0,True,True,True,True,True,True
4502,Arrendatarios,P5140,500000.0,600000.0,2.0,-100000.0,-50000.0,True,True,True,True,True,True
4503,Arrendatarios,P5140,300000.0,400000.0,1.0,-100000.0,-100000.0,True,True,True,True,True,True
4504,Arrendatarios,P5140,250000.0,350000.0,4.0,-100000.0,-25000.0,True,True,True,True,True,True
4505,Arrendatarios,P5140,100000.0,200000.0,1.0,-100000.0,-100000.0,True,True,True,True,True,True
4506,Arrendatarios,P5140,1500000.0,1600000.0,2.0,-100000.0,-50000.0,True,True,True,True,True,True
4507,Arrendatarios,P5140,200000.0,300000.0,1.0,-100000.0,-100000.0,True,True,True,True,True,True
4508,Arrendatarios,P5140,250000.0,350000.0,1.0,-100000.0,-100000.0,True,True,True,True,True,True
4509,Arrendatarios,P5140,300000.0,400000.0,1.0,-100000.0,-100000.0,True,True,True,True,True,True
4510,Arrendatarios,P5140,250000.0,350000.0,3.0,-100000.0,-33333.333333333336,True,True,True,True,True,True
4511,Arrendatarios,P5140,200000.0,300000.0,2.0,-100000.0,-50000.0,True,True,True,True,True,True
4512,Arrendatarios,P5140,300000.0,400000.0,2.0,-100000.0,-50000.0,True,True,True,True,True,True
4513,Arrendatarios,P5140,500000.0,600000.0,4.0,-100000.0,-25000.0,True,True,True,True,True,True
4514,Arrendatarios,P5140,350000.0,450000.0,2.0,-100000.0,-50000.0,True,True,True,True,True,True
4515,Arrendatarios,P5140,250000.0,350000.0,2.0,-100000.0,-50000.0,True,True,True,True,True,True
4516,Arrendatarios,P5140,700000.0,800000.0,1.0,-100000.0,-100000.0,True,True,True,True,True,True
4517,Arrendatarios,P5140,400000.0,500000.0,5.0,-100000.0,-20000.0,True,True,True,True,True,True
4518,Arrendatarios,P5140,200000.0,300000.0,1.0,-100000.0,-100000.0,True,True,True,True,True,True
4519,Arrendatarios,P5140,350000.0,450000.0,2.0,-100000.0,-50000.0,True,True,True,True,True,True
4520,Propietarios que pagan su vivienda,P5100,500000.0,600000.0,3.0,-100000.0,-33333.333333333336,True,True,True,True,True,True
4521,Arrendatarios,P5140,100000.0,200000.0,1.0,-100000.0,-100000.0,True,True,True,True,True,True
4522,Arrendatarios,P5140,400000.0,500000.0,1.0,-100000.0,-100000.0,True,True,True,True,True,True
4523,Arrendatarios,P5140,500000.0,600000.0,2.0,-100000.0,-50000.0,True,True,True,True,True,True
4524,Arrendatarios,P5140,500000.0,600000.0,2.0,-100000.0,-50000.0,True,True,True,True,True,True
4525,Arrendatarios,P5140,650000.0,750000.0,2.0,-100000.0,-50000.0,True,True,True,True,True,True
4526,Arrendatarios,P5140,300000.0,400000.0,4.0,-100000.0,-25000.0,True,True,True,True,True,True
4527,Arrendatarios,P5140,300000.0,400000.0,1.0,-100000.0,-100000.0,True,True,True,True,True,True
4528,Arrendatarios,P5140,400000.0,500000.0,3.0,-100000.0,-33333.333333333336,True,True,True,True,True,True
4529,Arrendatarios,P5140,300000.0,400000.0,1.0,-100000.0,-100000.0,True,True,True,True,True,True
4530,Arrendatarios,P5140,150000.0,250000.0,1.0,-100000.0,-100000.0,True,True,True,True,True,True
4531,Propietarios que pagan su vivienda,P5100,500000.0,600000.0,4.0,-100000.0,-25000.0,True,True,True,True,True,True
4532,Arrendatarios,P5140,200000.0,300000.0,4.0,-100000.0,-25000.0,True,True,True,True,True,True
4533,Arrendatarios,P5140,300000.0,400000.0,4.0,-100000.0,-25000.0,True,True,True,True,True,True
4534,Arrendatarios,P5140,500000.0,600000.0,3.0,-100000.0,-33333.333333333336,True,True,True,True,True,True
4535,Arrendatarios,P5140,900000.0,1000000.0,2.0,-100000.0,-50000.0,True,True,True,True,True,True
4536,Arrendatarios,P5140,200000.0,300000.0,3.0,-100000.0,-33333.333333333336,True,True,True,True,True,True
4537,Arrendatarios,P5140,500000.0,600000.0,1.0,-100000.0,-100000.0,True,True,True,True,True,True
4538,Arrendatarios,P5140,150000.0,250000.0,1.0,-100000.0,-100000.0,True,True,True,True,True,True
4539,Arrendatarios,P5140,350000.0,450000.0,3.0,-100000.0,-33333.333333333336,True,True,True,True,True,True
4540,Arrendatarios,P5140,1700000.0,1800000.0,1.0,-100000.0,-100000.0,True,True,True,True,True,True
4541,Arrendatarios,P5140,500000.0,600000.0,3.0,-100000.0,-33333.333333333336,True,True,True,True,True,True
4542,Arrendatarios,P5140,250000.0,350000.0,1.0,-100000.0,-100000.0,True,True,True,True,True,True
4543,Arrendatarios,P5140,300000.0,400000.0,1.0,-100000.0,-100000.0,True,True,True,True,True,True
4544,Arrendatarios,P5140,500000.0,600000.0,1.0,-100000.0,-100000.0,True,True,True,True,True,True
4545,Arrendatarios,P5140,280000.0,380000.0,1.0,-100000.0,-100000.0,True,True,True,True,True,True
4546,Arrendatarios,P5140,400000.0,500000.0,1.0,-100000.0,-100000.0,True,True,True,True,True,True
4547,Arrendatarios,P5140,400000.0,500000.0,1.0,-100000.0,-100000.0,True,True,True,True,True,True
4548,Propietarios que pagan su vivienda,P5100,1500000.0,1600000.0,2.0,-100000.0,-50000.0,True,True,True,True,True,True
4549,Propietarios que pagan su vivienda,P5100,1000000.0,1100000.0,5.0,-100000.0,-20000.0,True,True,True,True,True,True
4550,Arrendatarios,P5140,900000.0,1000000.0,3.0,-100000.0,-33333.333333333336,True,True,True,True,True,True
4551,Arrendatarios,P5140,600000.0,700000.0,3.0,-100000.0,-33333.333333333336,True,True,True,True,True,True
4552,Arrendatarios,P5140,400000.0,500000.0,3.0,-100000.0,-33333.333333333336,True,True,True,True,True,True
4553,Arrendatarios,P5140,500000.0,600000.0,3.0,-100000.0,-33333.333333333336,True,True,True,True,True,True
4554,Arrendatarios,P5140,500000.0,600000.0,4.0,-100000.0,-25000.0,True,True,True,True,True,True
4555,Arrendatarios,P5140,500000.0,600000.0,1.0,-100000.0,-100000.0,True,True,True,True,True,True
4556,Arrendatarios,P5140,300000.0,400000.0,1.0,-100000.0,-100000.0,True,True,True,True,True,True
4557,Arrendatarios,P5140,500000.0,600000.0,6.0,-100000.0,-16666.666666666668,True,True,True,True,True,True
4558,Arrendatarios,P5140,500000.0,600000.0,1.0,-100000.0,-100000.0,True,True,True,True,True,True
4559,Arrendatarios,P5140,350000.0,450000.0,2.0,-100000.0,-50000.0,True,True,True,True,True,True
4560,Arrendatarios,P5140,200000.0,300000.0,3.0,-100000.0,-33333.333333333336,True,True,True,True,True,True
4561,Arrendatarios,P5140,300000.0,400000.0,4.0,-100000.0,-25000.0,True,True,True,True,True,True
4562,Arrendatarios,P5140,700000.0,800000.0,2.0,-100000.0,-50000.0,True,True,True,True,True,True
4563,Arrendatarios,P5140,1600000.0,1700000.0,3.0,-100000.0,-33333.333333333336,True,True,True,True,True,True
4564,Arrendatarios,P5140,700000.0,800000.0,3.0,-100000.0,-33333.333333333336,True,True,True,True,True,True
4565,Arrendatarios,P5140,400000.0,500000.0,4.0,-100000.0,-25000.0,True,True,True,True,True,True
4566,Arrendatarios,P5140,50000.0,150000.0,2.0,-100000.0,-50000.0,True,True,True,True,True,True
4567,Arrendatarios,P5140,400000.0,500000.0,1.0,-100000.0,-100000.0,True,True,True,True,True,True
4568,Arrendatarios,P5140,600000.0,700000.0,4.0,-100000.0,-25000.0,True,True,True,True,True,True
4569,Arrendatarios,P5140,200000.0,300000.0,1.0,-100000.0,-100000.0,True,True,True,True,True,True
4570,Arrendatarios,P5140,200000.0,300000.0,2.0,-100000.0,-50000.0,True,True,True,True,True,True
4571,Arrendatarios,P5140,700000.0,800000.0,2.0,-100000.0,-50000.0,True,True,True,True,True,True
4572,Arrendatarios,P5140,200000.0,300000.0,3.0,-100000.0,-33333.333333333336,True,True,True,True,True,True
4573,Arrendatarios,P5140,250000.0,350000.0,2.0,-100000.0,-50000.0,True,True,True,True,True,True
4574,Arrendatarios,P5140,500000.0,600000.0,4.0,-100000.0,-25000.0,True,True,True,True,True,True
4575,Arrendatarios,P5140,1500000.0,1600000.0,1.0,-100000.0,-100000.0,True,True,True,True,True,True
4576,Arrendatarios,P5140,150000.0,250000.0,1.0,-100000.0,-100000.0,True,True,True,True,True,True
4577,Arrendatarios,P5140,500000.0,600000.0,4.0,-100000.0,-25000.0,True,True,True,True,True,True
4578,Arrendatarios,P5140,400000.0,500000.0,2.0,-100000.0,-50000.0,True,True,True,True,True,True
4579,Arrendatarios,P5140,1500000.0,1600000.0,1.0,-100000.0,-100000.0,True,True,True,True,True,True
4580,Arrendatarios,P5140,400000.0,500000.0,2.0,-100000.0,-50000.0,True,True,True,True,True,True
4581,Arrendatarios,P5140,300000.0,400000.0,1.0,-100000.0,-100000.0,True,True,True,True,True,True
4582,Arrendatarios,P5140,1000000.0,1100000.0,3.0,-100000.0,-33333.333333333336,True,True,True,True,True,True
4583,Arrendatarios,P5140,2400000.0,2500000.0,3.0,-100000.0,-33333.333333333336,True,True,True,True,True,True
4584,Arrendatarios,P5140,250000.0,350000.0,2.0,-100000.0,-50000.0,True,True,True,True,True,True
4585,Arrendatarios,P5140,200000.0,300000.0,1.0,-100000.0,-100000.0,True,True,True,True,True,True
4586,Arrendatarios,P5140,400000.0,500000.0,6.0,-100000.0,-16666.666666666668,True,True,True,True,True,True
4587,Arrendatarios,P5140,600000.0,700000.0,3.0,-100000.0,-33333.333333333336,True,True,True,True,True,True
4588,Arrendatarios,P5140,500000.0,600000.0,3.0,-100000.0,-33333.333333333336,True,True,True,True,True,True
4589,Arrendatarios,P5140,1300000.0,1400000.0,4.0,-100000.0,-25000.0,True,True,True,True,True,True
4590,Arrendatarios,P5140,600000.0,700000.0,4.0,-100000.0,-25000.0,True,True,True,True,True,True
4591,Arrendatarios,P5140,500000.0,600000.0,3.0,-100000.0,-33333.333333333336,True,True,True,True,True,True
4592,Arrendatarios,P5140,300000.0,400000.0,1.0,-100000.0,-100000.0,True,True,True,True,True,True
4593,Arrendatarios,P5140,300000.0,400000.0,1.0,-100000.0,-100000.0,True,True,True,True,True,True
4594,Arrendatarios,P5140,250000.0,350000.0,1.0,-100000.0,-100000.0,True,True,True,True,True,True
4595,Arrendatarios,P5140,1100000.0,1200000.0,1.0,-100000.0,-100000.0,True,True,True,True,True,True
4596,Arrendatarios,P5140,500000.0,600000.0,2.0,-100000.0,-50000.0,True,True,True,True,True,True
4597,Arrendatarios,P5140,1400000.0,1500000.0,3.0,-100000.0,-33333.333333333336,True,True,True,True,True,True
4598,Arrendatarios,P5140,150000.0,250000.0,1.0,-100000.0,-100000.0,True,True,True,True,True,True
4599,Arrendatarios,P5140,400000.0,500000.0,3.0,-100000.0,-33333.333333333336,True,True,True,True,True,True
4600,Arrendatarios,P5140,400000.0,500000.0,3.0,-100000.0,-33333.333333333336,True,True,True,True,True,True
4601,Arrendatarios,P5140,600000.0,700000.0,2.0,-100000.0,-50000.0,True,True,True,True,True,True
4602,Arrendatarios,P5140,200000.0,300000.0,3.0,-100000.0,-33333.333333333336,True,True,True,True,True,True
4603,Arrendatarios,P5140,600000.0,700000.0,6.0,-100000.0,-16666.666666666668,True,True,True,True,True,True
4604,Arrendatarios,P5140,200000.0,300000.0,1.0,-100000.0,-100000.0,True,True,True,True,True,True
4605,Arrendatarios,P5140,500000.0,600000.0,3.0,-100000.0,-33333.333333333336,True,True,True,True,True,True
4606,Arrendatarios,P5140,400000.0,500000.0,4.0,-100000.0,-25000.0,True,True,True,True,True,True
4607,Arrendatarios,P5140,200000.0,300000.0,4.0,-100000.0,-25000.0,True,True,True,True,True,True
4608,Arrendatarios,P5140,600000.0,700000.0,4.0,-100000.0,-25000.0,True,True,True,True,True,True
4609,Arrendatarios,P5140,500000.0,600000.0,2.0,-100000.0,-50000.0,True,True,True,True,True,True
4610,Arrendatarios,P5140,700000.0,800000.0,4.0,-100000.0,-25000.0,True,True,True,True,True,True
4611,Arrendatarios,P5140,600000.0,700000.0,4.0,-100000.0,-25000.0,True,True,True,True,True,True
4612,Arrendatarios,P5140,500000.0,600000.0,4.0,-100000.0,-25000.0,True,True,True,True,True,True
4613,Arrendatarios,P5140,250000.0,350000.0,1.0,-100000.0,-100000.0,True,True,True,True,True,True
4614,Arrendatarios,P5140,250000.0,350000.0,1.0,-100000.0,-100000.0,True,True,True,True,True,True
4615,Arrendatarios,P5140,500000.0,600000.0,2.0,-100000.0,-50000.0,True,True,True,True,True,True
4616,Arrendatarios,P5140,300000.0,400000.0,2.0,-100000.0,-50000.0,True,True,True,True,True,True
4617,Arrendatarios,P5140,300000.0,400000.0,1.0,-100000.0,-100000.0,True,True,True,True,True,True
4618,Arrendatarios,P5140,1100000.0,1200000.0,3.0,-100000.0,-33333.333333333336,True,True,True,True,True,True
4619,Arrendatarios,P5140,400000.0,500000.0,1.0,-100000.0,-100000.0,True,True,True,True,True,True
4620,Arrendatarios,P5140,500000.0,600000.0,1.0,-100000.0,-100000.0,True,True,True,True,True,True
4621,Arrendatarios,P5140,301666.6666666666,400000.0,1.0,-98333.33333333337,-98333.33333333337,True,True,True,True,True,True
4622,Arrendatarios,P5140,152333.3333333333,250000.0,1.0,-97666.66666666669,-97666.66666666669,True,True,True,True,True,True
4623,Arrendatarios,P5140,502500.0,600000.0,2.0,-97500.0,-48750.0,True,True,True,True,True,True
4624,Arrendatarios,P5140,483333.3333333333,580000.0,3.0,-96666.66666666669,-32222.22222222223,True,True,True,True,True,True
4625,Arrendatarios,P5140,83333.33333333333,180000.0,2.0,-96666.66666666667,-48333.333333333336,True,True,True,True,True,True
4626,Arrendatarios,P5140,83333.33333333333,180000.0,3.0,-96666.66666666667,-32222.222222222223,True,True,True,True,True,True
4627,Arrendatarios,P5140,203333.33333333334,300000.0,1.0,-96666.66666666666,-96666.66666666666,True,True,True,True,True,True
4628,Arrendatarios,P5140,284000.0,380000.0,4.0,-96000.0,-24000.0,True,True,True,True,True,True
4629,Arrendatarios,P5140,175000.0,270000.0,1.0,-95000.0,-95000.0,True,True,True,True,True,True
4630,Arrendatarios,P5140,355000.0,450000.0,2.0,-95000.0,-47500.0,True,True,True,True,True,True
4631,Arrendatarios,P5140,75000.0,170000.0,2.0,-95000.0,-47500.0,True,True,True,True,True,True
4632,Arrendatarios,P5140,480000.0,575000.0,1.0,-95000.0,-95000.0,True,True,True,True,True,True
4633,Arrendatarios,P5140,305000.0,400000.0,2.0,-95000.0,-47500.0,True,True,True,True,True,True
4634,Arrendatarios,P5140,205000.0,300000.0,1.0,-95000.0,-95000.0,True,True,True,True,True,True
4635,Arrendatarios,P5140,256666.66666666666,350000.0,1.0,-93333.33333333334,-93333.33333333334,True,True,True,True,True,True
4636,Arrendatarios,P5140,206666.66666666666,300000.0,1.0,-93333.33333333334,-93333.33333333334,True,True,True,True,True,True
4637,Arrendatarios,P5140,166666.66666666666,260000.0,1.0,-93333.33333333334,-93333.33333333334,True,True,True,True,True,True
4638,Arrendatarios,P5140,66666.66666666667,160000.0,1.0,-93333.33333333333,-93333.33333333333,True,True,True,True,True,True
4639,Arrendatarios,P5140,366666.6666666667,460000.0,1.0,-93333.33333333331,-93333.33333333331,True,True,True,True,True,True
4640,Arrendatarios,P5140,216666.6666666667,310000.0,2.0,-93333.33333333331,-46666.66666666666,True,True,True,True,True,True
4641,Arrendatarios,P5140,558333.3333333333,650000.0,1.0,-91666.66666666674,-91666.66666666674,True,True,True,True,True,True
4642,Arrendatarios,P5140,308333.3333333333,400000.0,3.0,-91666.66666666669,-30555.555555555562,True,True,True,True,True,True
4643,Arrendatarios,P5140,308333.3333333333,400000.0,2.0,-91666.66666666669,-45833.33333333334,True,True,True,True,True,True
4644,Arrendatarios,P5140,458333.3333333333,550000.0,2.0,-91666.66666666669,-45833.33333333334,True,True,True,True,True,True
4645,Arrendatarios,P5140,308333.3333333333,400000.0,2.0,-91666.66666666669,-45833.33333333334,True,True,True,True,True,True
4646,Arrendatarios,P5140,108333.33333333333,200000.0,1.0,-91666.66666666667,-91666.66666666667,True,True,True,True,True,True
4647,Arrendatarios,P5140,108333.33333333333,200000.0,2.0,-91666.66666666667,-45833.333333333336,True,True,True,True,True,True
4648,Arrendatarios,P5140,208333.33333333334,300000.0,1.0,-91666.66666666666,-91666.66666666666,True,True,True,True,True,True
4649,Arrendatarios,P5140,258333.33333333334,350000.0,3.0,-91666.66666666666,-30555.55555555555,True,True,True,True,True,True
4650,Arrendatarios,P5140,158333.33333333334,250000.0,1.0,-91666.66666666666,-91666.66666666666,True,True,True,True,True,True
4651,Arrendatarios,P5140,208333.33333333334,300000.0,1.0,-91666.66666666666,-91666.66666666666,True,True,True,True,True,True
4652,Arrendatarios,P5140,208333.33333333334,300000.0,2.0,-91666.66666666666,-45833.33333333333,True,True,True,True,True,True
4653,Arrendatarios,P5140,208333.33333333334,300000.0,1.0,-91666.66666666666,-91666.66666666666,True,True,True,True,True,True
4654,Arrendatarios,P5140,208333.33333333334,300000.0,5.0,-91666.66666666666,-18333.333333333332,True,True,True,True,True,True
4655,Arrendatarios,P5140,208333.33333333334,300000.0,1.0,-91666.66666666666,-91666.66666666666,True,True,True,True,True,True
4656,Arrendatarios,P5140,208333.33333333334,300000.0,2.0,-91666.66666666666,-45833.33333333333,True,True,True,True,True,True
4657,Arrendatarios,P5140,58333.333333333336,150000.0,1.0,-91666.66666666666,-91666.66666666666,True,True,True,True,True,True
4658,Arrendatarios,P5140,508333.3333333334,600000.0,4.0,-91666.66666666663,-22916.666666666657,True,True,True,True,True,True
4659,Arrendatarios,P5140,508333.3333333334,600000.0,3.0,-91666.66666666663,-30555.555555555544,True,True,True,True,True,True
4660,Arrendatarios,P5140,480000.0,570000.0,3.0,-90000.0,-30000.0,True,True,True,True,True,True
4661,Arrendatarios,P5140,410000.0,500000.0,4.0,-90000.0,-22500.0,True,True,True,True,True,True
4662,Arrendatarios,P5140,560000.0,650000.0,4.0,-90000.0,-22500.0,True,True,True,True,True,True
4663,Arrendatarios,P5140,260000.0,350000.0,1.0,-90000.0,-90000.0,True,True,True,True,True,True
4664,Arrendatarios,P5140,460000.0,550000.0,2.0,-90000.0,-45000.0,True,True,True,True,True,True
4665,Arrendatarios,P5140,60000.0,150000.0,1.0,-90000.0,-90000.0,True,True,True,True,True,True
4666,Arrendatarios,P5140,80000.0,170000.0,1.0,-90000.0,-90000.0,True,True,True,True,True,True
4667,Arrendatarios,P5140,260000.0,350000.0,2.0,-90000.0,-45000.0,True,True,True,True,True,True
4668,Arrendatarios,P5140,360000.0,450000.0,3.0,-90000.0,-30000.0,True,True,True,True,True,True
4669,Arrendatarios,P5140,360000.0,450000.0,2.0,-90000.0,-45000.0,True,True,True,True,True,True
4670,Arrendatarios,P5140,160000.0,250000.0,2.0,-90000.0,-45000.0,True,True,True,True,True,True
4671,Arrendatarios,P5140,160000.0,250000.0,2.0,-90000.0,-45000.0,True,True,True,True,True,True
4672,Arrendatarios,P5140,210000.0,300000.0,3.0,-90000.0,-30000.0,True,True,True,True,True,True
4673,Arrendatarios,P5140,610000.0,700000.0,2.0,-90000.0,-45000.0,True,True,True,True,True,True
4674,Propietarios que pagan su vivienda,P5100,410000.0,500000.0,2.0,-90000.0,-45000.0,True,True,True,True,True,True
4675,Arrendatarios,P5140,80000.0,170000.0,1.0,-90000.0,-90000.0,True,True,True,True,True,True
4676,Arrendatarios,P5140,360000.0,450000.0,2.0,-90000.0,-45000.0,True,True,True,True,True,True
4677,Arrendatarios,P5140,260000.0,350000.0,3.0,-90000.0,-30000.0,True,True,True,True,True,True
4678,Arrendatarios,P5140,160000.0,250000.0,1.0,-90000.0,-90000.0,True,True,True,True,True,True
4679,Arrendatarios,P5140,10833.333333333334,100000.0,1.0,-89166.66666666667,-89166.66666666667,True,True,True,True,True,True
4680,Arrendatarios,P5140,60833.333333333336,150000.0,1.0,-89166.66666666666,-89166.66666666666,True,True,True,True,True,True
4681,Arrendatarios,P5140,41666.666666666664,130000.0,4.0,-88333.33333333334,-22083.333333333336,True,True,True,True,True,True
4682,Arrendatarios,P5140,711750.0,800000.0,3.0,-88250.0,-29416.666666666668,True,True,True,True,True,True
4683,Arrendatarios,P5140,413333.3333333333,500000.0,1.0,-86666.66666666669,-86666.66666666669,True,True,True,True,True,True
4684,Arrendatarios,P5140,183333.3333333333,270000.0,3.0,-86666.66666666669,-28888.888888888894,True,True,True,True,True,True
4685,Arrendatarios,P5140,113333.33333333334,200000.0,1.0,-86666.66666666666,-86666.66666666666,True,True,True,True,True,True
4686,Arrendatarios,P5140,583333.3333333334,670000.0,4.0,-86666.66666666663,-21666.666666666657,True,True,True,True,True,True
4687,Arrendatarios,P5140,94166.66666666666,180000.0,1.0,-85833.33333333334,-85833.33333333334,True,True,True,True,True,True
4688,Arrendatarios,P5140,314166.6666666667,400000.0,3.0,-85833.33333333331,-28611.111111111106,True,True,True,True,True,True
4689,Arrendatarios,P5140,315000.0,400000.0,2.0,-85000.0,-42500.0,True,True,True,True,True,True
4690,Arrendatarios,P5140,435000.0,520000.0,5.0,-85000.0,-17000.0,True,True,True,True,True,True
4691,Arrendatarios,P5140,275000.0,360000.0,4.0,-85000.0,-21250.0,True,True,True,True,True,True
4692,Arrendatarios,P5140,875000.0,960000.0,1.0,-85000.0,-85000.0,True,True,True,True,True,True
4693,Arrendatarios,P5140,565000.0,650000.0,3.0,-85000.0,-28333.333333333332,True,True,True,True,True,True
4694,Propietarios que pagan su vivienda,P5100,2416666.6666666665,2500000.0,5.0,-83333.33333333349,-16666.666666666697,True,True,True,True,True,True
4695,Arrendatarios,P5140,416666.6666666666,500000.0,2.0,-83333.33333333337,-41666.666666666686,True,True,True,True,True,True
4696,Arrendatarios,P5140,516666.6666666666,600000.0,2.0,-83333.33333333337,-41666.666666666686,True,True,True,True,True,True
4697,Arrendatarios,P5140,766666.6666666666,850000.0,2.0,-83333.33333333337,-41666.666666666686,True,True,True,True,True,True
4698,Arrendatarios,P5140,716666.6666666666,800000.0,6.0,-83333.33333333337,-13888.888888888896,True,True,True,True,True,True
4699,Arrendatarios,P5140,366666.6666666666,450000.0,3.0,-83333.33333333337,-27777.777777777792,True,True,True,True,True,True
4700,Arrendatarios,P5140,716666.6666666666,800000.0,1.0,-83333.33333333337,-83333.33333333337,True,True,True,True,True,True
4701,Arrendatarios,P5140,666666.6666666666,750000.0,1.0,-83333.33333333337,-83333.33333333337,True,True,True,True,True,True
4702,Arrendatarios,P5140,666666.6666666666,750000.0,2.0,-83333.33333333337,-41666.666666666686,True,True,True,True,True,True
4703,Arrendatarios,P5140,666666.6666666666,750000.0,1.0,-83333.33333333337,-83333.33333333337,True,True,True,True,True,True
4704,Arrendatarios,P5140,316666.6666666666,400000.0,3.0,-83333.33333333337,-27777.777777777792,True,True,True,True,True,True
4705,Arrendatarios,P5140,416666.6666666666,500000.0,4.0,-83333.33333333337,-20833.333333333343,True,True,True,True,True,True
4706,Arrendatarios,P5140,266666.6666666666,350000.0,2.0,-83333.33333333337,-41666.666666666686,True,True,True,True,True,True
4707,Arrendatarios,P5140,316666.6666666666,400000.0,2.0,-83333.33333333337,-41666.666666666686,True,True,True,True,True,True
4708,Arrendatarios,P5140,166666.66666666666,250000.0,2.0,-83333.33333333334,-41666.66666666667,True,True,True,True,True,True
4709,Arrendatarios,P5140,166666.66666666666,250000.0,1.0,-83333.33333333334,-83333.33333333334,True,True,True,True,True,True
4710,Arrendatarios,P5140,166666.66666666666,250000.0,2.0,-83333.33333333334,-41666.66666666667,True,True,True,True,True,True
4711,Arrendatarios,P5140,166666.66666666666,250000.0,2.0,-83333.33333333334,-41666.66666666667,True,True,True,True,True,True
4712,Arrendatarios,P5140,216666.66666666666,300000.0,2.0,-83333.33333333334,-41666.66666666667,True,True,True,True,True,True
4713,Arrendatarios,P5140,166666.66666666666,250000.0,1.0,-83333.33333333334,-83333.33333333334,True,True,True,True,True,True
4714,Arrendatarios,P5140,166666.66666666666,250000.0,1.0,-83333.33333333334,-83333.33333333334,True,True,True,True,True,True
4715,Arrendatarios,P5140,166666.66666666666,250000.0,1.0,-83333.33333333334,-83333.33333333334,True,True,True,True,True,True
4716,Arrendatarios,P5140,216666.66666666666,300000.0,4.0,-83333.33333333334,-20833.333333333336,True,True,True,True,True,True
4717,Arrendatarios,P5140,166666.66666666666,250000.0,2.0,-83333.33333333334,-41666.66666666667,True,True,True,True,True,True
4718,Arrendatarios,P5140,166666.66666666666,250000.0,3.0,-83333.33333333334,-27777.77777777778,True,True,True,True,True,True
4719,Arrendatarios,P5140,166666.66666666666,250000.0,1.0,-83333.33333333334,-83333.33333333334,True,True,True,True,True,True
4720,Arrendatarios,P5140,216666.66666666666,300000.0,1.0,-83333.33333333334,-83333.33333333334,True,True,True,True,True,True
4721,Arrendatarios,P5140,216666.66666666666,300000.0,1.0,-83333.33333333334,-83333.33333333334,True,True,True,True,True,True
4722,Arrendatarios,P5140,16666.666666666668,100000.0,1.0,-83333.33333333333,-83333.33333333333,True,True,True,True,True,True
4723,Arrendatarios,P5140,116666.66666666667,200000.0,4.0,-83333.33333333333,-20833.333333333332,True,True,True,True,True,True
4724,Arrendatarios,P5140,66666.66666666667,150000.0,5.0,-83333.33333333333,-16666.666666666664,True,True,True,True,True,True
4725,Arrendatarios,P5140,66666.66666666667,150000.0,3.0,-83333.33333333333,-27777.777777777777,True,True,True,True,True,True
4726,Arrendatarios,P5140,66666.66666666667,150000.0,1.0,-83333.33333333333,-83333.33333333333,True,True,True,True,True,True
4727,Arrendatarios,P5140,116666.66666666667,200000.0,1.0,-83333.33333333333,-83333.33333333333,True,True,True,True,True,True
4728,Arrendatarios,P5140,66666.66666666667,150000.0,5.0,-83333.33333333333,-16666.666666666664,True,True,True,True,True,True
4729,Arrendatarios,P5140,66666.66666666667,150000.0,3.0,-83333.33333333333,-27777.777777777777,True,True,True,True,True,True
4730,Arrendatarios,P5140,116666.66666666667,200000.0,2.0,-83333.33333333333,-41666.666666666664,True,True,True,True,True,True
4731,Arrendatarios,P5140,66666.66666666667,150000.0,1.0,-83333.33333333333,-83333.33333333333,True,True,True,True,True,True
4732,Arrendatarios,P5140,116666.66666666667,200000.0,1.0,-83333.33333333333,-83333.33333333333,True,True,True,True,True,True
4733,Arrendatarios,P5140,416666.6666666667,500000.0,1.0,-83333.33333333331,-83333.33333333331,True,True,True,True,True,True
4734,Arrendatarios,P5140,316666.6666666667,400000.0,2.0,-83333.33333333331,-41666.66666666666,True,True,True,True,True,True
4735,Arrendatarios,P5140,416666.6666666667,500000.0,2.0,-83333.33333333331,-41666.66666666666,True,True,True,True,True,True
4736,Arrendatarios,P5140,366666.6666666667,450000.0,2.0,-83333.33333333331,-41666.66666666666,True,True,True,True,True,True
4737,Arrendatarios,P5140,316666.6666666667,400000.0,1.0,-83333.33333333331,-83333.33333333331,True,True,True,True,True,True
4738,Arrendatarios,P5140,466666.6666666667,550000.0,1.0,-83333.33333333331,-83333.33333333331,True,True,True,True,True,True
4739,Arrendatarios,P5140,416666.6666666667,500000.0,3.0,-83333.33333333331,-27777.77777777777,True,True,True,True,True,True
4740,Arrendatarios,P5140,266666.6666666667,350000.0,1.0,-83333.33333333331,-83333.33333333331,True,True,True,True,True,True
4741,Arrendatarios,P5140,316666.6666666667,400000.0,1.0,-83333.33333333331,-83333.33333333331,True,True,True,True,True,True
4742,Arrendatarios,P5140,416666.6666666667,500000.0,1.0,-83333.33333333331,-83333.33333333331,True,True,True,True,True,True
4743,Arrendatarios,P5140,266666.6666666667,350000.0,1.0,-83333.33333333331,-83333.33333333331,True,True,True,True,True,True
4744,Arrendatarios,P5140,416666.6666666667,500000.0,3.0,-83333.33333333331,-27777.77777777777,True,True,True,True,True,True
4745,Arrendatarios,P5140,416666.6666666667,500000.0,3.0,-83333.33333333331,-27777.77777777777,True,True,True,True,True,True
4746,Arrendatarios,P5140,416666.6666666667,500000.0,1.0,-83333.33333333331,-83333.33333333331,True,True,True,True,True,True
4747,Arrendatarios,P5140,416666.6666666667,500000.0,1.0,-83333.33333333331,-83333.33333333331,True,True,True,True,True,True
4748,Arrendatarios,P5140,416666.6666666667,500000.0,1.0,-83333.33333333331,-83333.33333333331,True,True,True,True,True,True
4749,Arrendatarios,P5140,416666.6666666667,500000.0,4.0,-83333.33333333331,-20833.33333333333,True,True,True,True,True,True
4750,Arrendatarios,P5140,416666.6666666667,500000.0,2.0,-83333.33333333331,-41666.66666666666,True,True,True,True,True,True
4751,Arrendatarios,P5140,316666.6666666667,400000.0,4.0,-83333.33333333331,-20833.33333333333,True,True,True,True,True,True
4752,Arrendatarios,P5140,316666.6666666667,400000.0,1.0,-83333.33333333331,-83333.33333333331,True,True,True,True,True,True
4753,Arrendatarios,P5140,416666.6666666667,500000.0,1.0,-83333.33333333331,-83333.33333333331,True,True,True,True,True,True
4754,Arrendatarios,P5140,316666.6666666667,400000.0,2.0,-83333.33333333331,-41666.66666666666,True,True,True,True,True,True
4755,Arrendatarios,P5140,67000.0,150000.0,4.0,-83000.0,-20750.0,True,True,True,True,True,True
4756,Arrendatarios,P5140,50000.0,133000.0,1.0,-83000.0,-83000.0,True,True,True,True,True,True
4757,Arrendatarios,P5140,318166.6666666667,400000.0,4.0,-81833.33333333331,-20458.33333333333,True,True,True,True,True,True
4758,Arrendatarios,P5140,418333.3333333333,500000.0,3.0,-81666.66666666669,-27222.22222222223,True,True,True,True,True,True
4759,Arrendatarios,P5140,168333.33333333334,250000.0,4.0,-81666.66666666666,-20416.666666666664,True,True,True,True,True,True
4760,Arrendatarios,P5140,100000.0,180000.0,1.0,-80000.0,-80000.0,True,True,True,True,True,True
4761,Arrendatarios,P5140,420000.0,500000.0,1.0,-80000.0,-80000.0,True,True,True,True,True,True
4762,Arrendatarios,P5140,300000.0,380000.0,1.0,-80000.0,-80000.0,True,True,True,True,True,True
4763,Arrendatarios,P5140,200000.0,280000.0,2.0,-80000.0,-40000.0,True,True,True,True,True,True
4764,Arrendatarios,P5140,320000.0,400000.0,1.0,-80000.0,-80000.0,True,True,True,True,True,True
4765,Arrendatarios,P5140,600000.0,680000.0,4.0,-80000.0,-20000.0,True,True,True,True,True,True
4766,Arrendatarios,P5140,300000.0,380000.0,1.0,-80000.0,-80000.0,True,True,True,True,True,True
4767,Arrendatarios,P5140,920000.0,1000000.0,2.0,-80000.0,-40000.0,True,True,True,True,True,True
4768,Propietarios que pagan su vivienda,P5100,700000.0,780000.0,1.0,-80000.0,-80000.0,True,True,True,True,True,True
4769,Arrendatarios,P5140,300000.0,380000.0,2.0,-80000.0,-40000.0,True,True,True,True,True,True
4770,Arrendatarios,P5140,300000.0,380000.0,4.0,-80000.0,-20000.0,True,True,True,True,True,True
4771,Arrendatarios,P5140,170000.0,250000.0,5.0,-80000.0,-16000.0,True,True,True,True,True,True
4772,Arrendatarios,P5140,1500000.0,1580000.0,3.0,-80000.0,-26666.666666666668,True,True,True,True,True,True
4773,Arrendatarios,P5140,1120000.0,1200000.0,1.0,-80000.0,-80000.0,True,True,True,True,True,True
4774,Arrendatarios,P5140,1420000.0,1500000.0,2.0,-80000.0,-40000.0,True,True,True,True,True,True
4775,Arrendatarios,P5140,170000.0,250000.0,1.0,-80000.0,-80000.0,True,True,True,True,True,True
4776,Propietarios que pagan su vivienda,P5100,620000.0,700000.0,1.0,-80000.0,-80000.0,True,True,True,True,True,True
4777,Arrendatarios,P5140,470000.0,550000.0,1.0,-80000.0,-80000.0,True,True,True,True,True,True
4778,Arrendatarios,P5140,400000.0,480000.0,3.0,-80000.0,-26666.666666666668,True,True,True,True,True,True
4779,Arrendatarios,P5140,400000.0,480000.0,2.0,-80000.0,-40000.0,True,True,True,True,True,True
4780,Arrendatarios,P5140,700000.0,780000.0,1.0,-80000.0,-80000.0,True,True,True,True,True,True
4781,Arrendatarios,P5140,400000.0,480000.0,4.0,-80000.0,-20000.0,True,True,True,True,True,True
4782,Arrendatarios,P5140,920000.0,1000000.0,2.0,-80000.0,-40000.0,True,True,True,True,True,True
4783,Arrendatarios,P5140,320000.0,400000.0,2.0,-80000.0,-40000.0,True,True,True,True,True,True
4784,Arrendatarios,P5140,420000.0,500000.0,3.0,-80000.0,-26666.666666666668,True,True,True,True,True,True
4785,Arrendatarios,P5140,600000.0,680000.0,2.0,-80000.0,-40000.0,True,True,True,True,True,True
4786,Arrendatarios,P5140,100000.0,180000.0,2.0,-80000.0,-40000.0,True,True,True,True,True,True
4787,Arrendatarios,P5140,400000.0,480000.0,2.0,-80000.0,-40000.0,True,True,True,True,True,True
4788,Arrendatarios,P5140,120000.0,200000.0,1.0,-80000.0,-80000.0,True,True,True,True,True,True
4789,Arrendatarios,P5140,400000.0,480000.0,4.0,-80000.0,-20000.0,True,True,True,True,True,True
4790,Arrendatarios,P5140,220000.0,300000.0,4.0,-80000.0,-20000.0,True,True,True,True,True,True
4791,Arrendatarios,P5140,300000.0,380000.0,4.0,-80000.0,-20000.0,True,True,True,True,True,True
4792,Propietarios que pagan su vivienda,P5100,300000.0,380000.0,2.0,-80000.0,-40000.0,True,True,True,True,True,True
4793,Arrendatarios,P5140,420000.0,500000.0,2.0,-80000.0,-40000.0,True,True,True,True,True,True
4794,Arrendatarios,P5140,500000.0,580000.0,2.0,-80000.0,-40000.0,True,True,True,True,True,True
4795,Arrendatarios,P5140,320000.0,400000.0,2.0,-80000.0,-40000.0,True,True,True,True,True,True
4796,Arrendatarios,P5140,720000.0,800000.0,2.0,-80000.0,-40000.0,True,True,True,True,True,True
4797,Arrendatarios,P5140,200000.0,280000.0,2.0,-80000.0,-40000.0,True,True,True,True,True,True
4798,Propietarios que pagan su vivienda,P5100,670000.0,750000.0,1.0,-80000.0,-80000.0,True,True,True,True,True,True
4799,Arrendatarios,P5140,200000.0,280000.0,1.0,-80000.0,-80000.0,True,True,True,True,True,True
4800,Arrendatarios,P5140,1120000.0,1200000.0,3.0,-80000.0,-26666.666666666668,True,True,True,True,True,True
4801,Arrendatarios,P5140,520000.0,600000.0,1.0,-80000.0,-80000.0,True,True,True,True,True,True
4802,Propietarios que pagan su vivienda,P5100,500000.0,580000.0,2.0,-80000.0,-40000.0,True,True,True,True,True,True
4803,Arrendatarios,P5140,300000.0,380000.0,1.0,-80000.0,-80000.0,True,True,True,True,True,True
4804,Arrendatarios,P5140,500000.0,580000.0,4.0,-80000.0,-20000.0,True,True,True,True,True,True
4805,Propietarios que pagan su vivienda,P5100,500000.0,580000.0,1.0,-80000.0,-80000.0,True,True,True,True,True,True
4806,Arrendatarios,P5140,320000.0,400000.0,1.0,-80000.0,-80000.0,True,True,True,True,True,True
4807,Arrendatarios,P5140,70833.33333333333,150000.0,1.0,-79166.66666666667,-79166.66666666667,True,True,True,True,True,True
4808,Arrendatarios,P5140,621666.6666666666,700000.0,2.0,-78333.33333333337,-39166.666666666686,True,True,True,True,True,True
4809,Arrendatarios,P5140,41666.666666666664,120000.0,1.0,-78333.33333333334,-78333.33333333334,True,True,True,True,True,True
4810,Arrendatarios,P5140,171666.66666666666,250000.0,2.0,-78333.33333333334,-39166.66666666667,True,True,True,True,True,True
4811,Arrendatarios,P5140,421666.6666666667,500000.0,2.0,-78333.33333333331,-39166.66666666666,True,True,True,True,True,True
4812,Propietarios que pagan su vivienda,P5100,1423000.0,1500000.0,2.0,-77000.0,-38500.0,True,True,True,True,True,True
4813,Arrendatarios,P5140,1623000.0,1700000.0,4.0,-77000.0,-19250.0,True,True,True,True,True,True
4814,Arrendatarios,P5140,173333.3333333333,250000.0,1.0,-76666.66666666669,-76666.66666666669,True,True,True,True,True,True
4815,Arrendatarios,P5140,433333.3333333334,510000.0,2.0,-76666.66666666663,-38333.333333333314,True,True,True,True,True,True
4816,Propietarios que pagan su vivienda,P5100,1423500.0,1500000.0,4.0,-76500.0,-19125.0,True,True,True,True,True,True
4817,Propietarios que pagan su vivienda,P5100,1423500.0,1500000.0,2.0,-76500.0,-38250.0,True,True,True,True,True,True
4818,Arrendatarios,P5140,1623500.0,1700000.0,1.0,-76500.0,-76500.0,True,True,True,True,True,True
4819,Arrendatarios,P5140,1423500.0,1500000.0,3.0,-76500.0,-25500.0,True,True,True,True,True,True
4820,Arrendatarios,P5140,1423500.0,1500000.0,1.0,-76500.0,-76500.0,True,True,True,True,True,True
4821,Propietarios que pagan su vivienda,P5100,1723500.0,1800000.0,4.0,-76500.0,-19125.0,True,True,True,True,True,True
4822,Arrendatarios,P5140,1423500.0,1500000.0,1.0,-76500.0,-76500.0,True,True,True,True,True,True
4823,Propietarios que pagan su vivienda,P5100,1423500.0,1500000.0,5.0,-76500.0,-15300.0,True,True,True,True,True,True
4824,Arrendatarios,P5140,1423500.0,1500000.0,1.0,-76500.0,-76500.0,True,True,True,True,True,True
4825,Arrendatarios,P5140,425000.0,500000.0,3.0,-75000.0,-25000.0,True,True,True,True,True,True
4826,Arrendatarios,P5140,325000.0,400000.0,3.0,-75000.0,-25000.0,True,True,True,True,True,True
4827,Arrendatarios,P5140,375000.0,450000.0,1.0,-75000.0,-75000.0,True,True,True,True,True,True
4828,Arrendatarios,P5140,125000.0,200000.0,3.0,-75000.0,-25000.0,True,True,True,True,True,True
4829,Arrendatarios,P5140,425000.0,500000.0,3.0,-75000.0,-25000.0,True,True,True,True,True,True
4830,Arrendatarios,P5140,375000.0,450000.0,4.0,-75000.0,-18750.0,True,True,True,True,True,True
4831,Arrendatarios,P5140,325000.0,400000.0,4.0,-75000.0,-18750.0,True,True,True,True,True,True
4832,Arrendatarios,P5140,450000.0,525000.0,3.0,-75000.0,-25000.0,True,True,True,True,True,True
4833,Arrendatarios,P5140,625000.0,700000.0,1.0,-75000.0,-75000.0,True,True,True,True,True,True
4834,Arrendatarios,P5140,125000.0,200000.0,1.0,-75000.0,-75000.0,True,True,True,True,True,True
4835,Arrendatarios,P5140,275000.0,350000.0,2.0,-75000.0,-37500.0,True,True,True,True,True,True
4836,Arrendatarios,P5140,325000.0,400000.0,2.0,-75000.0,-37500.0,True,True,True,True,True,True
4837,Arrendatarios,P5140,125000.0,200000.0,2.0,-75000.0,-37500.0,True,True,True,True,True,True
4838,Arrendatarios,P5140,625000.0,700000.0,1.0,-75000.0,-75000.0,True,True,True,True,True,True
4839,Arrendatarios,P5140,425000.0,500000.0,3.0,-75000.0,-25000.0,True,True,True,True,True,True
4840,Arrendatarios,P5140,375000.0,450000.0,1.0,-75000.0,-75000.0,True,True,True,True,True,True
4841,Arrendatarios,P5140,425000.0,500000.0,4.0,-75000.0,-18750.0,True,True,True,True,True,True
4842,Arrendatarios,P5140,75000.0,150000.0,4.0,-75000.0,-18750.0,True,True,True,True,True,True
4843,Arrendatarios,P5140,225000.0,300000.0,2.0,-75000.0,-37500.0,True,True,True,True,True,True
4844,Arrendatarios,P5140,225000.0,300000.0,3.0,-75000.0,-25000.0,True,True,True,True,True,True
4845,Arrendatarios,P5140,275000.0,350000.0,1.0,-75000.0,-75000.0,True,True,True,True,True,True
4846,Arrendatarios,P5140,125000.0,200000.0,4.0,-75000.0,-18750.0,True,True,True,True,True,True
4847,Arrendatarios,P5140,125000.0,200000.0,4.0,-75000.0,-18750.0,True,True,True,True,True,True
4848,Arrendatarios,P5140,375000.0,450000.0,3.0,-75000.0,-25000.0,True,True,True,True,True,True
4849,Arrendatarios,P5140,275000.0,350000.0,5.0,-75000.0,-15000.0,True,True,True,True,True,True
4850,Arrendatarios,P5140,125000.0,200000.0,1.0,-75000.0,-75000.0,True,True,True,True,True,True
4851,Arrendatarios,P5140,75000.0,150000.0,3.0,-75000.0,-25000.0,True,True,True,True,True,True
4852,Arrendatarios,P5140,325000.0,400000.0,3.0,-75000.0,-25000.0,True,True,True,True,True,True
4853,Arrendatarios,P5140,525000.0,600000.0,2.0,-75000.0,-37500.0,True,True,True,True,True,True
4854,Arrendatarios,P5140,25000.0,100000.0,3.0,-75000.0,-25000.0,True,True,True,True,True,True
4855,Propietarios que pagan su vivienda,P5100,325000.0,400000.0,1.0,-75000.0,-75000.0,True,True,True,True,True,True
4856,Arrendatarios,P5140,466666.6666666666,540000.0,3.0,-73333.33333333337,-24444.444444444456,True,True,True,True,True,True
4857,Arrendatarios,P5140,526666.6666666666,600000.0,4.0,-73333.33333333337,-18333.333333333343,True,True,True,True,True,True
4858,Arrendatarios,P5140,526666.6666666667,600000.0,2.0,-73333.33333333326,-36666.66666666663,True,True,True,True,True,True
4859,Arrendatarios,P5140,428333.3333333333,500000.0,1.0,-71666.66666666669,-71666.66666666669,True,True,True,True,True,True
4860,Arrendatarios,P5140,8333.333333333334,80000.0,2.0,-71666.66666666667,-35833.333333333336,True,True,True,True,True,True
4861,Arrendatarios,P5140,208333.33333333334,280000.0,1.0,-71666.66666666666,-71666.66666666666,True,True,True,True,True,True
4862,Arrendatarios,P5140,100000.0,170000.0,2.0,-70000.0,-35000.0,True,True,True,True,True,True
4863,Arrendatarios,P5140,230000.0,300000.0,2.0,-70000.0,-35000.0,True,True,True,True,True,True
4864,Arrendatarios,P5140,280000.0,350000.0,4.0,-70000.0,-17500.0,True,True,True,True,True,True
4865,Arrendatarios,P5140,480000.0,550000.0,2.0,-70000.0,-35000.0,True,True,True,True,True,True
4866,Arrendatarios,P5140,280000.0,350000.0,3.0,-70000.0,-23333.333333333332,True,True,True,True,True,True
4867,Arrendatarios,P5140,300000.0,370000.0,2.0,-70000.0,-35000.0,True,True,True,True,True,True
4868,Arrendatarios,P5140,600000.0,670000.0,4.0,-70000.0,-17500.0,True,True,True,True,True,True
4869,Arrendatarios,P5140,80000.0,150000.0,1.0,-70000.0,-70000.0,True,True,True,True,True,True
4870,Arrendatarios,P5140,630000.0,700000.0,2.0,-70000.0,-35000.0,True,True,True,True,True,True
4871,Arrendatarios,P5140,180000.0,250000.0,1.0,-70000.0,-70000.0,True,True,True,True,True,True
4872,Propietarios que pagan su vivienda,P5100,50000.0,120000.0,2.0,-70000.0,-35000.0,True,True,True,True,True,True
4873,Arrendatarios,P5140,100000.0,170000.0,1.0,-70000.0,-70000.0,True,True,True,True,True,True
4874,Arrendatarios,P5140,530000.0,600000.0,4.0,-70000.0,-17500.0,True,True,True,True,True,True
4875,Arrendatarios,P5140,80000.0,150000.0,1.0,-70000.0,-70000.0,True,True,True,True,True,True
4876,Arrendatarios,P5140,280000.0,350000.0,2.0,-70000.0,-35000.0,True,True,True,True,True,True
4877,Arrendatarios,P5140,730000.0,800000.0,2.0,-70000.0,-35000.0,True,True,True,True,True,True
4878,Arrendatarios,P5140,1930000.0,2000000.0,1.0,-70000.0,-70000.0,True,True,True,True,True,True
4879,Arrendatarios,P5140,230000.0,300000.0,2.0,-70000.0,-35000.0,True,True,True,True,True,True
4880,Arrendatarios,P5140,80000.0,150000.0,3.0,-70000.0,-23333.333333333332,True,True,True,True,True,True
4881,Arrendatarios,P5140,130000.0,200000.0,1.0,-70000.0,-70000.0,True,True,True,True,True,True
4882,Arrendatarios,P5140,180000.0,250000.0,5.0,-70000.0,-14000.0,True,True,True,True,True,True
4883,Arrendatarios,P5140,380000.0,450000.0,2.0,-70000.0,-35000.0,True,True,True,True,True,True
4884,Arrendatarios,P5140,430000.0,500000.0,3.0,-70000.0,-23333.333333333332,True,True,True,True,True,True
4885,Arrendatarios,P5140,180000.0,250000.0,1.0,-70000.0,-70000.0,True,True,True,True,True,True
4886,Arrendatarios,P5140,330000.0,400000.0,1.0,-70000.0,-70000.0,True,True,True,True,True,True
4887,Arrendatarios,P5140,50000.0,120000.0,2.0,-70000.0,-35000.0,True,True,True,True,True,True
4888,Arrendatarios,P5140,630000.0,700000.0,3.0,-70000.0,-23333.333333333332,True,True,True,True,True,True
4889,Arrendatarios,P5140,200000.0,270000.0,2.0,-70000.0,-35000.0,True,True,True,True,True,True
4890,Arrendatarios,P5140,430000.0,500000.0,1.0,-70000.0,-70000.0,True,True,True,True,True,True
4891,Arrendatarios,P5140,80000.0,150000.0,2.0,-70000.0,-35000.0,True,True,True,True,True,True
4892,Arrendatarios,P5140,80000.0,150000.0,1.0,-70000.0,-70000.0,True,True,True,True,True,True
4893,Propietarios que pagan su vivienda,P5100,280000.0,350000.0,2.0,-70000.0,-35000.0,True,True,True,True,True,True
4894,Arrendatarios,P5140,80000.0,150000.0,1.0,-70000.0,-70000.0,True,True,True,True,True,True
4895,Arrendatarios,P5140,450000.0,520000.0,2.0,-70000.0,-35000.0,True,True,True,True,True,True
4896,Arrendatarios,P5140,210000.0,280000.0,4.0,-70000.0,-17500.0,True,True,True,True,True,True
4897,Arrendatarios,P5140,180000.0,250000.0,1.0,-70000.0,-70000.0,True,True,True,True,True,True
4898,Arrendatarios,P5140,200000.0,270000.0,2.0,-70000.0,-35000.0,True,True,True,True,True,True
4899,Arrendatarios,P5140,180000.0,250000.0,1.0,-70000.0,-70000.0,True,True,True,True,True,True
4900,Arrendatarios,P5140,230000.0,300000.0,1.0,-70000.0,-70000.0,True,True,True,True,True,True
4901,Arrendatarios,P5140,600000.0,670000.0,2.0,-70000.0,-35000.0,True,True,True,True,True,True
4902,Arrendatarios,P5140,81666.66666666667,150000.0,3.0,-68333.33333333333,-22777.777777777777,True,True,True,True,True,True
4903,Arrendatarios,P5140,181666.6666666667,250000.0,2.0,-68333.33333333331,-34166.66666666666,True,True,True,True,True,True
4904,Arrendatarios,P5140,532500.0,600000.0,2.0,-67500.0,-33750.0,True,True,True,True,True,True
4905,Arrendatarios,P5140,182500.0,250000.0,4.0,-67500.0,-16875.0,True,True,True,True,True,True
4906,Propietarios que pagan su vivienda,P5100,350000.0,417000.0,6.0,-67000.0,-11166.666666666666,True,True,True,True,True,True
4907,Arrendatarios,P5140,333333.3333333333,400000.0,2.0,-66666.66666666669,-33333.33333333334,True,True,True,True,True,True
4908,Arrendatarios,P5140,383333.3333333333,450000.0,1.0,-66666.66666666669,-66666.66666666669,True,True,True,True,True,True
4909,Arrendatarios,P5140,333333.3333333333,400000.0,3.0,-66666.66666666669,-22222.22222222223,True,True,True,True,True,True
4910,Arrendatarios,P5140,333333.3333333333,400000.0,3.0,-66666.66666666669,-22222.22222222223,True,True,True,True,True,True
4911,Arrendatarios,P5140,333333.3333333333,400000.0,1.0,-66666.66666666669,-66666.66666666669,True,True,True,True,True,True
4912,Arrendatarios,P5140,233333.3333333333,300000.0,4.0,-66666.66666666669,-16666.66666666667,True,True,True,True,True,True
4913,Arrendatarios,P5140,333333.3333333333,400000.0,1.0,-66666.66666666669,-66666.66666666669,True,True,True,True,True,True
4914,Arrendatarios,P5140,383333.3333333333,450000.0,1.0,-66666.66666666669,-66666.66666666669,True,True,True,True,True,True
4915,Arrendatarios,P5140,333333.3333333333,400000.0,2.0,-66666.66666666669,-33333.33333333334,True,True,True,True,True,True
4916,Arrendatarios,P5140,333333.3333333333,400000.0,1.0,-66666.66666666669,-66666.66666666669,True,True,True,True,True,True
4917,Arrendatarios,P5140,333333.3333333333,400000.0,1.0,-66666.66666666669,-66666.66666666669,True,True,True,True,True,True
4918,Arrendatarios,P5140,333333.3333333333,400000.0,7.0,-66666.66666666669,-9523.809523809527,True,True,True,True,True,True
4919,Arrendatarios,P5140,283333.3333333333,350000.0,5.0,-66666.66666666669,-13333.333333333338,True,True,True,True,True,True
4920,Arrendatarios,P5140,233333.3333333333,300000.0,1.0,-66666.66666666669,-66666.66666666669,True,True,True,True,True,True
4921,Arrendatarios,P5140,433333.3333333333,500000.0,2.0,-66666.66666666669,-33333.33333333334,True,True,True,True,True,True
4922,Arrendatarios,P5140,433333.3333333333,500000.0,1.0,-66666.66666666669,-66666.66666666669,True,True,True,True,True,True
4923,Arrendatarios,P5140,83333.33333333333,150000.0,1.0,-66666.66666666667,-66666.66666666667,True,True,True,True,True,True
4924,Arrendatarios,P5140,83333.33333333333,150000.0,3.0,-66666.66666666667,-22222.222222222223,True,True,True,True,True,True
4925,Arrendatarios,P5140,83333.33333333333,150000.0,3.0,-66666.66666666667,-22222.222222222223,True,True,True,True,True,True
4926,Arrendatarios,P5140,83333.33333333333,150000.0,1.0,-66666.66666666667,-66666.66666666667,True,True,True,True,True,True
4927,Arrendatarios,P5140,83333.33333333333,150000.0,4.0,-66666.66666666667,-16666.666666666668,True,True,True,True,True,True
4928,Arrendatarios,P5140,83333.33333333333,150000.0,2.0,-66666.66666666667,-33333.333333333336,True,True,True,True,True,True
4929,Arrendatarios,P5140,83333.33333333333,150000.0,1.0,-66666.66666666667,-66666.66666666667,True,True,True,True,True,True
4930,Arrendatarios,P5140,83333.33333333333,150000.0,1.0,-66666.66666666667,-66666.66666666667,True,True,True,True,True,True
4931,Arrendatarios,P5140,83333.33333333333,150000.0,2.0,-66666.66666666667,-33333.333333333336,True,True,True,True,True,True
4932,Arrendatarios,P5140,83333.33333333333,150000.0,4.0,-66666.66666666667,-16666.666666666668,True,True,True,True,True,True
4933,Arrendatarios,P5140,233333.33333333334,300000.0,6.0,-66666.66666666666,-11111.11111111111,True,True,True,True,True,True
4934,Arrendatarios,P5140,83333.33333333334,150000.0,1.0,-66666.66666666666,-66666.66666666666,True,True,True,True,True,True
4935,Arrendatarios,P5140,133333.33333333334,200000.0,1.0,-66666.66666666666,-66666.66666666666,True,True,True,True,True,True
4936,Arrendatarios,P5140,133333.33333333334,200000.0,2.0,-66666.66666666666,-33333.33333333333,True,True,True,True,True,True
4937,Arrendatarios,P5140,833333.3333333334,900000.0,2.0,-66666.66666666663,-33333.333333333314,True,True,True,True,True,True
4938,Arrendatarios,P5140,683333.3333333334,750000.0,4.0,-66666.66666666663,-16666.666666666657,True,True,True,True,True,True
4939,Arrendatarios,P5140,333333.3333333334,400000.0,3.0,-66666.66666666663,-22222.222222222208,True,True,True,True,True,True
4940,Arrendatarios,P5140,533333.3333333334,600000.0,1.0,-66666.66666666663,-66666.66666666663,True,True,True,True,True,True
4941,Arrendatarios,P5140,283333.3333333334,350000.0,8.0,-66666.66666666663,-8333.333333333328,True,True,True,True,True,True
4942,Arrendatarios,P5140,583333.3333333334,650000.0,2.0,-66666.66666666663,-33333.333333333314,True,True,True,True,True,True
4943,Arrendatarios,P5140,533333.3333333334,600000.0,3.0,-66666.66666666663,-22222.222222222208,True,True,True,True,True,True
4944,Arrendatarios,P5140,833333.3333333334,900000.0,1.0,-66666.66666666663,-66666.66666666663,True,True,True,True,True,True
4945,Arrendatarios,P5140,733333.3333333334,800000.0,2.0,-66666.66666666663,-33333.333333333314,True,True,True,True,True,True
4946,Arrendatarios,P5140,433333.3333333334,500000.0,3.0,-66666.66666666663,-22222.222222222208,True,True,True,True,True,True
4947,Arrendatarios,P5140,433333.3333333334,500000.0,1.0,-66666.66666666663,-66666.66666666663,True,True,True,True,True,True
4948,Arrendatarios,P5140,833333.3333333334,900000.0,1.0,-66666.66666666663,-66666.66666666663,True,True,True,True,True,True
4949,Propietarios que pagan su vivienda,P5100,833333.3333333334,900000.0,1.0,-66666.66666666663,-66666.66666666663,True,True,True,True,True,True
4950,Arrendatarios,P5140,435000.0,500000.0,2.0,-65000.0,-32500.0,True,True,True,True,True,True
4951,Arrendatarios,P5140,335000.0,400000.0,5.0,-65000.0,-13000.0,True,True,True,True,True,True
4952,Arrendatarios,P5140,215333.3333333333,280000.0,1.0,-64666.666666666686,-64666.666666666686,True,True,True,True,True,True
4953,Arrendatarios,P5140,1336000.0,1400000.0,3.0,-64000.0,-21333.333333333332,True,True,True,True,True,True
4954,Arrendatarios,P5140,416666.6666666666,480000.0,2.0,-63333.33333333337,-31666.666666666686,True,True,True,True,True,True
4955,Arrendatarios,P5140,166666.66666666666,230000.0,1.0,-63333.33333333334,-63333.33333333334,True,True,True,True,True,True
4956,Arrendatarios,P5140,316666.6666666667,380000.0,3.0,-63333.333333333314,-21111.111111111106,True,True,True,True,True,True
4957,Arrendatarios,P5140,416666.6666666667,480000.0,1.0,-63333.333333333314,-63333.333333333314,True,True,True,True,True,True
4958,Arrendatarios,P5140,337500.0,400000.0,2.0,-62500.0,-31250.0,True,True,True,True,True,True
4959,Arrendatarios,P5140,537500.0,600000.0,4.0,-62500.0,-15625.0,True,True,True,True,True,True
4960,Arrendatarios,P5140,358333.3333333333,420000.0,2.0,-61666.666666666686,-30833.333333333343,True,True,True,True,True,True
4961,Arrendatarios,P5140,483333.3333333333,545000.0,3.0,-61666.666666666686,-20555.555555555562,True,True,True,True,True,True
4962,Arrendatarios,P5140,138333.33333333334,200000.0,2.0,-61666.66666666666,-30833.33333333333,True,True,True,True,True,True
4963,Arrendatarios,P5140,238333.33333333334,300000.0,2.0,-61666.66666666666,-30833.33333333333,True,True,True,True,True,True
4964,Arrendatarios,P5140,258333.33333333334,320000.0,1.0,-61666.66666666666,-61666.66666666666,True,True,True,True,True,True
4965,Arrendatarios,P5140,538333.3333333334,600000.0,1.0,-61666.66666666663,-61666.66666666663,True,True,True,True,True,True
4966,Arrendatarios,P5140,320000.0,380000.0,1.0,-60000.0,-60000.0,True,True,True,True,True,True
4967,Arrendatarios,P5140,225000.0,285000.0,1.0,-60000.0,-60000.0,True,True,True,True,True,True
4968,Arrendatarios,P5140,300000.0,360000.0,1.0,-60000.0,-60000.0,True,True,True,True,True,True
4969,Arrendatarios,P5140,320000.0,380000.0,1.0,-60000.0,-60000.0,True,True,True,True,True,True
4970,Arrendatarios,P5140,340000.0,400000.0,2.0,-60000.0,-30000.0,True,True,True,True,True,True
4971,Arrendatarios,P5140,240000.0,300000.0,2.0,-60000.0,-30000.0,True,True,True,True,True,True
4972,Arrendatarios,P5140,200000.0,260000.0,4.0,-60000.0,-15000.0,True,True,True,True,True,True
4973,Arrendatarios,P5140,140000.0,200000.0,2.0,-60000.0,-30000.0,True,True,True,True,True,True
4974,Arrendatarios,P5140,240000.0,300000.0,1.0,-60000.0,-60000.0,True,True,True,True,True,True
4975,Arrendatarios,P5140,440000.0,500000.0,5.0,-60000.0,-12000.0,True,True,True,True,True,True
4976,Arrendatarios,P5140,440000.0,500000.0,3.0,-60000.0,-20000.0,True,True,True,True,True,True
4977,Arrendatarios,P5140,440000.0,500000.0,2.0,-60000.0,-30000.0,True,True,True,True,True,True
4978,Arrendatarios,P5140,340000.0,400000.0,3.0,-60000.0,-20000.0,True,True,True,True,True,True
4979,Arrendatarios,P5140,300000.0,360000.0,1.0,-60000.0,-60000.0,True,True,True,True,True,True
4980,Arrendatarios,P5140,240000.0,300000.0,4.0,-60000.0,-15000.0,True,True,True,True,True,True
4981,Arrendatarios,P5140,400000.0,460000.0,2.0,-60000.0,-30000.0,True,True,True,True,True,True
4982,Arrendatarios,P5140,640000.0,700000.0,1.0,-60000.0,-60000.0,True,True,True,True,True,True
4983,Arrendatarios,P5140,240000.0,300000.0,3.0,-60000.0,-20000.0,True,True,True,True,True,True
4984,Arrendatarios,P5140,190000.0,250000.0,4.0,-60000.0,-15000.0,True,True,True,True,True,True
4985,Arrendatarios,P5140,300000.0,360000.0,2.0,-60000.0,-30000.0,True,True,True,True,True,True
4986,Arrendatarios,P5140,290000.0,350000.0,2.0,-60000.0,-30000.0,True,True,True,True,True,True
4987,Propietarios que pagan su vivienda,P5100,541666.6666666666,600000.0,2.0,-58333.33333333337,-29166.666666666686,True,True,True,True,True,True
4988,Arrendatarios,P5140,821666.6666666666,880000.0,2.0,-58333.33333333337,-29166.666666666686,True,True,True,True,True,True
4989,Arrendatarios,P5140,641666.6666666666,700000.0,2.0,-58333.33333333337,-29166.666666666686,True,True,True,True,True,True
4990,Arrendatarios,P5140,541666.6666666666,600000.0,1.0,-58333.33333333337,-58333.33333333337,True,True,True,True,True,True
4991,Propietarios que pagan su vivienda,P5100,541666.6666666666,600000.0,2.0,-58333.33333333337,-29166.666666666686,True,True,True,True,True,True
4992,Arrendatarios,P5140,241666.66666666666,300000.0,1.0,-58333.33333333334,-58333.33333333334,True,True,True,True,True,True
4993,Arrendatarios,P5140,41666.666666666664,100000.0,1.0,-58333.333333333336,-58333.333333333336,True,True,True,True,True,True
4994,Arrendatarios,P5140,191666.6666666667,250000.0,3.0,-58333.333333333314,-19444.444444444438,True,True,True,True,True,True
4995,Arrendatarios,P5140,291666.6666666667,350000.0,1.0,-58333.333333333314,-58333.333333333314,True,True,True,True,True,True
4996,Arrendatarios,P5140,441666.6666666667,500000.0,5.0,-58333.333333333314,-11666.666666666662,True,True,True,True,True,True
4997,Arrendatarios,P5140,141666.6666666667,200000.0,4.0,-58333.333333333314,-14583.333333333328,True,True,True,True,True,True
4998,Arrendatarios,P5140,341666.6666666667,400000.0,1.0,-58333.333333333314,-58333.333333333314,True,True,True,True,True,True
4999,Arrendatarios,P5140,441666.6666666667,500000.0,3.0,-58333.333333333314,-19444.444444444438,True,True,True,True,True,True
5000,Arrendatarios,P5140,291666.6666666667,350000.0,3.0,-58333.333333333314,-19444.444444444438,True,True,True,True,True,True
5001,Arrendatarios,P5140,291666.6666666667,350000.0,1.0,-58333.333333333314,-58333.333333333314,True,True,True,True,True,True
5002,Arrendatarios,P5140,441666.6666666667,500000.0,6.0,-58333.333333333314,-9722.222222222219,True,True,True,True,True,True
5003,Arrendatarios,P5140,291666.6666666667,350000.0,1.0,-58333.333333333314,-58333.333333333314,True,True,True,True,True,True
5004,Arrendatarios,P5140,441666.6666666667,500000.0,1.0,-58333.333333333314,-58333.333333333314,True,True,True,True,True,True
5005,Arrendatarios,P5140,442000.0,500000.0,4.0,-58000.0,-14500.0,True,True,True,True,True,True
5006,Arrendatarios,P5140,92500.0,150000.0,1.0,-57500.0,-57500.0,True,True,True,True,True,True
5007,Arrendatarios,P5140,543333.3333333333,600000.0,2.0,-56666.666666666744,-28333.333333333372,True,True,True,True,True,True
5008,Arrendatarios,P5140,443333.3333333333,500000.0,2.0,-56666.666666666686,-28333.333333333343,True,True,True,True,True,True
5009,Arrendatarios,P5140,223333.3333333333,280000.0,1.0,-56666.666666666686,-56666.666666666686,True,True,True,True,True,True
5010,Arrendatarios,P5140,113333.33333333333,170000.0,5.0,-56666.66666666667,-11333.333333333334,True,True,True,True,True,True
5011,Arrendatarios,P5140,343750.0,400000.0,2.0,-56250.0,-28125.0,True,True,True,True,True,True
5012,Arrendatarios,P5140,25000.0,80000.0,1.0,-55000.0,-55000.0,True,True,True,True,True,True
5013,Arrendatarios,P5140,125000.0,180000.0,2.0,-55000.0,-27500.0,True,True,True,True,True,True
5014,Arrendatarios,P5140,746666.6666666666,800000.0,2.0,-53333.33333333337,-26666.666666666686,True,True,True,True,True,True
5015,Arrendatarios,P5140,416666.6666666667,470000.0,2.0,-53333.333333333314,-26666.666666666657,True,True,True,True,True,True
5016,Arrendatarios,P5140,666666.6666666667,720000.0,2.0,-53333.333333333256,-26666.666666666628,True,True,True,True,True,True
5017,Arrendatarios,P5140,1248000.0,1300000.0,2.0,-52000.0,-26000.0,True,True,True,True,True,True
5018,Arrendatarios,P5140,548333.3333333334,600000.0,1.0,-51666.66666666663,-51666.66666666663,True,True,True,True,True,True
5019,Arrendatarios,P5140,349166.6666666667,400000.0,3.0,-50833.333333333314,-16944.444444444438,True,True,True,True,True,True
5020,Arrendatarios,P5140,349166.6666666667,400000.0,3.0,-50833.333333333314,-16944.444444444438,True,True,True,True,True,True
5021,Arrendatarios,P5140,550000.0,600000.0,2.0,-50000.0,-25000.0,True,True,True,True,True,True
5022,Arrendatarios,P5140,550000.0,600000.0,3.0,-50000.0,-16666.666666666668,True,True,True,True,True,True
5023,Arrendatarios,P5140,700000.0,750000.0,1.0,-50000.0,-50000.0,True,True,True,True,True,True
5024,Arrendatarios,P5140,100000.0,150000.0,4.0,-50000.0,-12500.0,True,True,True,True,True,True
5025,Arrendatarios,P5140,200000.0,250000.0,2.0,-50000.0,-25000.0,True,True,True,True,True,True
5026,Arrendatarios,P5140,500000.0,550000.0,3.0,-50000.0,-16666.666666666668,True,True,True,True,True,True
5027,Arrendatarios,P5140,400000.0,450000.0,2.0,-50000.0,-25000.0,True,True,True,True,True,True
5028,Arrendatarios,P5140,300000.0,350000.0,1.0,-50000.0,-50000.0,True,True,True,True,True,True
5029,Arrendatarios,P5140,400000.0,450000.0,1.0,-50000.0,-50000.0,True,True,True,True,True,True
5030,Arrendatarios,P5140,400000.0,450000.0,1.0,-50000.0,-50000.0,True,True,True,True,True,True
5031,Arrendatarios,P5140,250000.0,300000.0,3.0,-50000.0,-16666.666666666668,True,True,True,True,True,True
5032,Arrendatarios,P5140,400000.0,450000.0,5.0,-50000.0,-10000.0,True,True,True,True,True,True
5033,Arrendatarios,P5140,450000.0,500000.0,4.0,-50000.0,-12500.0,True,True,True,True,True,True
5034,Arrendatarios,P5140,200000.0,250000.0,2.0,-50000.0,-25000.0,True,True,True,True,True,True
5035,Arrendatarios,P5140,350000.0,400000.0,1.0,-50000.0,-50000.0,True,True,True,True,True,True
5036,Arrendatarios,P5140,300000.0,350000.0,3.0,-50000.0,-16666.666666666668,True,True,True,True,True,True
5037,Arrendatarios,P5140,550000.0,600000.0,3.0,-50000.0,-16666.666666666668,True,True,True,True,True,True
5038,Arrendatarios,P5140,400000.0,450000.0,3.0,-50000.0,-16666.666666666668,True,True,True,True,True,True
5039,Arrendatarios,P5140,400000.0,450000.0,2.0,-50000.0,-25000.0,True,True,True,True,True,True
5040,Arrendatarios,P5140,200000.0,250000.0,3.0,-50000.0,-16666.666666666668,True,True,True,True,True,True
5041,Arrendatarios,P5140,700000.0,750000.0,4.0,-50000.0,-12500.0,True,True,True,True,True,True
5042,Arrendatarios,P5140,500000.0,550000.0,2.0,-50000.0,-25000.0,True,True,True,True,True,True
5043,Arrendatarios,P5140,400000.0,450000.0,4.0,-50000.0,-12500.0,True,True,True,True,True,True
5044,Arrendatarios,P5140,400000.0,450000.0,2.0,-50000.0,-25000.0,True,True,True,True,True,True
5045,Arrendatarios,P5140,700000.0,750000.0,1.0,-50000.0,-50000.0,True,True,True,True,True,True
5046,Arrendatarios,P5140,300000.0,350000.0,2.0,-50000.0,-25000.0,True,True,True,True,True,True
5047,Arrendatarios,P5140,500000.0,550000.0,2.0,-50000.0,-25000.0,True,True,True,True,True,True
5048,Propietarios que pagan su vivienda,P5100,650000.0,700000.0,1.0,-50000.0,-50000.0,True,True,True,True,True,True
5049,Arrendatarios,P5140,600000.0,650000.0,2.0,-50000.0,-25000.0,True,True,True,True,True,True
5050,Arrendatarios,P5140,100000.0,150000.0,1.0,-50000.0,-50000.0,True,True,True,True,True,True
5051,Arrendatarios,P5140,500000.0,550000.0,3.0,-50000.0,-16666.666666666668,True,True,True,True,True,True
5052,Arrendatarios,P5140,400000.0,450000.0,4.0,-50000.0,-12500.0,True,True,True,True,True,True
5053,Arrendatarios,P5140,450000.0,500000.0,3.0,-50000.0,-16666.666666666668,True,True,True,True,True,True
5054,Arrendatarios,P5140,300000.0,350000.0,1.0,-50000.0,-50000.0,True,True,True,True,True,True
5055,Arrendatarios,P5140,150000.0,200000.0,1.0,-50000.0,-50000.0,True,True,True,True,True,True
5056,Arrendatarios,P5140,600000.0,650000.0,5.0,-50000.0,-10000.0,True,True,True,True,True,True
5057,Arrendatarios,P5140,500000.0,550000.0,4.0,-50000.0,-12500.0,True,True,True,True,True,True
5058,Arrendatarios,P5140,400000.0,450000.0,4.0,-50000.0,-12500.0,True,True,True,True,True,True
5059,Arrendatarios,P5140,400000.0,450000.0,3.0,-50000.0,-16666.666666666668,True,True,True,True,True,True
5060,Arrendatarios,P5140,250000.0,300000.0,1.0,-50000.0,-50000.0,True,True,True,True,True,True
5061,Arrendatarios,P5140,400000.0,450000.0,1.0,-50000.0,-50000.0,True,True,True,True,True,True
5062,Arrendatarios,P5140,150000.0,200000.0,5.0,-50000.0,-10000.0,True,True,True,True,True,True
5063,Arrendatarios,P5140,700000.0,750000.0,4.0,-50000.0,-12500.0,True,True,True,True,True,True
5064,Propietarios que pagan su vivienda,P5100,350000.0,400000.0,3.0,-50000.0,-16666.666666666668,True,True,True,True,True,True
5065,Arrendatarios,P5140,250000.0,300000.0,1.0,-50000.0,-50000.0,True,True,True,True,True,True
5066,Arrendatarios,P5140,750000.0,800000.0,3.0,-50000.0,-16666.666666666668,True,True,True,True,True,True
5067,Arrendatarios,P5140,300000.0,350000.0,2.0,-50000.0,-25000.0,True,True,True,True,True,True
5068,Arrendatarios,P5140,250000.0,300000.0,1.0,-50000.0,-50000.0,True,True,True,True,True,True
5069,Arrendatarios,P5140,400000.0,450000.0,5.0,-50000.0,-10000.0,True,True,True,True,True,True
5070,Arrendatarios,P5140,50000.0,100000.0,1.0,-50000.0,-50000.0,True,True,True,True,True,True
5071,Arrendatarios,P5140,300000.0,350000.0,1.0,-50000.0,-50000.0,True,True,True,True,True,True
5072,Arrendatarios,P5140,650000.0,700000.0,2.0,-50000.0,-25000.0,True,True,True,True,True,True
5073,Arrendatarios,P5140,400000.0,450000.0,3.0,-50000.0,-16666.666666666668,True,True,True,True,True,True
5074,Arrendatarios,P5140,900000.0,950000.0,5.0,-50000.0,-10000.0,True,True,True,True,True,True
5075,Arrendatarios,P5140,250000.0,300000.0,1.0,-50000.0,-50000.0,True,True,True,True,True,True
5076,Arrendatarios,P5140,50000.0,100000.0,3.0,-50000.0,-16666.666666666668,True,True,True,True,True,True
5077,Arrendatarios,P5140,400000.0,450000.0,3.0,-50000.0,-16666.666666666668,True,True,True,True,True,True
5078,Arrendatarios,P5140,250000.0,300000.0,1.0,-50000.0,-50000.0,True,True,True,True,True,True
5079,Arrendatarios,P5140,800000.0,850000.0,2.0,-50000.0,-25000.0,True,True,True,True,True,True
5080,Arrendatarios,P5140,600000.0,650000.0,2.0,-50000.0,-25000.0,True,True,True,True,True,True
5081,Arrendatarios,P5140,400000.0,450000.0,2.0,-50000.0,-25000.0,True,True,True,True,True,True
5082,Arrendatarios,P5140,550000.0,600000.0,2.0,-50000.0,-25000.0,True,True,True,True,True,True
5083,Propietarios que pagan su vivienda,P5100,1250000.0,1300000.0,4.0,-50000.0,-12500.0,True,True,True,True,True,True
5084,Arrendatarios,P5140,400000.0,450000.0,3.0,-50000.0,-16666.666666666668,True,True,True,True,True,True
5085,Arrendatarios,P5140,700000.0,750000.0,1.0,-50000.0,-50000.0,True,True,True,True,True,True
5086,Arrendatarios,P5140,1750000.0,1800000.0,2.0,-50000.0,-25000.0,True,True,True,True,True,True
5087,Arrendatarios,P5140,50000.0,100000.0,3.0,-50000.0,-16666.666666666668,True,True,True,True,True,True
5088,Arrendatarios,P5140,230000.0,280000.0,1.0,-50000.0,-50000.0,True,True,True,True,True,True
5089,Arrendatarios,P5140,250000.0,300000.0,2.0,-50000.0,-25000.0,True,True,True,True,True,True
5090,Arrendatarios,P5140,250000.0,300000.0,3.0,-50000.0,-16666.666666666668,True,True,True,True,True,True
5091,Arrendatarios,P5140,450000.0,500000.0,3.0,-50000.0,-16666.666666666668,True,True,True,True,True,True
5092,Arrendatarios,P5140,500000.0,550000.0,5.0,-50000.0,-10000.0,True,True,True,True,True,True
5093,Arrendatarios,P5140,150000.0,200000.0,4.0,-50000.0,-12500.0,True,True,True,True,True,True
5094,Arrendatarios,P5140,600000.0,650000.0,3.0,-50000.0,-16666.666666666668,True,True,True,True,True,True
5095,Arrendatarios,P5140,500000.0,550000.0,1.0,-50000.0,-50000.0,True,True,True,True,True,True
5096,Arrendatarios,P5140,350000.0,400000.0,3.0,-50000.0,-16666.666666666668,True,True,True,True,True,True
5097,Arrendatarios,P5140,700000.0,750000.0,2.0,-50000.0,-25000.0,True,True,True,True,True,True
5098,Arrendatarios,P5140,150000.0,200000.0,3.0,-50000.0,-16666.666666666668,True,True,True,True,True,True
5099,Arrendatarios,P5140,300000.0,350000.0,2.0,-50000.0,-25000.0,True,True,True,True,True,True
5100,Arrendatarios,P5140,500000.0,550000.0,3.0,-50000.0,-16666.666666666668,True,True,True,True,True,True
5101,Arrendatarios,P5140,750000.0,800000.0,7.0,-50000.0,-7142.857142857143,True,True,True,True,True,True
5102,Arrendatarios,P5140,600000.0,650000.0,1.0,-50000.0,-50000.0,True,True,True,True,True,True
5103,Arrendatarios,P5140,550000.0,600000.0,1.0,-50000.0,-50000.0,True,True,True,True,True,True
5104,Arrendatarios,P5140,550000.0,600000.0,4.0,-50000.0,-12500.0,True,True,True,True,True,True
5105,Arrendatarios,P5140,300000.0,350000.0,2.0,-50000.0,-25000.0,True,True,True,True,True,True
5106,Arrendatarios,P5140,150000.0,200000.0,3.0,-50000.0,-16666.666666666668,True,True,True,True,True,True
5107,Arrendatarios,P5140,150000.0,200000.0,2.0,-50000.0,-25000.0,True,True,True,True,True,True
5108,Arrendatarios,P5140,350000.0,400000.0,1.0,-50000.0,-50000.0,True,True,True,True,True,True
5109,Arrendatarios,P5140,300000.0,350000.0,4.0,-50000.0,-12500.0,True,True,True,True,True,True
5110,Arrendatarios,P5140,750000.0,800000.0,1.0,-50000.0,-50000.0,True,True,True,True,True,True
5111,Arrendatarios,P5140,100000.0,150000.0,1.0,-50000.0,-50000.0,True,True,True,True,True,True
5112,Arrendatarios,P5140,500000.0,550000.0,3.0,-50000.0,-16666.666666666668,True,True,True,True,True,True
5113,Arrendatarios,P5140,150000.0,200000.0,2.0,-50000.0,-25000.0,True,True,True,True,True,True
5114,Arrendatarios,P5140,750000.0,800000.0,1.0,-50000.0,-50000.0,True,True,True,True,True,True
5115,Arrendatarios,P5140,300000.0,350000.0,3.0,-50000.0,-16666.666666666668,True,True,True,True,True,True
5116,Arrendatarios,P5140,300000.0,350000.0,4.0,-50000.0,-12500.0,True,True,True,True,True,True
5117,Arrendatarios,P5140,230000.0,280000.0,1.0,-50000.0,-50000.0,True,True,True,True,True,True
5118,Arrendatarios,P5140,800000.0,850000.0,1.0,-50000.0,-50000.0,True,True,True,True,True,True
5119,Arrendatarios,P5140,300000.0,350000.0,3.0,-50000.0,-16666.666666666668,True,True,True,True,True,True
5120,Arrendatarios,P5140,150000.0,200000.0,1.0,-50000.0,-50000.0,True,True,True,True,True,True
5121,Arrendatarios,P5140,400000.0,450000.0,3.0,-50000.0,-16666.666666666668,True,True,True,True,True,True
5122,Arrendatarios,P5140,250000.0,300000.0,1.0,-50000.0,-50000.0,True,True,True,True,True,True
5123,Arrendatarios,P5140,300000.0,350000.0,1.0,-50000.0,-50000.0,True,True,True,True,True,True
5124,Arrendatarios,P5140,350000.0,400000.0,3.0,-50000.0,-16666.666666666668,True,True,True,True,True,True
5125,Arrendatarios,P5140,200000.0,250000.0,3.0,-50000.0,-16666.666666666668,True,True,True,True,True,True
5126,Arrendatarios,P5140,600000.0,650000.0,3.0,-50000.0,-16666.666666666668,True,True,True,True,True,True
5127,Arrendatarios,P5140,150000.0,200000.0,1.0,-50000.0,-50000.0,True,True,True,True,True,True
5128,Arrendatarios,P5140,150000.0,200000.0,1.0,-50000.0,-50000.0,True,True,True,True,True,True
5129,Arrendatarios,P5140,200000.0,250000.0,3.0,-50000.0,-16666.666666666668,True,True,True,True,True,True
5130,Arrendatarios,P5140,300000.0,350000.0,5.0,-50000.0,-10000.0,True,True,True,True,True,True
5131,Arrendatarios,P5140,250000.0,300000.0,1.0,-50000.0,-50000.0,True,True,True,True,True,True
5132,Arrendatarios,P5140,500000.0,550000.0,1.0,-50000.0,-50000.0,True,True,True,True,True,True
5133,Arrendatarios,P5140,200000.0,250000.0,1.0,-50000.0,-50000.0,True,True,True,True,True,True
5134,Arrendatarios,P5140,250000.0,300000.0,1.0,-50000.0,-50000.0,True,True,True,True,True,True
5135,Arrendatarios,P5140,500000.0,550000.0,1.0,-50000.0,-50000.0,True,True,True,True,True,True
5136,Arrendatarios,P5140,100000.0,150000.0,1.0,-50000.0,-50000.0,True,True,True,True,True,True
5137,Arrendatarios,P5140,1000000.0,1050000.0,2.0,-50000.0,-25000.0,True,True,True,True,True,True
5138,Arrendatarios,P5140,750000.0,800000.0,6.0,-50000.0,-8333.333333333334,True,True,True,True,True,True
5139,Arrendatarios,P5140,400000.0,450000.0,2.0,-50000.0,-25000.0,True,True,True,True,True,True
5140,Arrendatarios,P5140,850000.0,900000.0,1.0,-50000.0,-50000.0,True,True,True,True,True,True
5141,Arrendatarios,P5140,300000.0,350000.0,3.0,-50000.0,-16666.666666666668,True,True,True,True,True,True
5142,Arrendatarios,P5140,300000.0,350000.0,1.0,-50000.0,-50000.0,True,True,True,True,True,True
5143,Arrendatarios,P5140,600000.0,650000.0,3.0,-50000.0,-16666.666666666668,True,True,True,True,True,True
5144,Arrendatarios,P5140,500000.0,550000.0,4.0,-50000.0,-12500.0,True,True,True,True,True,True
5145,Arrendatarios,P5140,300000.0,350000.0,1.0,-50000.0,-50000.0,True,True,True,True,True,True
5146,Arrendatarios,P5140,250000.0,300000.0,2.0,-50000.0,-25000.0,True,True,True,True,True,True
5147,Arrendatarios,P5140,300000.0,350000.0,1.0,-50000.0,-50000.0,True,True,True,True,True,True
5148,Arrendatarios,P5140,550000.0,600000.0,3.0,-50000.0,-16666.666666666668,True,True,True,True,True,True
5149,Arrendatarios,P5140,550000.0,600000.0,4.0,-50000.0,-12500.0,True,True,True,True,True,True
5150,Arrendatarios,P5140,250000.0,300000.0,3.0,-50000.0,-16666.666666666668,True,True,True,True,True,True
5151,Arrendatarios,P5140,350000.0,400000.0,1.0,-50000.0,-50000.0,True,True,True,True,True,True
5152,Arrendatarios,P5140,500000.0,550000.0,2.0,-50000.0,-25000.0,True,True,True,True,True,True
5153,Arrendatarios,P5140,600000.0,650000.0,2.0,-50000.0,-25000.0,True,True,True,True,True,True
5154,Arrendatarios,P5140,400000.0,450000.0,4.0,-50000.0,-12500.0,True,True,True,True,True,True
5155,Arrendatarios,P5140,300000.0,350000.0,2.0,-50000.0,-25000.0,True,True,True,True,True,True
5156,Arrendatarios,P5140,550000.0,600000.0,3.0,-50000.0,-16666.666666666668,True,True,True,True,True,True
5157,Arrendatarios,P5140,200000.0,250000.0,1.0,-50000.0,-50000.0,True,True,True,True,True,True
5158,Arrendatarios,P5140,700000.0,750000.0,2.0,-50000.0,-25000.0,True,True,True,True,True,True
5159,Arrendatarios,P5140,450000.0,500000.0,8.0,-50000.0,-6250.0,True,True,True,True,True,True
5160,Arrendatarios,P5140,200000.0,250000.0,3.0,-50000.0,-16666.666666666668,True,True,True,True,True,True
5161,Arrendatarios,P5140,600000.0,650000.0,4.0,-50000.0,-12500.0,True,True,True,True,True,True
5162,Arrendatarios,P5140,400000.0,450000.0,1.0,-50000.0,-50000.0,True,True,True,True,True,True
5163,Arrendatarios,P5140,750000.0,800000.0,5.0,-50000.0,-10000.0,True,True,True,True,True,True
5164,Arrendatarios,P5140,300000.0,350000.0,2.0,-50000.0,-25000.0,True,True,True,True,True,True
5165,Arrendatarios,P5140,150000.0,200000.0,6.0,-50000.0,-8333.333333333334,True,True,True,True,True,True
5166,Arrendatarios,P5140,400000.0,450000.0,1.0,-50000.0,-50000.0,True,True,True,True,True,True
5167,Arrendatarios,P5140,400000.0,450000.0,1.0,-50000.0,-50000.0,True,True,True,True,True,True
5168,Arrendatarios,P5140,400000.0,450000.0,4.0,-50000.0,-12500.0,True,True,True,True,True,True
5169,Arrendatarios,P5140,300000.0,350000.0,2.0,-50000.0,-25000.0,True,True,True,True,True,True
5170,Arrendatarios,P5140,300000.0,350000.0,3.0,-50000.0,-16666.666666666668,True,True,True,True,True,True
5171,Arrendatarios,P5140,200000.0,250000.0,1.0,-50000.0,-50000.0,True,True,True,True,True,True
5172,Arrendatarios,P5140,800000.0,850000.0,3.0,-50000.0,-16666.666666666668,True,True,True,True,True,True
5173,Arrendatarios,P5140,350000.0,400000.0,1.0,-50000.0,-50000.0,True,True,True,True,True,True
5174,Arrendatarios,P5140,200000.0,250000.0,1.0,-50000.0,-50000.0,True,True,True,True,True,True
5175,Arrendatarios,P5140,400000.0,450000.0,2.0,-50000.0,-25000.0,True,True,True,True,True,True
5176,Arrendatarios,P5140,200000.0,250000.0,2.0,-50000.0,-25000.0,True,True,True,True,True,True
5177,Arrendatarios,P5140,250000.0,300000.0,1.0,-50000.0,-50000.0,True,True,True,True,True,True
5178,Arrendatarios,P5140,100000.0,150000.0,4.0,-50000.0,-12500.0,True,True,True,True,True,True
5179,Arrendatarios,P5140,500000.0,550000.0,1.0,-50000.0,-50000.0,True,True,True,True,True,True
5180,Arrendatarios,P5140,1250000.0,1300000.0,1.0,-50000.0,-50000.0,True,True,True,True,True,True
5181,Arrendatarios,P5140,250000.0,300000.0,1.0,-50000.0,-50000.0,True,True,True,True,True,True
5182,Arrendatarios,P5140,700000.0,750000.0,2.0,-50000.0,-25000.0,True,True,True,True,True,True
5183,Arrendatarios,P5140,550000.0,600000.0,1.0,-50000.0,-50000.0,True,True,True,True,True,True
5184,Arrendatarios,P5140,500000.0,550000.0,3.0,-50000.0,-16666.666666666668,True,True,True,True,True,True
5185,Arrendatarios,P5140,500000.0,550000.0,3.0,-50000.0,-16666.666666666668,True,True,True,True,True,True
5186,Arrendatarios,P5140,300000.0,350000.0,1.0,-50000.0,-50000.0,True,True,True,True,True,True
5187,Arrendatarios,P5140,250000.0,300000.0,4.0,-50000.0,-12500.0,True,True,True,True,True,True
5188,Arrendatarios,P5140,300000.0,350000.0,2.0,-50000.0,-25000.0,True,True,True,True,True,True
5189,Arrendatarios,P5140,450000.0,500000.0,1.0,-50000.0,-50000.0,True,True,True,True,True,True
5190,Arrendatarios,P5140,200000.0,250000.0,2.0,-50000.0,-25000.0,True,True,True,True,True,True
5191,Arrendatarios,P5140,250000.0,300000.0,1.0,-50000.0,-50000.0,True,True,True,True,True,True
5192,Arrendatarios,P5140,300000.0,350000.0,3.0,-50000.0,-16666.666666666668,True,True,True,True,True,True
5193,Arrendatarios,P5140,600000.0,650000.0,4.0,-50000.0,-12500.0,True,True,True,True,True,True
5194,Arrendatarios,P5140,150000.0,200000.0,3.0,-50000.0,-16666.666666666668,True,True,True,True,True,True
5195,Arrendatarios,P5140,400000.0,450000.0,5.0,-50000.0,-10000.0,True,True,True,True,True,True
5196,Propietarios que pagan su vivienda,P5100,300000.0,350000.0,2.0,-50000.0,-25000.0,True,True,True,True,True,True
5197,Arrendatarios,P5140,350000.0,400000.0,3.0,-50000.0,-16666.666666666668,True,True,True,True,True,True
5198,Arrendatarios,P5140,250000.0,300000.0,1.0,-50000.0,-50000.0,True,True,True,True,True,True
5199,Arrendatarios,P5140,400000.0,450000.0,2.0,-50000.0,-25000.0,True,True,True,True,True,True
5200,Arrendatarios,P5140,300000.0,350000.0,1.0,-50000.0,-50000.0,True,True,True,True,True,True
5201,Arrendatarios,P5140,550000.0,600000.0,4.0,-50000.0,-12500.0,True,True,True,True,True,True
5202,Arrendatarios,P5140,300000.0,350000.0,1.0,-50000.0,-50000.0,True,True,True,True,True,True
5203,Arrendatarios,P5140,150000.0,200000.0,1.0,-50000.0,-50000.0,True,True,True,True,True,True
5204,Arrendatarios,P5140,350000.0,400000.0,2.0,-50000.0,-25000.0,True,True,True,True,True,True
5205,Arrendatarios,P5140,450000.0,500000.0,2.0,-50000.0,-25000.0,True,True,True,True,True,True
5206,Arrendatarios,P5140,300000.0,350000.0,1.0,-50000.0,-50000.0,True,True,True,True,True,True
5207,Arrendatarios,P5140,250000.0,300000.0,1.0,-50000.0,-50000.0,True,True,True,True,True,True
5208,Arrendatarios,P5140,600000.0,650000.0,3.0,-50000.0,-16666.666666666668,True,True,True,True,True,True
5209,Arrendatarios,P5140,550000.0,600000.0,1.0,-50000.0,-50000.0,True,True,True,True,True,True
5210,Arrendatarios,P5140,400000.0,450000.0,4.0,-50000.0,-12500.0,True,True,True,True,True,True
5211,Arrendatarios,P5140,300000.0,350000.0,4.0,-50000.0,-12500.0,True,True,True,True,True,True
5212,Arrendatarios,P5140,350000.0,400000.0,1.0,-50000.0,-50000.0,True,True,True,True,True,True
5213,Arrendatarios,P5140,400000.0,450000.0,3.0,-50000.0,-16666.666666666668,True,True,True,True,True,True
5214,Arrendatarios,P5140,500000.0,550000.0,2.0,-50000.0,-25000.0,True,True,True,True,True,True
5215,Arrendatarios,P5140,300000.0,350000.0,3.0,-50000.0,-16666.666666666668,True,True,True,True,True,True
5216,Arrendatarios,P5140,150000.0,200000.0,1.0,-50000.0,-50000.0,True,True,True,True,True,True
5217,Arrendatarios,P5140,150000.0,200000.0,2.0,-50000.0,-25000.0,True,True,True,True,True,True
5218,Arrendatarios,P5140,300000.0,350000.0,3.0,-50000.0,-16666.666666666668,True,True,True,True,True,True
5219,Arrendatarios,P5140,450000.0,500000.0,2.0,-50000.0,-25000.0,True,True,True,True,True,True
5220,Arrendatarios,P5140,300000.0,350000.0,2.0,-50000.0,-25000.0,True,True,True,True,True,True
5221,Arrendatarios,P5140,500000.0,550000.0,3.0,-50000.0,-16666.666666666668,True,True,True,True,True,True
5222,Arrendatarios,P5140,250000.0,300000.0,1.0,-50000.0,-50000.0,True,True,True,True,True,True
5223,Arrendatarios,P5140,300000.0,350000.0,1.0,-50000.0,-50000.0,True,True,True,True,True,True
5224,Arrendatarios,P5140,550000.0,600000.0,3.0,-50000.0,-16666.666666666668,True,True,True,True,True,True
5225,Arrendatarios,P5140,700000.0,750000.0,1.0,-50000.0,-50000.0,True,True,True,True,True,True
5226,Arrendatarios,P5140,400000.0,450000.0,1.0,-50000.0,-50000.0,True,True,True,True,True,True
5227,Arrendatarios,P5140,500000.0,550000.0,3.0,-50000.0,-16666.666666666668,True,True,True,True,True,True
5228,Arrendatarios,P5140,400000.0,450000.0,3.0,-50000.0,-16666.666666666668,True,True,True,True,True,True
5229,Arrendatarios,P5140,550000.0,600000.0,3.0,-50000.0,-16666.666666666668,True,True,True,True,True,True
5230,Arrendatarios,P5140,500000.0,550000.0,2.0,-50000.0,-25000.0,True,True,True,True,True,True
5231,Arrendatarios,P5140,500000.0,550000.0,1.0,-50000.0,-50000.0,True,True,True,True,True,True
5232,Arrendatarios,P5140,350000.0,400000.0,2.0,-50000.0,-25000.0,True,True,True,True,True,True
5233,Arrendatarios,P5140,100000.0,150000.0,1.0,-50000.0,-50000.0,True,True,True,True,True,True
5234,Arrendatarios,P5140,400000.0,450000.0,3.0,-50000.0,-16666.666666666668,True,True,True,True,True,True
5235,Arrendatarios,P5140,400000.0,450000.0,3.0,-50000.0,-16666.666666666668,True,True,True,True,True,True
5236,Arrendatarios,P5140,150000.0,200000.0,5.0,-50000.0,-10000.0,True,True,True,True,True,True
5237,Arrendatarios,P5140,300000.0,350000.0,3.0,-50000.0,-16666.666666666668,True,True,True,True,True,True
5238,Arrendatarios,P5140,250000.0,300000.0,1.0,-50000.0,-50000.0,True,True,True,True,True,True
5239,Arrendatarios,P5140,500000.0,550000.0,2.0,-50000.0,-25000.0,True,True,True,True,True,True
5240,Arrendatarios,P5140,250000.0,300000.0,2.0,-50000.0,-25000.0,True,True,True,True,True,True
5241,Propietarios que pagan su vivienda,P5100,2950000.0,3000000.0,2.0,-50000.0,-25000.0,True,True,True,True,True,True
5242,Arrendatarios,P5140,250000.0,300000.0,1.0,-50000.0,-50000.0,True,True,True,True,True,True
5243,Arrendatarios,P5140,600000.0,650000.0,2.0,-50000.0,-25000.0,True,True,True,True,True,True
5244,Arrendatarios,P5140,600000.0,650000.0,3.0,-50000.0,-16666.666666666668,True,True,True,True,True,True
5245,Arrendatarios,P5140,350000.0,400000.0,3.0,-50000.0,-16666.666666666668,True,True,True,True,True,True
5246,Arrendatarios,P5140,400000.0,450000.0,1.0,-50000.0,-50000.0,True,True,True,True,True,True
5247,Arrendatarios,P5140,450000.0,500000.0,2.0,-50000.0,-25000.0,True,True,True,True,True,True
5248,Arrendatarios,P5140,750000.0,800000.0,1.0,-50000.0,-50000.0,True,True,True,True,True,True
5249,Arrendatarios,P5140,300000.0,350000.0,2.0,-50000.0,-25000.0,True,True,True,True,True,True
5250,Arrendatarios,P5140,300000.0,350000.0,2.0,-50000.0,-25000.0,True,True,True,True,True,True
5251,Arrendatarios,P5140,300000.0,350000.0,3.0,-50000.0,-16666.666666666668,True,True,True,True,True,True
5252,Arrendatarios,P5140,550000.0,600000.0,2.0,-50000.0,-25000.0,True,True,True,True,True,True
5253,Arrendatarios,P5140,650000.0,700000.0,3.0,-50000.0,-16666.666666666668,True,True,True,True,True,True
5254,Arrendatarios,P5140,900000.0,950000.0,2.0,-50000.0,-25000.0,True,True,True,True,True,True
5255,Arrendatarios,P5140,300000.0,350000.0,1.0,-50000.0,-50000.0,True,True,True,True,True,True
5256,Arrendatarios,P5140,400000.0,450000.0,4.0,-50000.0,-12500.0,True,True,True,True,True,True
5257,Arrendatarios,P5140,600000.0,650000.0,4.0,-50000.0,-12500.0,True,True,True,True,True,True
5258,Arrendatarios,P5140,500000.0,550000.0,1.0,-50000.0,-50000.0,True,True,True,True,True,True
5259,Arrendatarios,P5140,600000.0,650000.0,2.0,-50000.0,-25000.0,True,True,True,True,True,True
5260,Arrendatarios,P5140,100000.0,150000.0,2.0,-50000.0,-25000.0,True,True,True,True,True,True
5261,Arrendatarios,P5140,250000.0,300000.0,1.0,-50000.0,-50000.0,True,True,True,True,True,True
5262,Arrendatarios,P5140,300000.0,350000.0,3.0,-50000.0,-16666.666666666668,True,True,True,True,True,True
5263,Arrendatarios,P5140,500000.0,550000.0,1.0,-50000.0,-50000.0,True,True,True,True,True,True
5264,Arrendatarios,P5140,250000.0,300000.0,4.0,-50000.0,-12500.0,True,True,True,True,True,True
5265,Propietarios que pagan su vivienda,P5100,300000.0,350000.0,1.0,-50000.0,-50000.0,True,True,True,True,True,True
5266,Arrendatarios,P5140,250000.0,300000.0,3.0,-50000.0,-16666.666666666668,True,True,True,True,True,True
5267,Arrendatarios,P5140,300000.0,350000.0,3.0,-50000.0,-16666.666666666668,True,True,True,True,True,True
5268,Arrendatarios,P5140,200000.0,250000.0,3.0,-50000.0,-16666.666666666668,True,True,True,True,True,True
5269,Arrendatarios,P5140,300000.0,350000.0,3.0,-50000.0,-16666.666666666668,True,True,True,True,True,True
5270,Arrendatarios,P5140,200000.0,250000.0,2.0,-50000.0,-25000.0,True,True,True,True,True,True
5271,Arrendatarios,P5140,450000.0,500000.0,1.0,-50000.0,-50000.0,True,True,True,True,True,True
5272,Arrendatarios,P5140,250000.0,300000.0,1.0,-50000.0,-50000.0,True,True,True,True,True,True
5273,Arrendatarios,P5140,150000.0,200000.0,6.0,-50000.0,-8333.333333333334,True,True,True,True,True,True
5274,Arrendatarios,P5140,400000.0,450000.0,3.0,-50000.0,-16666.666666666668,True,True,True,True,True,True
5275,Arrendatarios,P5140,600000.0,650000.0,3.0,-50000.0,-16666.666666666668,True,True,True,True,True,True
5276,Arrendatarios,P5140,550000.0,600000.0,2.0,-50000.0,-25000.0,True,True,True,True,True,True
5277,Arrendatarios,P5140,600000.0,650000.0,1.0,-50000.0,-50000.0,True,True,True,True,True,True
5278,Arrendatarios,P5140,81666.66666666667,130000.0,2.0,-48333.33333333333,-24166.666666666664,True,True,True,True,True,True
5279,Arrendatarios,P5140,291666.6666666667,340000.0,2.0,-48333.333333333314,-24166.666666666657,True,True,True,True,True,True
5280,Arrendatarios,P5140,1453333.3333333333,1500000.0,4.0,-46666.666666666744,-11666.666666666686,True,True,True,True,True,True
5281,Arrendatarios,P5140,353333.3333333333,400000.0,3.0,-46666.666666666686,-15555.555555555562,True,True,True,True,True,True
5282,Arrendatarios,P5140,353333.3333333333,400000.0,2.0,-46666.666666666686,-23333.333333333343,True,True,True,True,True,True
5283,Arrendatarios,P5140,353333.3333333333,400000.0,2.0,-46666.666666666686,-23333.333333333343,True,True,True,True,True,True
5284,Arrendatarios,P5140,153333.33333333334,200000.0,4.0,-46666.66666666666,-11666.666666666664,True,True,True,True,True,True
5285,Arrendatarios,P5140,153333.33333333334,200000.0,2.0,-46666.66666666666,-23333.33333333333,True,True,True,True,True,True
5286,Arrendatarios,P5140,233333.33333333334,280000.0,1.0,-46666.66666666666,-46666.66666666666,True,True,True,True,True,True
5287,Arrendatarios,P5140,533333.3333333334,580000.0,5.0,-46666.66666666663,-9333.333333333325,True,True,True,True,True,True
5288,Arrendatarios,P5140,354166.6666666666,400000.0,1.0,-45833.33333333337,-45833.33333333337,True,True,True,True,True,True
5289,Arrendatarios,P5140,154166.66666666666,200000.0,1.0,-45833.33333333334,-45833.33333333334,True,True,True,True,True,True
5290,Arrendatarios,P5140,305000.0,350000.0,2.0,-45000.0,-22500.0,True,True,True,True,True,True
5291,Arrendatarios,P5140,255000.0,300000.0,4.0,-45000.0,-11250.0,True,True,True,True,True,True
5292,Arrendatarios,P5140,655000.0,700000.0,1.0,-45000.0,-45000.0,True,True,True,True,True,True
5293,Arrendatarios,P5140,675000.0,720000.0,2.0,-45000.0,-22500.0,True,True,True,True,True,True
5294,Arrendatarios,P5140,225000.0,270000.0,1.0,-45000.0,-45000.0,True,True,True,True,True,True
5295,Arrendatarios,P5140,206666.66666666666,250000.0,1.0,-43333.33333333334,-43333.33333333334,True,True,True,True,True,True
5296,Arrendatarios,P5140,156666.66666666666,200000.0,1.0,-43333.33333333334,-43333.33333333334,True,True,True,True,True,True
5297,Arrendatarios,P5140,416666.6666666667,460000.0,4.0,-43333.333333333314,-10833.333333333328,True,True,True,True,True,True
5298,Arrendatarios,P5140,416666.6666666667,460000.0,3.0,-43333.333333333314,-14444.444444444438,True,True,True,True,True,True
5299,Arrendatarios,P5140,156666.6666666667,200000.0,3.0,-43333.333333333314,-14444.444444444438,True,True,True,True,True,True
5300,Arrendatarios,P5140,416666.6666666667,460000.0,1.0,-43333.333333333314,-43333.333333333314,True,True,True,True,True,True
5301,Arrendatarios,P5140,208333.3333333333,250000.0,3.0,-41666.666666666686,-13888.888888888896,True,True,True,True,True,True
5302,Arrendatarios,P5140,408333.3333333333,450000.0,3.0,-41666.666666666686,-13888.888888888896,True,True,True,True,True,True
5303,Propietarios que pagan su vivienda,P5100,408333.3333333333,450000.0,2.0,-41666.666666666686,-20833.333333333343,True,True,True,True,True,True
5304,Arrendatarios,P5140,208333.3333333333,250000.0,3.0,-41666.666666666686,-13888.888888888896,True,True,True,True,True,True
5305,Arrendatarios,P5140,58333.333333333336,100000.0,1.0,-41666.666666666664,-41666.666666666664,True,True,True,True,True,True
5306,Arrendatarios,P5140,208333.33333333334,250000.0,1.0,-41666.66666666666,-41666.66666666666,True,True,True,True,True,True
5307,Arrendatarios,P5140,208333.33333333334,250000.0,1.0,-41666.66666666666,-41666.66666666666,True,True,True,True,True,True
5308,Arrendatarios,P5140,208333.33333333334,250000.0,3.0,-41666.66666666666,-13888.888888888885,True,True,True,True,True,True
5309,Arrendatarios,P5140,208333.33333333334,250000.0,1.0,-41666.66666666666,-41666.66666666666,True,True,True,True,True,True
5310,Arrendatarios,P5140,658333.3333333334,700000.0,1.0,-41666.66666666663,-41666.66666666663,True,True,True,True,True,True
5311,Arrendatarios,P5140,808333.3333333334,850000.0,9.0,-41666.66666666663,-4629.629629629625,True,True,True,True,True,True
5312,Arrendatarios,P5140,708333.3333333334,750000.0,3.0,-41666.66666666663,-13888.888888888876,True,True,True,True,True,True
5313,Arrendatarios,P5140,1108333.3333333335,1150000.0,2.0,-41666.66666666651,-20833.333333333256,True,True,True,True,True,True
5314,Arrendatarios,P5140,408916.6666666667,450000.0,3.0,-41083.333333333314,-13694.444444444438,True,True,True,True,True,True
5315,Arrendatarios,P5140,110000.0,150000.0,2.0,-40000.0,-20000.0,True,True,True,True,True,True
5316,Arrendatarios,P5140,360000.0,400000.0,1.0,-40000.0,-40000.0,True,True,True,True,True,True
5317,Arrendatarios,P5140,260000.0,300000.0,3.0,-40000.0,-13333.333333333334,True,True,True,True,True,True
5318,Arrendatarios,P5140,120000.0,160000.0,1.0,-40000.0,-40000.0,True,True,True,True,True,True
5319,Arrendatarios,P5140,360000.0,400000.0,2.0,-40000.0,-20000.0,True,True,True,True,True,True
5320,Arrendatarios,P5140,360000.0,400000.0,3.0,-40000.0,-13333.333333333334,True,True,True,True,True,True
5321,Arrendatarios,P5140,170000.0,210000.0,3.0,-40000.0,-13333.333333333334,True,True,True,True,True,True
5322,Arrendatarios,P5140,560000.0,600000.0,3.0,-40000.0,-13333.333333333334,True,True,True,True,True,True
5323,Arrendatarios,P5140,60000.0,100000.0,6.0,-40000.0,-6666.666666666667,True,True,True,True,True,True
5324,Arrendatarios,P5140,850000.0,890000.0,1.0,-40000.0,-40000.0,True,True,True,True,True,True
5325,Arrendatarios,P5140,210000.0,250000.0,1.0,-40000.0,-40000.0,True,True,True,True,True,True
5326,Arrendatarios,P5140,560000.0,600000.0,1.0,-40000.0,-40000.0,True,True,True,True,True,True
5327,Arrendatarios,P5140,260000.0,300000.0,5.0,-40000.0,-8000.0,True,True,True,True,True,True
5328,Arrendatarios,P5140,460000.0,500000.0,2.0,-40000.0,-20000.0,True,True,True,True,True,True
5329,Arrendatarios,P5140,280000.0,320000.0,1.0,-40000.0,-40000.0,True,True,True,True,True,True
5330,Arrendatarios,P5140,1000000.0,1040000.0,3.0,-40000.0,-13333.333333333334,True,True,True,True,True,True
5331,Arrendatarios,P5140,360000.0,400000.0,2.0,-40000.0,-20000.0,True,True,True,True,True,True
5332,Arrendatarios,P5140,60000.0,100000.0,3.0,-40000.0,-13333.333333333334,True,True,True,True,True,True
5333,Arrendatarios,P5140,560000.0,600000.0,3.0,-40000.0,-13333.333333333334,True,True,True,True,True,True
5334,Arrendatarios,P5140,361666.6666666666,400000.0,3.0,-38333.33333333337,-12777.77777777779,True,True,True,True,True,True
5335,Arrendatarios,P5140,211666.66666666666,250000.0,1.0,-38333.33333333334,-38333.33333333334,True,True,True,True,True,True
5336,Arrendatarios,P5140,111666.66666666667,150000.0,3.0,-38333.33333333333,-12777.777777777776,True,True,True,True,True,True
5337,Arrendatarios,P5140,281666.6666666667,320000.0,1.0,-38333.333333333314,-38333.333333333314,True,True,True,True,True,True
5338,Arrendatarios,P5140,242500.0,280000.0,1.0,-37500.0,-37500.0,True,True,True,True,True,True
5339,Arrendatarios,P5140,92500.0,130000.0,1.0,-37500.0,-37500.0,True,True,True,True,True,True
5340,Arrendatarios,P5140,1963333.3333333333,2000000.0,6.0,-36666.666666666744,-6111.111111111124,True,True,True,True,True,True
5341,Arrendatarios,P5140,163333.3333333333,200000.0,1.0,-36666.666666666686,-36666.666666666686,True,True,True,True,True,True
5342,Arrendatarios,P5140,413333.3333333333,450000.0,2.0,-36666.666666666686,-18333.333333333343,True,True,True,True,True,True
5343,Arrendatarios,P5140,263333.3333333333,300000.0,4.0,-36666.666666666686,-9166.666666666672,True,True,True,True,True,True
5344,Arrendatarios,P5140,164166.66666666666,200000.0,4.0,-35833.33333333334,-8958.333333333336,True,True,True,True,True,True
5345,Arrendatarios,P5140,264166.6666666667,300000.0,3.0,-35833.333333333314,-11944.444444444438,True,True,True,True,True,True
5346,Arrendatarios,P5140,344166.6666666667,380000.0,4.0,-35833.333333333314,-8958.333333333328,True,True,True,True,True,True
5347,Arrendatarios,P5140,165000.0,200000.0,4.0,-35000.0,-8750.0,True,True,True,True,True,True
5348,Arrendatarios,P5140,265000.0,300000.0,2.0,-35000.0,-17500.0,True,True,True,True,True,True
5349,Arrendatarios,P5140,165000.0,200000.0,1.0,-35000.0,-35000.0,True,True,True,True,True,True
5350,Arrendatarios,P5140,315000.0,350000.0,2.0,-35000.0,-17500.0,True,True,True,True,True,True
5351,Arrendatarios,P5140,25000.0,60000.0,1.0,-35000.0,-35000.0,True,True,True,True,True,True
5352,Arrendatarios,P5140,95833.33333333334,130000.0,1.0,-34166.66666666666,-34166.66666666666,True,True,True,True,True,True
5353,Arrendatarios,P5140,115833.33333333334,150000.0,3.0,-34166.66666666666,-11388.888888888885,True,True,True,True,True,True
5354,Propietarios que pagan su vivienda,P5100,3300000.0,3334000.0,1.0,-34000.0,-34000.0,True,True,True,True,True,True
5355,Arrendatarios,P5140,266666.6666666666,300000.0,1.0,-33333.33333333337,-33333.33333333337,True,True,True,True,True,True
5356,Arrendatarios,P5140,666666.6666666666,700000.0,2.0,-33333.33333333337,-16666.666666666686,True,True,True,True,True,True
5357,Arrendatarios,P5140,366666.6666666666,400000.0,1.0,-33333.33333333337,-33333.33333333337,True,True,True,True,True,True
5358,Arrendatarios,P5140,266666.6666666666,300000.0,1.0,-33333.33333333337,-33333.33333333337,True,True,True,True,True,True
5359,Arrendatarios,P5140,766666.6666666666,800000.0,1.0,-33333.33333333337,-33333.33333333337,True,True,True,True,True,True
5360,Arrendatarios,P5140,666666.6666666666,700000.0,2.0,-33333.33333333337,-16666.666666666686,True,True,True,True,True,True
5361,Arrendatarios,P5140,366666.6666666666,400000.0,5.0,-33333.33333333337,-6666.666666666674,True,True,True,True,True,True
5362,Arrendatarios,P5140,366666.6666666666,400000.0,3.0,-33333.33333333337,-11111.111111111124,True,True,True,True,True,True
5363,Arrendatarios,P5140,566666.6666666666,600000.0,4.0,-33333.33333333337,-8333.333333333343,True,True,True,True,True,True
5364,Arrendatarios,P5140,316666.6666666666,350000.0,3.0,-33333.33333333337,-11111.111111111124,True,True,True,True,True,True
5365,Arrendatarios,P5140,416666.6666666666,450000.0,3.0,-33333.33333333337,-11111.111111111124,True,True,True,True,True,True
5366,Propietarios que pagan su vivienda,P5100,666666.6666666666,700000.0,3.0,-33333.33333333337,-11111.111111111124,True,True,True,True,True,True
5367,Arrendatarios,P5140,366666.6666666666,400000.0,2.0,-33333.33333333337,-16666.666666666686,True,True,True,True,True,True
5368,Arrendatarios,P5140,816666.6666666666,850000.0,2.0,-33333.33333333337,-16666.666666666686,True,True,True,True,True,True
5369,Arrendatarios,P5140,666666.6666666666,700000.0,2.0,-33333.33333333337,-16666.666666666686,True,True,True,True,True,True
5370,Arrendatarios,P5140,666666.6666666666,700000.0,2.0,-33333.33333333337,-16666.666666666686,True,True,True,True,True,True
5371,Arrendatarios,P5140,666666.6666666666,700000.0,2.0,-33333.33333333337,-16666.666666666686,True,True,True,True,True,True
5372,Arrendatarios,P5140,766666.6666666666,800000.0,6.0,-33333.33333333337,-5555.555555555562,True,True,True,True,True,True
5373,Arrendatarios,P5140,166666.66666666666,200000.0,3.0,-33333.33333333334,-11111.111111111115,True,True,True,True,True,True
5374,Arrendatarios,P5140,166666.66666666666,200000.0,1.0,-33333.33333333334,-33333.33333333334,True,True,True,True,True,True
5375,Arrendatarios,P5140,166666.66666666666,200000.0,1.0,-33333.33333333334,-33333.33333333334,True,True,True,True,True,True
5376,Arrendatarios,P5140,166666.66666666666,200000.0,1.0,-33333.33333333334,-33333.33333333334,True,True,True,True,True,True
5377,Arrendatarios,P5140,216666.66666666666,250000.0,4.0,-33333.33333333334,-8333.333333333336,True,True,True,True,True,True
5378,Arrendatarios,P5140,166666.66666666666,200000.0,4.0,-33333.33333333334,-8333.333333333336,True,True,True,True,True,True
5379,Arrendatarios,P5140,166666.66666666666,200000.0,1.0,-33333.33333333334,-33333.33333333334,True,True,True,True,True,True
5380,Arrendatarios,P5140,166666.66666666666,200000.0,3.0,-33333.33333333334,-11111.111111111115,True,True,True,True,True,True
5381,Arrendatarios,P5140,166666.66666666666,200000.0,2.0,-33333.33333333334,-16666.66666666667,True,True,True,True,True,True
5382,Arrendatarios,P5140,166666.66666666666,200000.0,2.0,-33333.33333333334,-16666.66666666667,True,True,True,True,True,True
5383,Arrendatarios,P5140,166666.66666666666,200000.0,1.0,-33333.33333333334,-33333.33333333334,True,True,True,True,True,True
5384,Arrendatarios,P5140,166666.66666666666,200000.0,5.0,-33333.33333333334,-6666.666666666669,True,True,True,True,True,True
5385,Arrendatarios,P5140,166666.66666666666,200000.0,2.0,-33333.33333333334,-16666.66666666667,True,True,True,True,True,True
5386,Arrendatarios,P5140,166666.66666666666,200000.0,1.0,-33333.33333333334,-33333.33333333334,True,True,True,True,True,True
5387,Arrendatarios,P5140,166666.66666666666,200000.0,1.0,-33333.33333333334,-33333.33333333334,True,True,True,True,True,True
5388,Arrendatarios,P5140,166666.66666666666,200000.0,3.0,-33333.33333333334,-11111.111111111115,True,True,True,True,True,True
5389,Arrendatarios,P5140,166666.66666666666,200000.0,1.0,-33333.33333333334,-33333.33333333334,True,True,True,True,True,True
5390,Arrendatarios,P5140,216666.66666666666,250000.0,1.0,-33333.33333333334,-33333.33333333334,True,True,True,True,True,True
5391,Arrendatarios,P5140,166666.66666666666,200000.0,3.0,-33333.33333333334,-11111.111111111115,True,True,True,True,True,True
5392,Arrendatarios,P5140,66666.66666666666,100000.0,2.0,-33333.33333333334,-16666.66666666667,True,True,True,True,True,True
5393,Arrendatarios,P5140,166666.66666666666,200000.0,1.0,-33333.33333333334,-33333.33333333334,True,True,True,True,True,True
5394,Arrendatarios,P5140,66666.66666666667,100000.0,4.0,-33333.33333333333,-8333.333333333332,True,True,True,True,True,True
5395,Arrendatarios,P5140,66666.66666666667,100000.0,3.0,-33333.33333333333,-11111.11111111111,True,True,True,True,True,True
5396,Arrendatarios,P5140,66666.66666666667,100000.0,2.0,-33333.33333333333,-16666.666666666664,True,True,True,True,True,True
5397,Arrendatarios,P5140,66666.66666666667,100000.0,3.0,-33333.33333333333,-11111.11111111111,True,True,True,True,True,True
5398,Propietarios que pagan su vivienda,P5100,66666.66666666667,100000.0,1.0,-33333.33333333333,-33333.33333333333,True,True,True,True,True,True
5399,Arrendatarios,P5140,466666.6666666667,500000.0,4.0,-33333.333333333314,-8333.333333333328,True,True,True,True,True,True
5400,Arrendatarios,P5140,416666.6666666667,450000.0,2.0,-33333.333333333314,-16666.666666666657,True,True,True,True,True,True
5401,Arrendatarios,P5140,416666.6666666667,450000.0,2.0,-33333.333333333314,-16666.666666666657,True,True,True,True,True,True
5402,Arrendatarios,P5140,416666.6666666667,450000.0,1.0,-33333.333333333314,-33333.333333333314,True,True,True,True,True,True
5403,Arrendatarios,P5140,416666.6666666667,450000.0,1.0,-33333.333333333314,-33333.333333333314,True,True,True,True,True,True
5404,Arrendatarios,P5140,416666.6666666667,450000.0,2.0,-33333.333333333314,-16666.666666666657,True,True,True,True,True,True
5405,Arrendatarios,P5140,416666.6666666667,450000.0,1.0,-33333.333333333314,-33333.333333333314,True,True,True,True,True,True
5406,Arrendatarios,P5140,416666.6666666667,450000.0,1.0,-33333.333333333314,-33333.333333333314,True,True,True,True,True,True
5407,Arrendatarios,P5140,416666.6666666667,450000.0,1.0,-33333.333333333314,-33333.333333333314,True,True,True,True,True,True
5408,Arrendatarios,P5140,416666.6666666667,450000.0,1.0,-33333.333333333314,-33333.333333333314,True,True,True,True,True,True
5409,Arrendatarios,P5140,266666.6666666667,300000.0,2.0,-33333.333333333314,-16666.666666666657,True,True,True,True,True,True
5410,Arrendatarios,P5140,416666.6666666667,450000.0,2.0,-33333.333333333314,-16666.666666666657,True,True,True,True,True,True
5411,Arrendatarios,P5140,466666.6666666667,500000.0,1.0,-33333.333333333314,-33333.333333333314,True,True,True,True,True,True
5412,Arrendatarios,P5140,416666.6666666667,450000.0,1.0,-33333.333333333314,-33333.333333333314,True,True,True,True,True,True
5413,Arrendatarios,P5140,416666.6666666667,450000.0,3.0,-33333.333333333314,-11111.111111111104,True,True,True,True,True,True
5414,Arrendatarios,P5140,366666.6666666667,400000.0,2.0,-33333.333333333314,-16666.666666666657,True,True,True,True,True,True
5415,Arrendatarios,P5140,416666.6666666667,450000.0,2.0,-33333.333333333314,-16666.666666666657,True,True,True,True,True,True
5416,Arrendatarios,P5140,416666.6666666667,450000.0,2.0,-33333.333333333314,-16666.666666666657,True,True,True,True,True,True
5417,Arrendatarios,P5140,366666.6666666667,400000.0,2.0,-33333.333333333314,-16666.666666666657,True,True,True,True,True,True
5418,Arrendatarios,P5140,366666.6666666667,400000.0,1.0,-33333.333333333314,-33333.333333333314,True,True,True,True,True,True
5419,Arrendatarios,P5140,1166666.6666666667,1200000.0,1.0,-33333.333333333256,-33333.333333333256,True,True,True,True,True,True
5420,Arrendatarios,P5140,716666.6666666667,750000.0,3.0,-33333.333333333256,-11111.111111111086,True,True,True,True,True,True
5421,Arrendatarios,P5140,317500.0,350000.0,2.0,-32500.0,-16250.0,True,True,True,True,True,True
5422,Arrendatarios,P5140,567833.3333333334,600000.0,3.0,-32166.666666666628,-10722.22222222221,True,True,True,True,True,True
5423,Arrendatarios,P5140,368333.3333333333,400000.0,3.0,-31666.666666666686,-10555.555555555562,True,True,True,True,True,True
5424,Arrendatarios,P5140,418333.3333333334,450000.0,3.0,-31666.666666666628,-10555.555555555542,True,True,True,True,True,True
5425,Arrendatarios,P5140,200000.0,230000.0,4.0,-30000.0,-7500.0,True,True,True,True,True,True
5426,Arrendatarios,P5140,170000.0,200000.0,2.0,-30000.0,-15000.0,True,True,True,True,True,True
5427,Arrendatarios,P5140,420000.0,450000.0,2.0,-30000.0,-15000.0,True,True,True,True,True,True
5428,Arrendatarios,P5140,170000.0,200000.0,1.0,-30000.0,-30000.0,True,True,True,True,True,True
5429,Arrendatarios,P5140,1000000.0,1030000.0,1.0,-30000.0,-30000.0,True,True,True,True,True,True
5430,Arrendatarios,P5140,320000.0,350000.0,2.0,-30000.0,-15000.0,True,True,True,True,True,True
5431,Arrendatarios,P5140,870000.0,900000.0,1.0,-30000.0,-30000.0,True,True,True,True,True,True
5432,Arrendatarios,P5140,1170000.0,1200000.0,2.0,-30000.0,-15000.0,True,True,True,True,True,True
5433,Arrendatarios,P5140,370000.0,400000.0,3.0,-30000.0,-10000.0,True,True,True,True,True,True
5434,Arrendatarios,P5140,320000.0,350000.0,6.0,-30000.0,-5000.0,True,True,True,True,True,True
5435,Arrendatarios,P5140,1320000.0,1350000.0,2.0,-30000.0,-15000.0,True,True,True,True,True,True
5436,Arrendatarios,P5140,170000.0,200000.0,1.0,-30000.0,-30000.0,True,True,True,True,True,True
5437,Arrendatarios,P5140,420000.0,450000.0,2.0,-30000.0,-15000.0,True,True,True,True,True,True
5438,Arrendatarios,P5140,400000.0,430000.0,3.0,-30000.0,-10000.0,True,True,True,True,True,True
5439,Arrendatarios,P5140,420000.0,450000.0,1.0,-30000.0,-30000.0,True,True,True,True,True,True
5440,Arrendatarios,P5140,700000.0,730000.0,4.0,-30000.0,-7500.0,True,True,True,True,True,True
5441,Arrendatarios,P5140,400000.0,430000.0,1.0,-30000.0,-30000.0,True,True,True,True,True,True
5442,Arrendatarios,P5140,250000.0,280000.0,1.0,-30000.0,-30000.0,True,True,True,True,True,True
5443,Arrendatarios,P5140,270000.0,300000.0,4.0,-30000.0,-7500.0,True,True,True,True,True,True
5444,Arrendatarios,P5140,120000.0,150000.0,2.0,-30000.0,-15000.0,True,True,True,True,True,True
5445,Arrendatarios,P5140,320000.0,350000.0,2.0,-30000.0,-15000.0,True,True,True,True,True,True
5446,Arrendatarios,P5140,70000.0,100000.0,1.0,-30000.0,-30000.0,True,True,True,True,True,True
5447,Arrendatarios,P5140,200000.0,230000.0,4.0,-30000.0,-7500.0,True,True,True,True,True,True
5448,Arrendatarios,P5140,470000.0,500000.0,4.0,-30000.0,-7500.0,True,True,True,True,True,True
5449,Arrendatarios,P5140,320000.0,350000.0,2.0,-30000.0,-15000.0,True,True,True,True,True,True
5450,Arrendatarios,P5140,220000.0,250000.0,3.0,-30000.0,-10000.0,True,True,True,True,True,True
5451,Arrendatarios,P5140,320833.3333333333,350000.0,4.0,-29166.666666666686,-7291.6666666666715,True,True,True,True,True,True
5452,Arrendatarios,P5140,470833.3333333333,500000.0,4.0,-29166.666666666686,-7291.6666666666715,True,True,True,True,True,True
5453,Arrendatarios,P5140,320833.3333333334,350000.0,4.0,-29166.666666666628,-7291.666666666657,True,True,True,True,True,True
5454,Arrendatarios,P5140,471666.6666666666,500000.0,4.0,-28333.333333333372,-7083.333333333343,True,True,True,True,True,True
5455,Arrendatarios,P5140,471666.6666666667,500000.0,4.0,-28333.333333333314,-7083.3333333333285,True,True,True,True,True,True
5456,Arrendatarios,P5140,371666.6666666667,400000.0,1.0,-28333.333333333314,-28333.333333333314,True,True,True,True,True,True
5457,Arrendatarios,P5140,421666.6666666667,450000.0,2.0,-28333.333333333314,-14166.666666666657,True,True,True,True,True,True
5458,Arrendatarios,P5140,122500.0,150000.0,1.0,-27500.0,-27500.0,True,True,True,True,True,True
5459,Arrendatarios,P5140,522500.0,550000.0,2.0,-27500.0,-13750.0,True,True,True,True,True,True
5460,Arrendatarios,P5140,247916.66666666666,275000.0,1.0,-27083.333333333343,-27083.333333333343,True,True,True,True,True,True
5461,Arrendatarios,P5140,373333.3333333333,400000.0,7.0,-26666.666666666686,-3809.5238095238124,True,True,True,True,True,True
5462,Arrendatarios,P5140,333333.3333333333,360000.0,4.0,-26666.666666666686,-6666.6666666666715,True,True,True,True,True,True
5463,Arrendatarios,P5140,273333.3333333333,300000.0,8.0,-26666.666666666686,-3333.3333333333358,True,True,True,True,True,True
5464,Arrendatarios,P5140,2273500.0,2300000.0,2.0,-26500.0,-13250.0,True,True,True,True,True,True
5465,Arrendatarios,P5140,1423500.0,1450000.0,1.0,-26500.0,-26500.0,True,True,True,True,True,True
5466,Arrendatarios,P5140,375000.0,400000.0,1.0,-25000.0,-25000.0,True,True,True,True,True,True
5467,Arrendatarios,P5140,145000.0,170000.0,1.0,-25000.0,-25000.0,True,True,True,True,True,True
5468,Arrendatarios,P5140,375000.0,400000.0,3.0,-25000.0,-8333.333333333334,True,True,True,True,True,True
5469,Arrendatarios,P5140,125000.0,150000.0,3.0,-25000.0,-8333.333333333334,True,True,True,True,True,True
5470,Arrendatarios,P5140,125000.0,150000.0,3.0,-25000.0,-8333.333333333334,True,True,True,True,True,True
5471,Arrendatarios,P5140,375000.0,400000.0,1.0,-25000.0,-25000.0,True,True,True,True,True,True
5472,Propietarios que pagan su vivienda,P5100,75000.0,100000.0,1.0,-25000.0,-25000.0,True,True,True,True,True,True
5473,Arrendatarios,P5140,825000.0,850000.0,2.0,-25000.0,-12500.0,True,True,True,True,True,True
5474,Arrendatarios,P5140,325000.0,350000.0,1.0,-25000.0,-25000.0,True,True,True,True,True,True
5475,Arrendatarios,P5140,425000.0,450000.0,1.0,-25000.0,-25000.0,True,True,True,True,True,True
5476,Arrendatarios,P5140,325000.0,350000.0,1.0,-25000.0,-25000.0,True,True,True,True,True,True
5477,Arrendatarios,P5140,275000.0,300000.0,3.0,-25000.0,-8333.333333333334,True,True,True,True,True,True
5478,Arrendatarios,P5140,375000.0,400000.0,1.0,-25000.0,-25000.0,True,True,True,True,True,True
5479,Arrendatarios,P5140,75000.0,100000.0,2.0,-25000.0,-12500.0,True,True,True,True,True,True
5480,Arrendatarios,P5140,125000.0,150000.0,1.0,-25000.0,-25000.0,True,True,True,True,True,True
5481,Arrendatarios,P5140,425000.0,450000.0,2.0,-25000.0,-12500.0,True,True,True,True,True,True
5482,Arrendatarios,P5140,425000.0,450000.0,5.0,-25000.0,-5000.0,True,True,True,True,True,True
5483,Arrendatarios,P5140,275000.0,300000.0,2.0,-25000.0,-12500.0,True,True,True,True,True,True
5484,Arrendatarios,P5140,375000.0,400000.0,1.0,-25000.0,-25000.0,True,True,True,True,True,True
5485,Arrendatarios,P5140,125000.0,150000.0,1.0,-25000.0,-25000.0,True,True,True,True,True,True
5486,Arrendatarios,P5140,175000.0,200000.0,2.0,-25000.0,-12500.0,True,True,True,True,True,True
5487,Arrendatarios,P5140,675000.0,700000.0,2.0,-25000.0,-12500.0,True,True,True,True,True,True
5488,Arrendatarios,P5140,276666.6666666666,300000.0,1.0,-23333.333333333372,-23333.333333333372,True,True,True,True,True,True
5489,Arrendatarios,P5140,426666.6666666666,450000.0,2.0,-23333.333333333372,-11666.666666666686,True,True,True,True,True,True
5490,Arrendatarios,P5140,426666.6666666667,450000.0,1.0,-23333.333333333314,-23333.333333333314,True,True,True,True,True,True
5491,Arrendatarios,P5140,258333.33333333334,280000.0,1.0,-21666.666666666657,-21666.666666666657,True,True,True,True,True,True
5492,Arrendatarios,P5140,679166.6666666666,700000.0,4.0,-20833.333333333372,-5208.333333333343,True,True,True,True,True,True
5493,Arrendatarios,P5140,249166.66666666666,270000.0,4.0,-20833.333333333343,-5208.333333333336,True,True,True,True,True,True
5494,Arrendatarios,P5140,780000.0,800000.0,6.0,-20000.0,-3333.3333333333335,True,True,True,True,True,True
5495,Arrendatarios,P5140,480000.0,500000.0,2.0,-20000.0,-10000.0,True,True,True,True,True,True
5496,Arrendatarios,P5140,280000.0,300000.0,1.0,-20000.0,-20000.0,True,True,True,True,True,True
5497,Arrendatarios,P5140,580000.0,600000.0,3.0,-20000.0,-6666.666666666667,True,True,True,True,True,True
5498,Arrendatarios,P5140,130000.0,150000.0,1.0,-20000.0,-20000.0,True,True,True,True,True,True
5499,Arrendatarios,P5140,380000.0,400000.0,1.0,-20000.0,-20000.0,True,True,True,True,True,True
5500,Arrendatarios,P5140,100000.0,120000.0,3.0,-20000.0,-6666.666666666667,True,True,True,True,True,True
5501,Arrendatarios,P5140,680000.0,700000.0,3.0,-20000.0,-6666.666666666667,True,True,True,True,True,True
5502,Arrendatarios,P5140,300000.0,320000.0,1.0,-20000.0,-20000.0,True,True,True,True,True,True
5503,Arrendatarios,P5140,1180000.0,1200000.0,3.0,-20000.0,-6666.666666666667,True,True,True,True,True,True
5504,Arrendatarios,P5140,480000.0,500000.0,3.0,-20000.0,-6666.666666666667,True,True,True,True,True,True
5505,Arrendatarios,P5140,80000.0,100000.0,1.0,-20000.0,-20000.0,True,True,True,True,True,True
5506,Arrendatarios,P5140,500000.0,520000.0,3.0,-20000.0,-6666.666666666667,True,True,True,True,True,True
5507,Arrendatarios,P5140,280000.0,300000.0,1.0,-20000.0,-20000.0,True,True,True,True,True,True
5508,Propietarios que pagan su vivienda,P5100,3500000.0,3520000.0,2.0,-20000.0,-10000.0,True,True,True,True,True,True
5509,Arrendatarios,P5140,230000.0,250000.0,3.0,-20000.0,-6666.666666666667,True,True,True,True,True,True
5510,Arrendatarios,P5140,580000.0,600000.0,2.0,-20000.0,-10000.0,True,True,True,True,True,True
5511,Arrendatarios,P5140,400000.0,420000.0,1.0,-20000.0,-20000.0,True,True,True,True,True,True
5512,Arrendatarios,P5140,400000.0,420000.0,2.0,-20000.0,-10000.0,True,True,True,True,True,True
5513,Arrendatarios,P5140,380000.0,400000.0,4.0,-20000.0,-5000.0,True,True,True,True,True,True
5514,Arrendatarios,P5140,280000.0,300000.0,1.0,-20000.0,-20000.0,True,True,True,True,True,True
5515,Arrendatarios,P5140,360000.0,380000.0,4.0,-20000.0,-5000.0,True,True,True,True,True,True
5516,Arrendatarios,P5140,280000.0,300000.0,1.0,-20000.0,-20000.0,True,True,True,True,True,True
5517,Arrendatarios,P5140,380000.0,400000.0,3.0,-20000.0,-6666.666666666667,True,True,True,True,True,True
5518,Arrendatarios,P5140,250000.0,270000.0,2.0,-20000.0,-10000.0,True,True,True,True,True,True
5519,Arrendatarios,P5140,480000.0,500000.0,2.0,-20000.0,-10000.0,True,True,True,True,True,True
5520,Arrendatarios,P5140,360000.0,380000.0,2.0,-20000.0,-10000.0,True,True,True,True,True,True
5521,Arrendatarios,P5140,200000.0,220000.0,2.0,-20000.0,-10000.0,True,True,True,True,True,True
5522,Arrendatarios,P5140,180000.0,200000.0,4.0,-20000.0,-5000.0,True,True,True,True,True,True
5523,Arrendatarios,P5140,380000.0,400000.0,2.0,-20000.0,-10000.0,True,True,True,True,True,True
5524,Arrendatarios,P5140,580000.0,600000.0,2.0,-20000.0,-10000.0,True,True,True,True,True,True
5525,Arrendatarios,P5140,430000.0,450000.0,3.0,-20000.0,-6666.666666666667,True,True,True,True,True,True
5526,Arrendatarios,P5140,1200000.0,1220000.0,3.0,-20000.0,-6666.666666666667,True,True,True,True,True,True
5527,Arrendatarios,P5140,480000.0,500000.0,2.0,-20000.0,-10000.0,True,True,True,True,True,True
5528,Arrendatarios,P5140,480000.0,500000.0,2.0,-20000.0,-10000.0,True,True,True,True,True,True
5529,Arrendatarios,P5140,430000.0,450000.0,2.0,-20000.0,-10000.0,True,True,True,True,True,True
5530,Arrendatarios,P5140,600000.0,620000.0,1.0,-20000.0,-20000.0,True,True,True,True,True,True
5531,Arrendatarios,P5140,230000.0,250000.0,1.0,-20000.0,-20000.0,True,True,True,True,True,True
5532,Arrendatarios,P5140,330000.0,350000.0,2.0,-20000.0,-10000.0,True,True,True,True,True,True
5533,Arrendatarios,P5140,630000.0,650000.0,4.0,-20000.0,-5000.0,True,True,True,True,True,True
5534,Arrendatarios,P5140,80000.0,100000.0,1.0,-20000.0,-20000.0,True,True,True,True,True,True
5535,Arrendatarios,P5140,280000.0,300000.0,2.0,-20000.0,-10000.0,True,True,True,True,True,True
5536,Arrendatarios,P5140,180000.0,200000.0,2.0,-20000.0,-10000.0,True,True,True,True,True,True
5537,Arrendatarios,P5140,100000.0,120000.0,4.0,-20000.0,-5000.0,True,True,True,True,True,True
5538,Arrendatarios,P5140,1000000.0,1020000.0,1.0,-20000.0,-20000.0,True,True,True,True,True,True
5539,Arrendatarios,P5140,560000.0,580000.0,3.0,-20000.0,-6666.666666666667,True,True,True,True,True,True
5540,Arrendatarios,P5140,380000.0,400000.0,1.0,-20000.0,-20000.0,True,True,True,True,True,True
5541,Arrendatarios,P5140,1500000.0,1520000.0,5.0,-20000.0,-4000.0,True,True,True,True,True,True
5542,Arrendatarios,P5140,130000.0,150000.0,1.0,-20000.0,-20000.0,True,True,True,True,True,True
5543,Arrendatarios,P5140,580000.0,600000.0,2.0,-20000.0,-10000.0,True,True,True,True,True,True
5544,Arrendatarios,P5140,180000.0,200000.0,4.0,-20000.0,-5000.0,True,True,True,True,True,True
5545,Arrendatarios,P5140,1480000.0,1500000.0,1.0,-20000.0,-20000.0,True,True,True,True,True,True
5546,Arrendatarios,P5140,500000.0,520000.0,1.0,-20000.0,-20000.0,True,True,True,True,True,True
5547,Arrendatarios,P5140,580000.0,600000.0,3.0,-20000.0,-6666.666666666667,True,True,True,True,True,True
5548,Arrendatarios,P5140,100000.0,120000.0,1.0,-20000.0,-20000.0,True,True,True,True,True,True
5549,Arrendatarios,P5140,461250.0,480000.0,2.0,-18750.0,-9375.0,True,True,True,True,True,True
5550,Arrendatarios,P5140,281333.3333333334,300000.0,1.0,-18666.666666666628,-18666.666666666628,True,True,True,True,True,True
5551,Arrendatarios,P5140,581666.6666666666,600000.0,4.0,-18333.333333333372,-4583.333333333343,True,True,True,True,True,True
5552,Arrendatarios,P5140,541666.6666666666,560000.0,2.0,-18333.333333333372,-9166.666666666686,True,True,True,True,True,True
5553,Arrendatarios,P5140,731666.6666666666,750000.0,2.0,-18333.333333333372,-9166.666666666686,True,True,True,True,True,True
5554,Arrendatarios,P5140,482500.0,500000.0,2.0,-17500.0,-8750.0,True,True,True,True,True,True
5555,Arrendatarios,P5140,333000.0,350000.0,4.0,-17000.0,-4250.0,True,True,True,True,True,True
5556,Arrendatarios,P5140,583333.3333333333,600000.0,4.0,-16666.666666666744,-4166.666666666686,True,True,True,True,True,True
5557,Arrendatarios,P5140,833333.3333333333,850000.0,3.0,-16666.666666666744,-5555.555555555581,True,True,True,True,True,True
5558,Arrendatarios,P5140,933333.3333333333,950000.0,2.0,-16666.666666666744,-8333.333333333372,True,True,True,True,True,True
5559,Arrendatarios,P5140,583333.3333333333,600000.0,3.0,-16666.666666666744,-5555.555555555581,True,True,True,True,True,True
5560,Arrendatarios,P5140,333333.3333333333,350000.0,2.0,-16666.666666666686,-8333.333333333343,True,True,True,True,True,True
5561,Arrendatarios,P5140,333333.3333333333,350000.0,5.0,-16666.666666666686,-3333.333333333337,True,True,True,True,True,True
5562,Arrendatarios,P5140,233333.3333333333,250000.0,3.0,-16666.666666666686,-5555.555555555562,True,True,True,True,True,True
5563,Arrendatarios,P5140,483333.3333333333,500000.0,6.0,-16666.666666666686,-2777.777777777781,True,True,True,True,True,True
5564,Arrendatarios,P5140,333333.3333333333,350000.0,1.0,-16666.666666666686,-16666.666666666686,True,True,True,True,True,True
5565,Arrendatarios,P5140,283333.3333333333,300000.0,3.0,-16666.666666666686,-5555.555555555562,True,True,True,True,True,True
5566,Arrendatarios,P5140,333333.3333333333,350000.0,1.0,-16666.666666666686,-16666.666666666686,True,True,True,True,True,True
5567,Arrendatarios,P5140,333333.3333333333,350000.0,1.0,-16666.666666666686,-16666.666666666686,True,True,True,True,True,True
5568,Arrendatarios,P5140,483333.3333333333,500000.0,3.0,-16666.666666666686,-5555.555555555562,True,True,True,True,True,True
5569,Arrendatarios,P5140,283333.3333333333,300000.0,3.0,-16666.666666666686,-5555.555555555562,True,True,True,True,True,True
5570,Arrendatarios,P5140,283333.3333333333,300000.0,1.0,-16666.666666666686,-16666.666666666686,True,True,True,True,True,True
5571,Arrendatarios,P5140,483333.3333333333,500000.0,3.0,-16666.666666666686,-5555.555555555562,True,True,True,True,True,True
5572,Arrendatarios,P5140,433333.3333333333,450000.0,1.0,-16666.666666666686,-16666.666666666686,True,True,True,True,True,True
5573,Arrendatarios,P5140,433333.3333333333,450000.0,2.0,-16666.666666666686,-8333.333333333343,True,True,True,True,True,True
5574,Arrendatarios,P5140,333333.3333333333,350000.0,1.0,-16666.666666666686,-16666.666666666686,True,True,True,True,True,True
5575,Arrendatarios,P5140,333333.3333333333,350000.0,2.0,-16666.666666666686,-8333.333333333343,True,True,True,True,True,True
5576,Arrendatarios,P5140,283333.3333333333,300000.0,6.0,-16666.666666666686,-2777.777777777781,True,True,True,True,True,True
5577,Arrendatarios,P5140,333333.3333333333,350000.0,3.0,-16666.666666666686,-5555.555555555562,True,True,True,True,True,True
5578,Arrendatarios,P5140,363333.3333333333,380000.0,1.0,-16666.666666666686,-16666.666666666686,True,True,True,True,True,True
5579,Arrendatarios,P5140,483333.3333333333,500000.0,2.0,-16666.666666666686,-8333.333333333343,True,True,True,True,True,True
5580,Arrendatarios,P5140,333333.3333333333,350000.0,1.0,-16666.666666666686,-16666.666666666686,True,True,True,True,True,True
5581,Arrendatarios,P5140,333333.3333333333,350000.0,2.0,-16666.666666666686,-8333.333333333343,True,True,True,True,True,True
5582,Arrendatarios,P5140,483333.3333333333,500000.0,2.0,-16666.666666666686,-8333.333333333343,True,True,True,True,True,True
5583,Arrendatarios,P5140,483333.3333333333,500000.0,3.0,-16666.666666666686,-5555.555555555562,True,True,True,True,True,True
5584,Arrendatarios,P5140,383333.3333333333,400000.0,1.0,-16666.666666666686,-16666.666666666686,True,True,True,True,True,True
5585,Arrendatarios,P5140,483333.3333333333,500000.0,2.0,-16666.666666666686,-8333.333333333343,True,True,True,True,True,True
5586,Arrendatarios,P5140,283333.3333333333,300000.0,3.0,-16666.666666666686,-5555.555555555562,True,True,True,True,True,True
5587,Arrendatarios,P5140,333333.3333333333,350000.0,2.0,-16666.666666666686,-8333.333333333343,True,True,True,True,True,True
5588,Arrendatarios,P5140,333333.3333333333,350000.0,2.0,-16666.666666666686,-8333.333333333343,True,True,True,True,True,True
5589,Arrendatarios,P5140,283333.3333333333,300000.0,2.0,-16666.666666666686,-8333.333333333343,True,True,True,True,True,True
5590,Arrendatarios,P5140,133333.33333333334,150000.0,4.0,-16666.666666666657,-4166.666666666664,True,True,True,True,True,True
5591,Arrendatarios,P5140,133333.33333333334,150000.0,3.0,-16666.666666666657,-5555.555555555552,True,True,True,True,True,True
5592,Arrendatarios,P5140,183333.33333333334,200000.0,2.0,-16666.666666666657,-8333.333333333328,True,True,True,True,True,True
5593,Arrendatarios,P5140,183333.33333333334,200000.0,1.0,-16666.666666666657,-16666.666666666657,True,True,True,True,True,True
5594,Arrendatarios,P5140,233333.33333333334,250000.0,3.0,-16666.666666666657,-5555.555555555552,True,True,True,True,True,True
5595,Arrendatarios,P5140,183333.33333333334,200000.0,4.0,-16666.666666666657,-4166.666666666664,True,True,True,True,True,True
5596,Arrendatarios,P5140,833333.3333333334,850000.0,1.0,-16666.666666666628,-16666.666666666628,True,True,True,True,True,True
5597,Arrendatarios,P5140,583333.3333333334,600000.0,2.0,-16666.666666666628,-8333.333333333314,True,True,True,True,True,True
5598,Arrendatarios,P5140,683333.3333333334,700000.0,2.0,-16666.666666666628,-8333.333333333314,True,True,True,True,True,True
5599,Arrendatarios,P5140,583333.3333333334,600000.0,4.0,-16666.666666666628,-4166.666666666657,True,True,True,True,True,True
5600,Arrendatarios,P5140,733333.3333333334,750000.0,3.0,-16666.666666666628,-5555.555555555543,True,True,True,True,True,True
5601,Arrendatarios,P5140,883333.3333333334,900000.0,2.0,-16666.666666666628,-8333.333333333314,True,True,True,True,True,True
5602,Arrendatarios,P5140,433333.3333333334,450000.0,2.0,-16666.666666666628,-8333.333333333314,True,True,True,True,True,True
5603,Arrendatarios,P5140,583333.3333333334,600000.0,2.0,-16666.666666666628,-8333.333333333314,True,True,True,True,True,True
5604,Arrendatarios,P5140,683333.3333333334,700000.0,2.0,-16666.666666666628,-8333.333333333314,True,True,True,True,True,True
5605,Arrendatarios,P5140,583333.3333333334,600000.0,1.0,-16666.666666666628,-16666.666666666628,True,True,True,True,True,True
5606,Arrendatarios,P5140,320000.0,336000.0,1.0,-16000.0,-16000.0,True,True,True,True,True,True
5607,Propietarios que pagan su vivienda,P5100,700000.0,716000.0,3.0,-16000.0,-5333.333333333333,True,True,True,True,True,True
5608,Arrendatarios,P5140,185000.0,200000.0,1.0,-15000.0,-15000.0,True,True,True,True,True,True
5609,Arrendatarios,P5140,550000.0,565000.0,7.0,-15000.0,-2142.8571428571427,True,True,True,True,True,True
5610,Arrendatarios,P5140,546000.0,560000.0,1.0,-14000.0,-14000.0,True,True,True,True,True,True
5611,Arrendatarios,P5140,716666.6666666666,730000.0,3.0,-13333.333333333372,-4444.444444444457,True,True,True,True,True,True
5612,Arrendatarios,P5140,386666.6666666666,400000.0,3.0,-13333.333333333372,-4444.444444444457,True,True,True,True,True,True
5613,Arrendatarios,P5140,666666.6666666666,680000.0,2.0,-13333.333333333372,-6666.666666666686,True,True,True,True,True,True
5614,Arrendatarios,P5140,136666.66666666666,150000.0,2.0,-13333.333333333343,-6666.6666666666715,True,True,True,True,True,True
5615,Arrendatarios,P5140,66666.66666666667,80000.0,3.0,-13333.333333333328,-4444.4444444444425,True,True,True,True,True,True
5616,Arrendatarios,P5140,291666.6666666667,305000.0,1.0,-13333.333333333314,-13333.333333333314,True,True,True,True,True,True
5617,Arrendatarios,P5140,266666.6666666667,280000.0,1.0,-13333.333333333314,-13333.333333333314,True,True,True,True,True,True
5618,Propietarios que pagan su vivienda,P5100,477000.0,490000.0,1.0,-13000.0,-13000.0,True,True,True,True,True,True
5619,Arrendatarios,P5140,287500.0,300000.0,2.0,-12500.0,-6250.0,True,True,True,True,True,True
5620,Arrendatarios,P5140,588333.3333333333,600000.0,2.0,-11666.666666666744,-5833.333333333372,True,True,True,True,True,True
5621,Arrendatarios,P5140,488333.3333333333,500000.0,3.0,-11666.666666666686,-3888.8888888888955,True,True,True,True,True,True
5622,Arrendatarios,P5140,358333.3333333333,370000.0,4.0,-11666.666666666686,-2916.6666666666715,True,True,True,True,True,True
5623,Arrendatarios,P5140,208333.33333333334,220000.0,1.0,-11666.666666666657,-11666.666666666657,True,True,True,True,True,True
5624,Arrendatarios,P5140,288333.3333333334,300000.0,1.0,-11666.666666666628,-11666.666666666628,True,True,True,True,True,True
5625,Arrendatarios,P5140,240000.0,250000.0,3.0,-10000.0,-3333.3333333333335,True,True,True,True,True,True
5626,Arrendatarios,P5140,250000.0,260000.0,3.0,-10000.0,-3333.3333333333335,True,True,True,True,True,True
5627,Arrendatarios,P5140,150000.0,160000.0,2.0,-10000.0,-5000.0,True,True,True,True,True,True
5628,Arrendatarios,P5140,340000.0,350000.0,4.0,-10000.0,-2500.0,True,True,True,True,True,True
5629,Arrendatarios,P5140,440000.0,450000.0,3.0,-10000.0,-3333.3333333333335,True,True,True,True,True,True
5630,Arrendatarios,P5140,340000.0,350000.0,1.0,-10000.0,-10000.0,True,True,True,True,True,True
5631,Arrendatarios,P5140,240000.0,250000.0,3.0,-10000.0,-3333.3333333333335,True,True,True,True,True,True
5632,Propietarios que pagan su vivienda,P5100,350000.0,360000.0,2.0,-10000.0,-5000.0,True,True,True,True,True,True
5633,Arrendatarios,P5140,240000.0,250000.0,5.0,-10000.0,-2000.0,True,True,True,True,True,True
5634,Arrendatarios,P5140,140000.0,150000.0,1.0,-10000.0,-10000.0,True,True,True,True,True,True
5635,Arrendatarios,P5140,640000.0,650000.0,1.0,-10000.0,-10000.0,True,True,True,True,True,True
5636,Arrendatarios,P5140,490000.0,500000.0,2.0,-10000.0,-5000.0,True,True,True,True,True,True
5637,Arrendatarios,P5140,640000.0,650000.0,3.0,-10000.0,-3333.3333333333335,True,True,True,True,True,True
5638,Arrendatarios,P5140,440000.0,450000.0,3.0,-10000.0,-3333.3333333333335,True,True,True,True,True,True
5639,Arrendatarios,P5140,440000.0,450000.0,2.0,-10000.0,-5000.0,True,True,True,True,True,True
5640,Arrendatarios,P5140,340000.0,350000.0,1.0,-10000.0,-10000.0,True,True,True,True,True,True
5641,Arrendatarios,P5140,270833.3333333333,280000.0,3.0,-9166.666666666686,-3055.555555555562,True,True,True,True,True,True
5642,Arrendatarios,P5140,641666.6666666666,650000.0,1.0,-8333.333333333372,-8333.333333333372,True,True,True,True,True,True
5643,Arrendatarios,P5140,791666.6666666666,800000.0,2.0,-8333.333333333372,-4166.666666666686,True,True,True,True,True,True
5644,Arrendatarios,P5140,541666.6666666666,550000.0,1.0,-8333.333333333372,-8333.333333333372,True,True,True,True,True,True
5645,Arrendatarios,P5140,741666.6666666666,750000.0,2.0,-8333.333333333372,-4166.666666666686,True,True,True,True,True,True
5646,Arrendatarios,P5140,391666.6666666666,400000.0,3.0,-8333.333333333372,-2777.7777777777906,True,True,True,True,True,True
5647,Arrendatarios,P5140,841666.6666666666,850000.0,1.0,-8333.333333333372,-8333.333333333372,True,True,True,True,True,True
5648,Arrendatarios,P5140,141666.66666666666,150000.0,1.0,-8333.333333333343,-8333.333333333343,True,True,True,True,True,True
5649,Arrendatarios,P5140,241666.66666666666,250000.0,2.0,-8333.333333333343,-4166.6666666666715,True,True,True,True,True,True
5650,Arrendatarios,P5140,121666.66666666666,130000.0,2.0,-8333.333333333343,-4166.6666666666715,True,True,True,True,True,True
5651,Arrendatarios,P5140,141666.66666666666,150000.0,3.0,-8333.333333333343,-2777.777777777781,True,True,True,True,True,True
5652,Arrendatarios,P5140,241666.66666666666,250000.0,1.0,-8333.333333333343,-8333.333333333343,True,True,True,True,True,True
5653,Arrendatarios,P5140,191666.66666666666,200000.0,2.0,-8333.333333333343,-4166.6666666666715,True,True,True,True,True,True
5654,Arrendatarios,P5140,191666.66666666666,200000.0,3.0,-8333.333333333343,-2777.777777777781,True,True,True,True,True,True
5655,Arrendatarios,P5140,291666.6666666667,300000.0,1.0,-8333.333333333314,-8333.333333333314,True,True,True,True,True,True
5656,Arrendatarios,P5140,441666.6666666667,450000.0,3.0,-8333.333333333314,-2777.7777777777715,True,True,True,True,True,True
5657,Arrendatarios,P5140,291666.6666666667,300000.0,2.0,-8333.333333333314,-4166.666666666657,True,True,True,True,True,True
5658,Arrendatarios,P5140,341666.6666666667,350000.0,1.0,-8333.333333333314,-8333.333333333314,True,True,True,True,True,True
5659,Arrendatarios,P5140,441666.6666666667,450000.0,1.0,-8333.333333333314,-8333.333333333314,True,True,True,True,True,True
5660,Arrendatarios,P5140,191666.6666666667,200000.0,1.0,-8333.333333333314,-8333.333333333314,True,True,True,True,True,True
5661,Arrendatarios,P5140,291666.6666666667,300000.0,4.0,-8333.333333333314,-2083.3333333333285,True,True,True,True,True,True
5662,Arrendatarios,P5140,341666.6666666667,350000.0,7.0,-8333.333333333314,-1190.4761904761876,True,True,True,True,True,True
5663,Arrendatarios,P5140,191666.6666666667,200000.0,1.0,-8333.333333333314,-8333.333333333314,True,True,True,True,True,True
5664,Arrendatarios,P5140,491666.6666666667,500000.0,3.0,-8333.333333333314,-2777.7777777777715,True,True,True,True,True,True
5665,Arrendatarios,P5140,141666.6666666667,150000.0,4.0,-8333.333333333314,-2083.3333333333285,True,True,True,True,True,True
5666,Arrendatarios,P5140,291666.6666666667,300000.0,1.0,-8333.333333333314,-8333.333333333314,True,True,True,True,True,True
5667,Arrendatarios,P5140,191666.6666666667,200000.0,2.0,-8333.333333333314,-4166.666666666657,True,True,True,True,True,True
5668,Arrendatarios,P5140,641666.6666666667,650000.0,4.0,-8333.333333333256,-2083.333333333314,True,True,True,True,True,True
5669,Arrendatarios,P5140,992416.6666666667,1000000.0,2.0,-7583.333333333256,-3791.666666666628,True,True,True,True,True,True
5670,Arrendatarios,P5140,392500.0,400000.0,2.0,-7500.0,-3750.0,True,True,True,True,True,True
5671,Arrendatarios,P5140,483333.3333333333,490000.0,1.0,-6666.666666666686,-6666.666666666686,True,True,True,True,True,True
5672,Arrendatarios,P5140,393333.3333333333,400000.0,2.0,-6666.666666666686,-3333.333333333343,True,True,True,True,True,True
5673,Arrendatarios,P5140,343333.3333333333,350000.0,3.0,-6666.666666666686,-2222.2222222222285,True,True,True,True,True,True
5674,Arrendatarios,P5140,1494333.3333333333,1500000.0,1.0,-5666.666666666744,-5666.666666666744,True,True,True,True,True,True
5675,Arrendatarios,P5140,345000.0,350000.0,3.0,-5000.0,-1666.6666666666667,True,True,True,True,True,True
5676,Arrendatarios,P5140,425000.0,430000.0,4.0,-5000.0,-1250.0,True,True,True,True,True,True
5677,Arrendatarios,P5140,275000.0,280000.0,1.0,-5000.0,-5000.0,True,True,True,True,True,True
5678,Arrendatarios,P5140,580000.0,585000.0,2.0,-5000.0,-2500.0,True,True,True,True,True,True
5679,Arrendatarios,P5140,145833.33333333334,150000.0,3.0,-4166.666666666657,-1388.8888888888857,True,True,True,True,True,True
5680,Arrendatarios,P5140,996666.6666666666,1000000.0,5.0,-3333.333333333372,-666.6666666666745,True,True,True,True,True,True
5681,Arrendatarios,P5140,166666.66666666666,170000.0,3.0,-3333.333333333343,-1111.1111111111143,True,True,True,True,True,True
5682,Arrendatarios,P5140,366666.6666666667,370000.0,5.0,-3333.333333333314,-666.6666666666628,True,True,True,True,True,True
5683,Arrendatarios,P5140,346666.6666666667,350000.0,2.0,-3333.333333333314,-1666.666666666657,True,True,True,True,True,True
5684,Arrendatarios,P5140,348333.3333333334,350000.0,2.0,-1666.6666666666279,-833.3333333333139,True,True,True,True,True,True
5685,Arrendatarios,P5140,499999.99999999994,500000.0,2.0,-5.820766091346741e-11,-2.9103830456733704e-11,True,True,True,True,True,True
5686,Arrendatarios,P5140,499999.99999999994,500000.0,3.0,-5.820766091346741e-11,-1.9402553637822468e-11,True,True,True,True,True,True
